match_id,Date,Season,HomeTeam,AwayTeam,home_avg_goals_scored,home_avg_goals_conceded,home_avg_shots,home_avg_shots_on_target,home_form_points_last5,away_avg_goals_scored,away_avg_goals_conceded,away_avg_shots,away_avg_shots_on_target,away_form_points_last5,FTR
49,2000-09-16,2000-01,Sunderland,Derby,0.8,1.8,9.6,3.4,4.0,2.2,2.4,8.8,4.8,4.0,H
51,2000-09-16,2000-01,Everton,Man United,1.8,1.6,12.0,7.6,7.0,2.8,0.6,15.6,7.8,11.0,A
52,2000-09-16,2000-01,Southampton,Newcastle,1.4,1.8,11.8,5.0,3.0,1.4,0.8,11.2,5.2,10.0,H
54,2000-09-16,2000-01,Arsenal,Coventry,2.0,1.4,16.0,8.8,8.0,1.0,1.4,8.8,4.0,7.0,H
55,2000-09-16,2000-01,Charlton,Tottenham,2.0,2.2,10.0,6.8,5.0,1.6,1.2,13.4,5.2,10.0,H
56,2000-09-17,2000-01,Chelsea,Leicester,1.4,1.4,12.8,6.2,6.0,0.8,0.2,10.2,5.2,11.0,A
57,2000-09-17,2000-01,Man City,Middlesbrough,1.8,2.4,10.8,5.8,6.0,1.8,1.8,11.4,6.4,5.0,D
58,2000-09-17,2000-01,West Ham,Liverpool,1.0,1.8,14.6,7.8,2.0,2.0,1.6,11.4,6.6,10.0,D
59,2000-09-23,2000-01,Tottenham,Man City,1.0,1.2,11.4,5.0,7.0,2.0,1.8,11.4,5.8,7.0,D
60,2000-09-23,2000-01,Newcastle,Charlton,1.4,0.8,11.4,5.4,10.0,1.4,2.2,8.4,5.0,5.0,A
61,2000-09-23,2000-01,Middlesbrough,Aston Villa,1.4,1.8,9.0,5.0,3.0,1.2,1.0,8.6,5.0,8.0,D
62,2000-09-23,2000-01,Man United,Chelsea,3.0,0.8,15.2,7.8,11.0,0.6,1.4,12.6,6.2,3.0,D
63,2000-09-23,2000-01,Ipswich,Arsenal,1.2,1.2,12.2,5.6,7.0,2.4,1.4,16.8,10.0,11.0,D
64,2000-09-23,2000-01,Derby,Leeds,2.0,2.4,9.6,5.0,3.0,1.2,1.0,12.2,6.2,7.0,D
65,2000-09-23,2000-01,Coventry,West Ham,1.0,1.2,8.8,3.8,7.0,0.8,1.2,15.2,7.6,3.0,A
66,2000-09-23,2000-01,Bradford,Southampton,0.6,1.8,8.6,4.0,5.0,1.4,1.4,11.8,5.6,5.0,A
67,2000-09-23,2000-01,Liverpool,Sunderland,2.0,1.8,9.6,5.0,8.0,1.0,2.0,11.0,4.6,4.0,D
68,2000-09-24,2000-01,Leicester,Everton,1.2,0.2,10.6,5.4,13.0,2.0,1.8,10.8,7.2,7.0,D
69,2000-09-30,2000-01,Man City,Newcastle,1.2,1.4,9.8,4.2,5.0,0.8,0.6,12.0,5.6,7.0,A
70,2000-09-30,2000-01,Southampton,Middlesbrough,1.4,1.0,10.6,5.6,8.0,1.4,1.8,9.0,4.8,3.0,A
71,2000-09-30,2000-01,Leeds,Tottenham,1.0,1.2,12.0,5.8,5.0,0.8,1.0,12.8,5.2,7.0,H
72,2000-09-30,2000-01,West Ham,Bradford,1.4,1.0,14.2,7.2,6.0,0.2,2.0,9.0,4.6,2.0,D
73,2000-09-30,2000-01,Charlton,Coventry,1.6,1.6,7.6,4.6,8.0,0.6,1.6,9.2,3.2,4.0,D
74,2000-09-30,2000-01,Everton,Ipswich,1.6,2.0,10.0,6.2,5.0,1.2,1.2,13.0,5.2,7.0,A
75,2000-09-30,2000-01,Aston Villa,Derby,1.4,1.2,10.6,5.8,8.0,1.8,2.0,10.2,5.4,4.0,H
76,2000-10-01,2000-01,Arsenal,Man United,2.2,1.6,15.4,8.4,9.0,3.4,1.2,14.4,7.6,11.0,H
77,2000-10-01,2000-01,Chelsea,Liverpool,1.2,1.6,12.4,6.0,4.0,2.2,1.6,10.4,5.4,9.0,H
78,2000-10-01,2000-01,Sunderland,Leicester,0.8,1.4,10.8,4.4,5.0,1.2,0.4,11.8,5.8,11.0,D
79,2000-10-14,2000-01,Sunderland,Chelsea,0.8,1.2,11.2,4.8,6.0,1.6,1.4,12.4,5.6,6.0,H
80,2000-10-14,2000-01,Man City,Bradford,1.0,1.2,8.8,4.6,5.0,0.4,2.2,9.2,5.0,2.0,H
81,2000-10-14,2000-01,Leicester,Man United,1.2,0.4,10.8,4.6,11.0,3.0,1.0,15.4,7.4,10.0,A
82,2000-10-14,2000-01,Leeds,Charlton,1.4,1.6,11.6,5.0,5.0,1.4,1.0,8.6,5.4,9.0,H
83,2000-10-14,2000-01,Everton,Southampton,1.2,2.2,9.0,5.0,4.0,1.0,1.0,11.0,5.8,7.0,D
84,2000-10-14,2000-01,Coventry,Tottenham,0.6,1.8,9.4,2.8,2.0,1.4,1.4,12.8,5.8,7.0,H
85,2000-10-14,2000-01,Arsenal,Aston Villa,1.4,1.0,13.2,7.6,9.0,2.0,1.2,10.6,5.4,10.0,H
86,2000-10-14,2000-01,Ipswich,West Ham,1.6,1.2,12.0,5.6,7.0,1.2,0.8,13.6,6.8,6.0,D
87,2000-10-15,2000-01,Derby,Liverpool,1.6,2.4,11.0,5.8,3.0,1.6,1.6,10.6,5.0,8.0,A
88,2000-10-16,2000-01,Middlesbrough,Newcastle,1.8,1.6,7.4,4.2,6.0,0.6,0.6,12.0,6.2,7.0,A
89,2000-10-21,2000-01,Newcastle,Everton,0.8,0.8,12.4,6.6,7.0,1.0,1.8,8.2,4.4,5.0,A
90,2000-10-21,2000-01,West Ham,Arsenal,1.2,0.8,11.8,5.4,6.0,1.2,0.6,13.8,8.6,11.0,A
91,2000-10-21,2000-01,Tottenham,Derby,1.0,1.4,11.4,5.4,4.0,1.0,2.6,10.4,4.8,2.0,H
92,2000-10-21,2000-01,Man United,Leeds,2.4,1.0,14.4,6.0,10.0,1.8,1.4,14.8,6.8,8.0,H
93,2000-10-21,2000-01,Liverpool,Leicester,1.8,1.4,11.6,5.8,8.0,0.8,0.8,10.4,4.2,8.0,H
94,2000-10-21,2000-01,Chelsea,Coventry,1.2,1.2,12.2,5.0,5.0,1.0,1.6,6.8,3.2,5.0,H
95,2000-10-21,2000-01,Charlton,Middlesbrough,1.4,1.4,9.0,5.8,8.0,1.4,1.6,8.0,3.8,5.0,H
96,2000-10-21,2000-01,Bradford,Ipswich,0.4,1.4,10.0,4.6,2.0,1.6,1.0,12.8,6.6,8.0,A
97,2000-10-22,2000-01,Aston Villa,Sunderland,1.8,0.8,10.4,5.2,10.0,0.8,1.0,11.0,5.6,8.0,D
98,2000-10-23,2000-01,Southampton,Man City,1.0,1.0,10.2,6.0,7.0,1.0,1.0,9.8,6.0,5.0,A
99,2000-10-28,2000-01,West Ham,Newcastle,1.4,1.0,11.8,5.0,6.0,0.8,1.0,12.6,6.6,6.0,H
100,2000-10-28,2000-01,Sunderland,Coventry,0.8,0.4,11.4,6.0,9.0,1.2,2.8,5.6,3.6,4.0,H
101,2000-10-28,2000-01,Man United,Southampton,2.4,1.0,16.6,7.4,10.0,1.0,1.2,12.2,6.2,7.0,H
102,2000-10-28,2000-01,Leicester,Derby,0.6,1.0,8.6,3.6,5.0,0.8,2.8,9.6,5.0,1.0,H
103,2000-10-28,2000-01,Chelsea,Tottenham,2.4,1.4,16.8,8.2,7.0,1.4,1.6,12.0,5.6,4.0,H
104,2000-10-28,2000-01,Aston Villa,Charlton,1.4,0.6,12.8,5.6,8.0,1.2,1.0,8.0,5.0,10.0,H
105,2000-10-28,2000-01,Arsenal,Man City,1.4,0.6,12.8,7.4,13.0,1.0,0.4,10.2,5.4,8.0,H
106,2000-10-28,2000-01,Ipswich,Middlesbrough,1.8,0.6,12.2,6.2,11.0,1.2,1.4,7.8,4.0,5.0,H
107,2000-10-29,2000-01,Bradford,Leeds,0.2,1.6,9.6,4.2,1.0,1.8,2.0,13.6,5.8,7.0,D
108,2000-10-29,2000-01,Liverpool,Everton,1.4,1.0,13.6,6.4,8.0,0.8,1.6,7.6,3.4,5.0,H
109,2000-11-04,2000-01,Middlesbrough,Arsenal,1.2,1.6,8.4,4.2,4.0,2.0,0.4,13.6,7.6,13.0,A
110,2000-11-04,2000-01,Southampton,Chelsea,0.6,2.2,12.0,5.4,4.0,3.0,1.0,15.4,7.6,10.0,H
111,2000-11-04,2000-01,Newcastle,Ipswich,0.8,0.8,13.0,6.2,6.0,1.8,0.6,13.6,7.0,11.0,H
112,2000-11-04,2000-01,Tottenham,Sunderland,1.4,2.0,11.2,5.2,4.0,0.6,0.2,10.6,5.8,9.0,H
113,2000-11-04,2000-01,Man City,Leicester,0.8,1.2,9.2,5.0,7.0,0.6,1.2,9.0,3.6,5.0,A
114,2000-11-04,2000-01,Coventry,Man United,1.0,2.6,6.4,4.0,4.0,2.8,0.8,16.4,7.2,10.0,A
115,2000-11-04,2000-01,Leeds,Liverpool,1.8,1.8,13.8,6.4,8.0,1.8,1.0,14.2,7.6,10.0,H
116,2000-11-04,2000-01,Charlton,Bradford,1.2,1.4,7.6,4.8,7.0,0.4,1.4,10.2,4.6,2.0,H
117,2000-11-05,2000-01,Everton,Aston Villa,0.8,1.6,8.2,4.0,5.0,1.4,0.8,12.8,5.6,8.0,A
118,2000-11-06,2000-01,Derby,West Ham,0.8,2.8,9.0,4.4,1.0,1.4,0.8,11.0,5.0,8.0,D
119,2000-11-11,2000-01,Man United,Middlesbrough,2.6,0.4,16.4,7.4,12.0,1.0,1.6,6.8,3.8,3.0,H
120,2000-11-11,2000-01,West Ham,Man City,0.8,0.8,9.8,4.2,6.0,0.8,1.4,10.6,5.2,6.0,H
121,2000-11-11,2000-01,Sunderland,Southampton,0.6,0.4,11.4,5.8,8.0,1.0,2.6,12.8,5.4,4.0,D
122,2000-11-11,2000-01,Leicester,Newcastle,0.6,1.0,7.6,3.2,7.0,1.2,0.8,12.8,6.4,9.0,D
123,2000-11-11,2000-01,Bradford,Everton,0.4,1.6,9.8,5.0,2.0,0.6,1.6,9.2,4.6,4.0,A
124,2000-11-11,2000-01,Aston Villa,Tottenham,1.4,0.6,10.6,4.4,10.0,1.8,2.2,9.8,5.4,6.0,H
125,2000-11-11,2000-01,Arsenal,Derby,2.0,0.2,13.8,8.4,15.0,0.6,2.6,9.2,3.4,1.0,D
126,2000-11-11,2000-01,Ipswich,Charlton,1.8,0.8,11.8,6.8,10.0,1.4,1.4,9.0,5.8,7.0,H
127,2000-11-12,2000-01,Chelsea,Leeds,2.8,1.0,14.6,7.4,9.0,2.4,2.2,12.6,6.6,10.0,D
128,2000-11-12,2000-01,Liverpool,Coventry,2.2,1.6,14.8,8.0,9.0,1.2,2.4,5.4,4.0,4.0,H
129,2000-11-18,2000-01,Man City,Man United,1.0,2.0,10.8,4.8,6.0,3.0,0.4,17.4,8.8,15.0,A
130,2000-11-18,2000-01,Newcastle,Sunderland,1.2,1.0,11.2,4.8,7.0,1.0,0.8,11.4,5.8,8.0,A
131,2000-11-18,2000-01,Middlesbrough,Leicester,0.6,1.8,6.4,3.0,0.0,0.8,1.2,7.6,3.6,7.0,A
132,2000-11-18,2000-01,Southampton,Aston Villa,1.2,2.4,11.6,4.8,5.0,1.0,0.4,10.4,4.2,10.0,H
133,2000-11-18,2000-01,Leeds,West Ham,1.8,1.8,12.0,5.8,8.0,1.4,0.8,11.4,5.2,8.0,A
134,2000-11-18,2000-01,Derby,Bradford,0.4,1.8,8.8,2.6,2.0,0.2,1.6,10.2,5.0,1.0,H
135,2000-11-18,2000-01,Charlton,Chelsea,1.0,1.4,8.0,5.0,6.0,2.4,1.2,14.8,7.8,7.0,H
136,2000-11-18,2000-01,Everton,Arsenal,0.8,1.0,9.6,4.8,7.0,1.8,0.2,15.4,9.2,13.0,H
137,2000-11-19,2000-01,Tottenham,Liverpool,1.2,1.8,8.4,4.8,6.0,3.0,1.2,16.6,10.2,12.0,H
138,2000-11-20,2000-01,Coventry,Ipswich,1.0,2.8,5.4,3.8,3.0,1.6,0.8,16.0,8.0,10.0,A
139,2000-11-25,2000-01,Tottenham,Leicester,1.4,1.6,8.8,4.6,9.0,1.4,0.6,7.4,4.2,10.0,H
140,2000-11-25,2000-01,Southampton,West Ham,1.4,2.2,11.6,4.6,7.0,1.4,0.6,10.8,5.4,10.0,A
141,2000-11-25,2000-01,Middlesbrough,Bradford,0.4,1.8,7.0,3.4,0.0,0.2,1.6,9.6,5.4,1.0,D
142,2000-11-25,2000-01,Man City,Ipswich,0.6,2.2,10.2,3.6,3.0,1.6,0.6,15.8,7.2,12.0,A
143,2000-11-25,2000-01,Everton,Chelsea,1.0,0.8,9.0,4.6,9.0,2.4,1.4,15.2,8.0,7.0,H
144,2000-11-25,2000-01,Coventry,Aston Villa,0.6,2.8,7.8,3.8,0.0,1.0,0.6,10.6,4.2,10.0,D
145,2000-11-25,2000-01,Charlton,Sunderland,1.2,0.8,8.0,4.6,9.0,1.2,1.0,10.0,4.8,8.0,A
146,2000-11-25,2000-01,Derby,Man United,0.8,1.0,9.0,3.2,5.0,2.6,0.4,15.8,8.6,15.0,A
147,2000-11-26,2000-01,Leeds,Arsenal,1.2,1.8,10.6,5.0,5.0,1.6,0.6,13.0,7.6,10.0,H
148,2000-11-26,2000-01,Newcastle,Liverpool,0.8,1.2,12.0,5.0,4.0,2.4,1.6,15.2,8.8,9.0,H
149,2000-12-02,2000-01,Man United,Tottenham,2.6,0.4,13.0,7.2,15.0,1.4,1.4,8.2,4.4,9.0,H
150,2000-12-02,2000-01,West Ham,Middlesbrough,1.8,0.6,11.4,6.4,13.0,0.8,2.0,8.2,4.0,1.0,H
151,2000-12-02,2000-01,Leicester,Leeds,1.4,1.0,8.0,4.6,10.0,1.4,1.2,12.0,6.2,8.0,H
152,2000-12-02,2000-01,Liverpool,Charlton,2.4,2.0,13.0,8.4,6.0,1.0,1.0,9.0,4.6,6.0,H
153,2000-12-02,2000-01,Bradford,Coventry,0.6,1.6,10.0,5.8,2.0,0.6,1.8,9.2,3.6,1.0,H
154,2000-12-02,2000-01,Ipswich,Derby,1.8,1.0,15.6,7.4,12.0,0.6,1.0,7.6,1.8,5.0,A
155,2000-12-02,2000-01,Aston Villa,Newcastle,1.2,0.8,8.6,4.2,10.0,1.2,1.2,11.6,5.4,7.0,D
156,2000-12-02,2000-01,Arsenal,Southampton,1.2,0.6,12.2,7.2,7.0,1.8,2.4,9.8,4.4,7.0,H
157,2000-12-03,2000-01,Chelsea,Man City,1.4,1.6,10.6,5.4,4.0,0.6,2.8,9.8,3.6,0.0,H
158,2000-12-04,2000-01,Sunderland,Everton,1.4,1.0,10.2,4.8,10.0,1.2,1.0,9.4,4.8,9.0,H
159,2000-12-09,2000-01,West Ham,Aston Villa,1.8,0.6,12.0,6.8,13.0,1.0,0.8,7.8,3.6,8.0,D
160,2000-12-09,2000-01,Sunderland,Middlesbrough,1.6,1.0,12.8,5.6,10.0,0.6,1.8,7.8,4.0,1.0,H
161,2000-12-09,2000-01,Southampton,Leeds,1.8,1.6,8.8,4.4,7.0,1.4,1.6,12.0,5.2,7.0,H
162,2000-12-09,2000-01,Man City,Everton,0.8,2.2,10.8,4.2,0.0,1.0,0.8,9.0,3.8,9.0,H
163,2000-12-09,2000-01,Chelsea,Derby,1.2,1.8,10.6,5.4,4.0,0.6,0.6,6.8,2.0,8.0,H
164,2000-12-09,2000-01,Charlton,Man United,0.8,1.2,9.0,4.2,6.0,2.0,0.4,13.0,7.2,15.0,D
165,2000-12-09,2000-01,Bradford,Tottenham,0.8,1.6,9.8,5.8,4.0,1.4,1.2,8.0,4.4,9.0,D
166,2000-12-09,2000-01,Arsenal,Newcastle,0.4,0.6,12.6,6.8,7.0,1.4,1.2,11.0,5.4,8.0,H
167,2000-12-10,2000-01,Coventry,Leicester,0.8,2.0,9.8,4.2,1.0,1.6,1.0,7.8,4.6,10.0,H
168,2000-12-10,2000-01,Liverpool,Ipswich,2.4,1.8,13.6,7.4,6.0,1.4,1.0,14.0,6.2,9.0,A
169,2000-12-16,2000-01,Newcastle,Bradford,1.0,2.0,9.4,4.4,5.0,1.4,1.8,10.0,5.4,5.0,H
170,2000-12-16,2000-01,Middlesbrough,Chelsea,0.6,1.8,8.6,4.4,1.0,1.6,1.4,12.6,6.6,7.0,H
171,2000-12-16,2000-01,Leicester,Charlton,1.4,1.2,8.4,4.4,7.0,1.0,1.8,9.8,4.4,4.0,H
172,2000-12-16,2000-01,Leeds,Sunderland,0.6,1.2,12.6,4.8,4.0,1.6,0.6,12.0,6.0,13.0,H
173,2000-12-16,2000-01,Ipswich,Southampton,1.4,0.6,14.6,6.4,12.0,1.4,1.2,9.2,4.2,7.0,H
174,2000-12-16,2000-01,Everton,West Ham,1.0,1.6,9.0,3.4,9.0,2.0,0.8,13.4,6.6,13.0,D
175,2000-12-16,2000-01,Derby,Coventry,0.8,1.4,5.0,2.2,7.0,0.8,1.6,11.4,4.8,4.0,H
176,2000-12-16,2000-01,Aston Villa,Man City,1.0,1.0,10.0,4.2,6.0,1.8,2.0,10.6,5.4,3.0,D
177,2000-12-17,2000-01,Man United,Liverpool,2.2,0.8,13.8,7.6,13.0,1.8,1.2,13.6,6.8,6.0,A
178,2000-12-18,2000-01,Tottenham,Arsenal,1.6,1.6,7.0,4.0,7.0,1.2,0.6,13.4,7.2,7.0,D
179,2000-12-22,2000-01,Coventry,Southampton,0.6,1.0,12.2,4.8,4.0,1.2,1.4,9.8,4.0,6.0,D
180,2000-12-23,2000-01,Tottenham,Middlesbrough,1.8,1.4,8.0,4.4,8.0,0.6,1.4,9.0,5.0,4.0,D
181,2000-12-23,2000-01,Sunderland,Man City,1.2,0.6,13.2,6.2,12.0,2.0,1.6,10.4,5.2,4.0,H
182,2000-12-23,2000-01,Man United,Ipswich,1.8,0.8,11.4,6.2,10.0,1.6,0.8,11.6,5.2,12.0,H
183,2000-12-23,2000-01,Liverpool,Arsenal,1.2,1.0,11.6,5.0,6.0,1.4,0.8,13.8,7.4,7.0,H
184,2000-12-23,2000-01,Leeds,Aston Villa,0.8,1.0,13.8,5.8,6.0,1.0,1.4,9.8,4.0,4.0,A
185,2000-12-23,2000-01,Derby,Newcastle,1.0,1.4,4.0,2.4,9.0,1.2,2.0,11.4,5.4,7.0,H
186,2000-12-23,2000-01,Chelsea,Bradford,1.4,1.4,12.0,5.8,6.0,1.6,2.0,9.2,4.8,5.0,H
187,2000-12-23,2000-01,Charlton,Everton,1.2,2.0,10.8,5.2,4.0,1.0,1.8,10.2,3.6,7.0,H
188,2000-12-23,2000-01,Leicester,West Ham,1.8,1.2,8.6,4.6,9.0,1.4,0.8,10.8,5.2,11.0,H
189,2000-12-26,2000-01,Middlesbrough,Liverpool,0.6,0.8,7.8,4.2,5.0,1.8,0.6,12.2,5.4,9.0,H
190,2000-12-26,2000-01,Newcastle,Leeds,1.0,2.0,9.2,4.4,7.0,1.0,1.2,13.8,5.6,6.0,H
191,2000-12-26,2000-01,West Ham,Charlton,1.4,1.2,12.2,5.4,8.0,1.0,2.0,10.8,5.4,4.0,H
192,2000-12-26,2000-01,Man City,Derby,2.0,1.6,10.2,5.0,4.0,1.0,1.4,4.2,2.8,9.0,D
193,2000-12-26,2000-01,Aston Villa,Man United,1.4,1.2,9.6,4.4,7.0,2.0,0.8,13.8,6.2,10.0,A
194,2000-12-26,2000-01,Everton,Coventry,0.6,2.0,11.4,4.0,4.0,0.8,1.0,12.2,4.8,5.0,A
195,2000-12-26,2000-01,Bradford,Sunderland,1.6,2.2,9.2,4.2,5.0,1.0,0.4,13.2,6.0,12.0,A
196,2000-12-26,2000-01,Arsenal,Leicester,1.4,1.2,15.4,8.2,7.0,1.6,1.4,9.0,4.4,9.0,H
197,2000-12-26,2000-01,Ipswich,Chelsea,1.4,1.2,10.6,5.0,9.0,2.0,1.0,12.8,6.8,9.0,D
198,2000-12-27,2000-01,Southampton,Tottenham,1.0,1.6,10.4,3.8,4.0,1.4,1.2,10.0,5.2,6.0,H
199,2000-12-30,2000-01,Arsenal,Sunderland,2.6,1.2,19.0,10.6,10.0,1.6,0.6,14.8,7.6,12.0,D
200,2000-12-30,2000-01,Ipswich,Tottenham,1.2,1.2,12.2,6.8,7.0,0.8,1.6,8.4,4.2,3.0,H
201,2000-12-30,2000-01,Man City,Charlton,1.6,1.0,11.4,5.6,5.0,1.0,2.8,11.2,6.6,4.0,A
202,2000-12-30,2000-01,Middlesbrough,Coventry,0.4,0.4,6.4,2.8,7.0,1.0,1.0,12.2,5.4,7.0,D
203,2000-12-30,2000-01,Newcastle,Man United,1.0,2.0,10.0,4.0,7.0,1.6,0.8,14.2,5.4,10.0,D
204,2000-12-30,2000-01,Southampton,Derby,1.0,1.0,11.8,4.0,7.0,1.0,0.8,6.8,3.4,10.0,H
205,2001-01-01,2000-01,Sunderland,Ipswich,1.6,1.0,12.8,6.8,10.0,1.8,1.0,13.6,7.6,10.0,H
206,2001-01-01,2000-01,Man United,West Ham,1.4,1.0,12.6,5.0,8.0,1.8,0.8,12.8,5.8,8.0,H
207,2001-01-01,2000-01,Liverpool,Southampton,1.6,0.4,11.8,4.6,9.0,1.2,0.8,12.4,4.0,10.0,H
208,2001-01-01,2000-01,Leeds,Middlesbrough,1.0,1.6,13.0,5.4,3.0,0.6,0.4,8.2,3.4,8.0,D
209,2001-01-01,2000-01,Leicester,Bradford,1.8,2.0,7.2,3.8,9.0,1.4,2.6,9.6,3.8,4.0,A
210,2001-01-01,2000-01,Coventry,Man City,1.0,0.8,11.4,4.6,8.0,1.6,1.4,10.8,4.8,5.0,D
211,2001-01-01,2000-01,Chelsea,Aston Villa,2.2,1.0,12.2,6.4,10.0,1.2,1.2,9.4,4.2,6.0,H
212,2001-01-01,2000-01,Charlton,Arsenal,1.8,2.4,12.4,7.8,7.0,2.8,1.6,17.6,10.0,8.0,H
213,2001-01-01,2000-01,Derby,Everton,0.8,1.0,8.0,3.8,7.0,0.4,2.2,12.6,4.8,1.0,H
214,2001-01-02,2000-01,Tottenham,Newcastle,0.8,1.8,8.6,4.2,3.0,1.0,2.0,11.0,3.8,7.0,H
215,2001-01-13,2000-01,West Ham,Sunderland,1.8,1.4,11.8,5.6,5.0,2.2,1.2,14.4,7.6,10.0,A
216,2001-01-13,2000-01,Southampton,Charlton,1.2,1.2,11.4,4.0,7.0,1.4,1.8,11.2,7.0,9.0,D
217,2001-01-13,2000-01,Newcastle,Coventry,1.4,1.8,12.2,4.4,7.0,1.0,1.0,12.8,5.4,6.0,H
218,2001-01-13,2000-01,Middlesbrough,Derby,0.8,0.4,7.6,3.0,9.0,0.8,0.2,8.4,3.8,10.0,H
219,2001-01-13,2000-01,Everton,Tottenham,0.4,2.0,13.0,5.6,1.0,1.0,1.6,10.6,5.4,5.0,D
220,2001-01-13,2000-01,Bradford,Man United,1.4,2.6,9.2,3.4,4.0,1.4,0.6,14.6,5.8,10.0,A
221,2001-01-13,2000-01,Aston Villa,Liverpool,1.0,1.2,9.2,4.0,5.0,1.4,0.6,12.4,5.6,9.0,A
222,2001-01-13,2000-01,Arsenal,Chelsea,1.8,1.8,16.6,9.0,5.0,2.0,0.8,13.0,6.0,10.0,D
223,2001-01-13,2000-01,Man City,Leeds,0.8,1.6,10.2,4.0,3.0,1.0,1.2,13.8,5.6,4.0,A
224,2001-01-14,2000-01,Ipswich,Leicester,1.8,1.8,13.2,7.0,7.0,1.4,2.2,7.4,3.4,6.0,H
225,2001-01-20,2000-01,Tottenham,Southampton,0.8,1.4,9.8,4.8,5.0,1.0,0.6,12.2,4.4,8.0,D
226,2001-01-20,2000-01,Man United,Aston Villa,2.0,0.4,17.4,7.2,13.0,0.8,1.6,7.2,3.4,4.0,H
227,2001-01-20,2000-01,Leicester,Arsenal,1.4,2.4,7.4,3.8,6.0,1.8,1.8,16.2,8.6,5.0,D
228,2001-01-20,2000-01,Liverpool,Middlesbrough,2.0,0.4,12.0,5.8,12.0,1.4,0.4,8.8,3.8,9.0,D
229,2001-01-20,2000-01,Derby,Man City,0.6,1.0,8.8,3.8,7.0,0.4,2.0,9.4,3.8,2.0,D
230,2001-01-20,2000-01,Chelsea,Ipswich,1.4,0.8,11.6,5.6,8.0,1.6,1.6,14.6,7.4,7.0,H
231,2001-01-20,2000-01,Leeds,Newcastle,1.8,1.0,13.2,5.8,7.0,1.6,1.8,11.0,4.4,7.0,A
232,2001-01-20,2000-01,Coventry,Everton,1.2,1.4,12.4,5.4,6.0,0.4,1.0,13.6,6.4,2.0,A
233,2001-01-21,2000-01,Sunderland,Bradford,2.6,0.8,12.4,7.4,13.0,0.8,2.6,8.4,2.8,3.0,D
234,2001-01-22,2000-01,Charlton,West Ham,1.2,1.2,10.8,6.2,10.0,1.6,1.6,11.8,5.8,4.0,D
235,2001-01-24,2000-01,Aston Villa,Leeds,0.4,1.6,6.2,3.0,3.0,1.6,1.6,12.2,5.2,4.0,A
236,2001-01-30,2000-01,Arsenal,Bradford,1.8,1.0,16.4,8.2,6.0,0.6,2.2,8.4,2.8,4.0,H
237,2001-01-30,2000-01,Charlton,Derby,1.2,1.4,10.6,5.4,8.0,0.4,1.2,9.0,3.4,5.0,H
238,2001-01-31,2000-01,West Ham,Tottenham,1.6,1.6,13.6,5.6,4.0,0.8,1.4,8.4,4.0,5.0,D
239,2001-01-31,2000-01,Sunderland,Man United,2.4,0.8,13.4,7.6,11.0,2.0,0.4,15.8,7.8,13.0,A
240,2001-01-31,2000-01,Southampton,Leicester,0.8,0.4,12.0,5.2,8.0,0.8,2.2,6.2,2.8,4.0,H
241,2001-01-31,2000-01,Leeds,Coventry,1.8,1.4,10.6,4.8,7.0,1.2,1.8,11.8,5.4,5.0,H
242,2001-01-31,2000-01,Everton,Middlesbrough,0.8,1.0,12.2,6.2,4.0,1.4,0.4,8.6,4.2,9.0,D
243,2001-01-31,2000-01,Chelsea,Newcastle,2.2,0.8,14.4,7.0,11.0,2.2,1.6,11.6,5.0,10.0,H
244,2001-01-31,2000-01,Man City,Liverpool,0.6,2.0,9.6,4.0,3.0,1.8,0.4,14.6,6.4,10.0,D
245,2001-02-03,2000-01,Man United,Everton,2.0,0.4,15.6,8.6,13.0,1.2,1.2,13.6,7.0,5.0,H
246,2001-02-03,2000-01,Tottenham,Charlton,0.8,1.0,9.8,4.8,6.0,1.6,0.6,10.8,5.6,11.0,D
247,2001-02-03,2000-01,Middlesbrough,Man City,1.6,0.8,8.4,4.4,7.0,0.8,2.2,7.4,3.0,3.0,D
248,2001-02-03,2000-01,Liverpool,West Ham,1.2,0.6,15.4,5.8,8.0,1.4,1.2,14.8,6.0,5.0,H
249,2001-02-03,2000-01,Ipswich,Leeds,1.8,2.0,14.6,7.2,7.0,1.8,1.0,11.2,5.0,10.0,A
250,2001-02-03,2000-01,Derby,Sunderland,0.6,1.6,7.4,3.4,4.0,1.6,0.8,12.0,5.8,8.0,H
251,2001-02-03,2000-01,Coventry,Arsenal,0.8,1.8,10.4,4.6,2.0,1.0,0.8,15.0,6.8,6.0,A
252,2001-02-03,2000-01,Bradford,Aston Villa,0.6,2.0,8.2,3.0,4.0,0.2,1.8,7.0,2.8,0.0,A
253,2001-02-03,2000-01,Leicester,Chelsea,0.4,2.2,5.2,2.2,1.0,2.2,1.0,13.8,6.2,11.0,H
254,2001-02-07,2000-01,Everton,Leeds,1.0,1.0,11.2,5.4,5.0,2.0,1.0,10.0,4.6,12.0,D
255,2001-02-10,2000-01,Leeds,Derby,1.6,1.4,9.8,4.4,10.0,0.8,1.4,7.4,3.0,7.0,D
256,2001-02-10,2000-01,Arsenal,Ipswich,0.8,0.4,13.2,6.2,8.0,1.6,2.0,13.0,5.8,6.0,H
257,2001-02-10,2000-01,Aston Villa,Middlesbrough,0.8,1.6,8.4,3.4,3.0,1.6,0.8,8.4,4.4,7.0,D
258,2001-02-10,2000-01,Chelsea,Man United,2.0,1.0,14.0,6.2,10.0,2.0,0.2,15.6,7.6,15.0,D
259,2001-02-10,2000-01,Everton,Leicester,1.4,1.2,10.8,5.0,6.0,0.6,1.2,6.8,2.8,4.0,H
260,2001-02-10,2000-01,Man City,Tottenham,0.8,1.6,7.0,3.4,4.0,0.8,0.4,10.4,4.8,7.0,A
261,2001-02-10,2000-01,Southampton,Bradford,0.6,0.4,10.6,5.0,8.0,0.4,1.8,7.8,2.8,4.0,H
262,2001-02-10,2000-01,Sunderland,Liverpool,1.2,0.6,12.6,5.4,7.0,1.8,0.4,16.0,6.8,11.0,D
263,2001-02-11,2000-01,Charlton,Newcastle,0.8,0.4,9.6,4.4,9.0,2.0,2.0,9.8,4.6,7.0,H
264,2001-02-12,2000-01,West Ham,Coventry,0.4,1.8,13.0,4.6,2.0,0.6,1.8,11.0,4.8,1.0,D
265,2001-02-24,2000-01,Middlesbrough,Southampton,1.6,0.8,8.6,4.4,7.0,0.8,0.4,11.0,5.2,8.0,A
266,2001-02-24,2000-01,Leicester,Sunderland,0.6,1.2,6.8,2.6,4.0,0.6,0.6,11.2,4.8,5.0,H
267,2001-02-24,2000-01,Newcastle,Man City,1.8,2.2,8.0,4.4,6.0,0.6,1.6,7.2,3.2,3.0,A
268,2001-02-24,2000-01,Tottenham,Leeds,0.2,0.0,9.4,3.6,7.0,1.4,0.8,9.8,4.6,11.0,A
269,2001-02-24,2000-01,Ipswich,Everton,1.0,2.2,10.4,4.6,3.0,1.8,1.4,9.2,4.6,8.0,H
270,2001-02-24,2000-01,Coventry,Charlton,0.6,1.8,9.8,3.8,1.0,1.0,0.4,10.0,4.4,9.0,D
271,2001-02-24,2000-01,Derby,Aston Villa,0.6,1.4,6.6,2.8,5.0,1.0,1.6,10.0,3.6,4.0,H
272,2001-02-24,2000-01,Bradford,West Ham,0.0,2.0,7.0,2.2,1.0,0.4,1.4,15.4,5.4,3.0,A
273,2001-02-25,2000-01,Man United,Arsenal,1.6,0.2,13.8,6.4,13.0,1.0,0.2,14.6,7.2,11.0,H
274,2001-03-03,2000-01,Man City,Southampton,0.8,0.8,8.4,3.2,6.0,0.8,0.0,11.6,5.6,11.0,A
275,2001-03-03,2000-01,Middlesbrough,Charlton,0.8,1.0,8.2,4.0,4.0,1.4,0.8,11.0,5.0,9.0,D
276,2001-03-03,2000-01,Leeds,Man United,1.4,0.8,11.4,5.8,11.0,2.2,0.4,13.0,6.0,13.0,D
277,2001-03-03,2000-01,Leicester,Liverpool,1.0,0.8,7.8,3.4,7.0,1.6,0.4,14.4,6.0,9.0,H
278,2001-03-03,2000-01,Derby,Tottenham,0.8,0.6,7.2,3.2,8.0,0.4,0.4,11.2,4.2,6.0,H
279,2001-03-03,2000-01,Coventry,Chelsea,0.8,1.6,10.8,4.2,2.0,2.0,1.2,13.0,6.0,8.0,D
280,2001-03-03,2000-01,Arsenal,West Ham,1.0,1.2,12.8,6.0,10.0,0.8,1.2,15.0,5.2,6.0,H
281,2001-03-03,2000-01,Everton,Newcastle,1.2,1.6,9.2,4.2,5.0,1.4,1.6,8.2,4.2,6.0,D
282,2001-03-04,2000-01,Ipswich,Bradford,1.2,1.4,11.0,5.2,6.0,0.2,1.8,8.2,2.6,1.0,H
283,2001-03-05,2000-01,Sunderland,Aston Villa,0.2,1.0,11.6,4.4,2.0,1.0,1.2,12.8,4.8,4.0,D
284,2001-03-07,2000-01,West Ham,Chelsea,0.6,1.6,12.2,5.0,5.0,1.8,1.0,15.4,6.6,8.0,A
285,2001-03-10,2000-01,Aston Villa,Ipswich,1.2,1.0,13.0,4.6,5.0,1.4,1.6,10.8,5.0,6.0,H
286,2001-03-17,2000-01,Newcastle,Middlesbrough,1.0,1.6,6.8,3.4,4.0,0.8,1.0,9.0,4.0,4.0,A
287,2001-03-17,2000-01,Tottenham,Coventry,0.6,0.8,12.0,4.8,5.0,0.6,1.0,12.4,5.2,3.0,H
288,2001-03-17,2000-01,Southampton,Everton,1.0,0.0,9.4,4.6,13.0,1.0,1.4,9.0,3.8,5.0,H
289,2001-03-17,2000-01,West Ham,Ipswich,0.6,2.0,10.2,4.2,4.0,1.4,1.2,11.4,5.2,6.0,A
290,2001-03-17,2000-01,Man United,Leicester,2.0,0.6,11.6,5.6,11.0,1.4,0.8,9.0,4.8,9.0,H
291,2001-03-17,2000-01,Charlton,Leeds,1.2,0.6,11.4,6.0,9.0,1.4,1.0,12.8,6.6,9.0,A
292,2001-03-17,2000-01,Bradford,Man City,0.4,2.4,8.2,3.0,0.0,0.6,0.8,9.4,3.8,5.0,D
293,2001-03-17,2000-01,Chelsea,Sunderland,1.4,0.8,14.2,5.8,8.0,0.4,1.2,12.4,5.6,2.0,A
294,2001-03-18,2000-01,Aston Villa,Arsenal,1.4,0.8,12.4,4.8,8.0,1.6,1.2,13.4,6.4,12.0,D
295,2001-03-18,2000-01,Liverpool,Derby,1.0,0.8,13.6,5.4,6.0,1.0,0.6,7.0,3.4,10.0,D
296,2001-03-31,2000-01,West Ham,Everton,0.6,1.6,9.6,4.0,4.0,1.0,1.4,9.0,3.8,5.0,A
297,2001-03-31,2000-01,Sunderland,Leeds,1.2,1.4,12.8,6.6,5.0,1.4,1.0,12.2,7.0,9.0,A
298,2001-03-31,2000-01,Man City,Aston Villa,0.8,1.0,10.6,4.0,5.0,0.8,0.8,10.6,4.0,6.0,A
299,2001-03-31,2000-01,Liverpool,Man United,1.2,1.0,12.8,5.6,6.0,2.2,0.6,12.8,5.8,11.0,H
300,2001-03-31,2000-01,Coventry,Derby,0.6,1.4,14.0,6.0,3.0,1.0,0.4,7.2,3.6,11.0,H
301,2001-03-31,2000-01,Bradford,Newcastle,0.8,2.4,10.2,4.0,1.0,0.6,1.8,7.8,3.0,1.0,D
302,2001-03-31,2000-01,Arsenal,Tottenham,1.2,1.2,12.2,5.8,10.0,1.2,0.8,11.6,4.4,7.0,H
303,2001-03-31,2000-01,Chelsea,Middlesbrough,1.2,1.4,14.2,6.2,5.0,0.8,0.8,9.2,4.2,6.0,H
304,2001-04-01,2000-01,Charlton,Leicester,1.0,0.8,10.2,4.8,6.0,1.4,1.0,8.8,4.6,9.0,H
305,2001-04-02,2000-01,Southampton,Ipswich,1.2,0.0,11.0,4.4,15.0,1.4,0.8,11.8,5.0,9.0,A
306,2001-04-04,2000-01,Aston Villa,Leicester,1.2,0.8,9.2,4.6,8.0,1.0,1.2,7.8,3.8,6.0,H
307,2001-04-07,2000-01,Leicester,Coventry,1.0,1.2,7.2,3.8,6.0,1.0,1.2,14.0,6.6,6.0,A
308,2001-04-07,2000-01,Leeds,Southampton,1.4,0.6,11.8,6.8,11.0,1.0,0.6,11.2,4.0,12.0,H
309,2001-04-07,2000-01,Aston Villa,West Ham,1.6,0.8,7.2,4.2,11.0,0.4,1.8,8.8,3.4,3.0,D
310,2001-04-07,2000-01,Derby,Chelsea,0.8,0.8,8.2,4.6,8.0,1.4,1.2,16.0,6.4,8.0,A
311,2001-04-08,2000-01,Everton,Man City,1.0,1.0,9.6,4.4,7.0,0.8,1.4,11.8,4.6,4.0,H
312,2001-04-09,2000-01,Middlesbrough,Sunderland,0.8,1.0,7.8,3.6,5.0,1.2,1.6,12.2,7.2,5.0,D
313,2001-04-10,2000-01,Ipswich,Liverpool,2.0,0.6,13.0,5.4,12.0,1.4,0.8,12.6,6.2,8.0,D
314,2001-04-10,2000-01,Man United,Charlton,2.0,1.0,13.0,6.2,8.0,1.4,0.8,12.0,6.2,8.0,H
315,2001-04-10,2000-01,Tottenham,Bradford,1.2,1.2,10.6,4.4,6.0,1.2,2.2,12.8,5.2,2.0,H
316,2001-04-11,2000-01,Man City,Arsenal,1.0,1.8,12.2,4.8,4.0,1.4,1.2,15.6,8.4,10.0,A
317,2001-04-13,2000-01,Bradford,Charlton,1.4,2.2,14.0,6.0,2.0,1.2,1.2,10.4,5.8,5.0,H
318,2001-04-13,2000-01,Liverpool,Leeds,1.0,1.0,11.2,4.6,6.0,1.8,0.6,12.4,7.0,13.0,A
319,2001-04-14,2000-01,West Ham,Derby,0.4,2.0,8.0,3.4,1.0,0.8,1.6,8.2,4.6,7.0,H
320,2001-04-14,2000-01,Sunderland,Tottenham,1.0,1.4,12.8,6.8,5.0,1.4,1.4,11.8,6.2,6.0,A
321,2001-04-14,2000-01,Man United,Coventry,2.2,1.0,14.4,6.6,10.0,1.4,1.2,14.4,6.8,8.0,H
322,2001-04-14,2000-01,Leicester,Man City,0.8,1.8,6.8,3.2,3.0,0.8,2.6,11.4,4.6,1.0,A
323,2001-04-14,2000-01,Arsenal,Middlesbrough,2.0,1.2,15.2,8.0,10.0,0.6,0.8,9.0,4.2,5.0,A
324,2001-04-14,2000-01,Chelsea,Southampton,2.0,1.0,16.4,7.0,10.0,0.6,1.0,10.0,3.2,9.0,H
325,2001-04-14,2000-01,Aston Villa,Everton,1.8,1.0,7.2,4.6,11.0,1.2,1.0,10.0,4.6,7.0,H
326,2001-04-14,2000-01,Ipswich,Newcastle,1.8,0.8,12.2,5.2,10.0,0.8,1.6,9.8,4.0,2.0,H
327,2001-04-16,2000-01,Newcastle,West Ham,0.8,1.4,10.0,3.8,2.0,1.0,1.6,10.8,5.0,4.0,H
328,2001-04-16,2000-01,Middlesbrough,Ipswich,1.2,0.6,8.0,3.4,8.0,1.4,0.6,10.8,4.6,10.0,A
329,2001-04-16,2000-01,Derby,Leicester,0.8,2.2,7.6,4.2,4.0,0.6,2.2,8.0,3.6,0.0,H
330,2001-04-16,2000-01,Coventry,Sunderland,1.4,1.6,12.8,6.2,7.0,1.4,1.6,13.6,7.0,5.0,H
331,2001-04-16,2000-01,Everton,Liverpool,1.4,1.0,9.4,4.8,7.0,1.0,1.2,11.8,4.8,5.0,A
332,2001-04-17,2000-01,Charlton,Aston Villa,0.8,1.2,8.0,6.0,4.0,1.8,1.0,7.0,4.6,11.0,D
333,2001-04-17,2000-01,Tottenham,Chelsea,1.8,1.4,10.8,6.6,9.0,2.2,1.0,14.4,6.4,12.0,A
334,2001-04-21,2000-01,Ipswich,Coventry,1.6,0.4,11.6,5.0,13.0,1.6,1.6,12.2,6.0,9.0,H
335,2001-04-21,2000-01,Arsenal,Everton,1.8,0.6,17.4,9.2,10.0,1.6,1.4,8.2,5.0,6.0,H
336,2001-04-21,2000-01,Aston Villa,Southampton,2.4,1.6,8.4,5.8,11.0,0.4,1.2,9.8,3.2,6.0,D
337,2001-04-21,2000-01,Bradford,Derby,1.6,1.8,11.8,6.6,5.0,0.8,2.0,8.0,4.6,4.0,H
338,2001-04-21,2000-01,Chelsea,Charlton,2.4,1.0,14.2,7.2,12.0,1.4,1.8,8.2,5.4,4.0,A
339,2001-04-21,2000-01,Leicester,Middlesbrough,0.6,2.2,8.4,4.0,0.0,1.4,1.0,7.2,3.2,7.0,A
340,2001-04-21,2000-01,Man United,Man City,1.8,1.2,16.8,7.4,10.0,1.2,2.6,10.0,3.8,4.0,D
341,2001-04-21,2000-01,Sunderland,Newcastle,1.2,1.6,11.2,5.2,4.0,1.2,1.4,12.0,6.0,5.0,D
342,2001-04-21,2000-01,West Ham,Leeds,1.2,1.6,12.0,5.8,4.0,1.8,0.6,11.2,5.8,13.0,A
343,2001-04-22,2000-01,Liverpool,Tottenham,1.6,1.2,12.2,5.4,8.0,1.6,1.6,9.2,5.4,9.0,H
344,2001-04-28,2000-01,Southampton,Sunderland,0.2,1.2,9.2,3.6,4.0,0.6,1.4,12.2,5.8,2.0,A
345,2001-04-28,2000-01,Newcastle,Leicester,1.2,1.4,13.0,6.6,5.0,0.6,2.4,10.4,4.6,0.0,H
346,2001-04-28,2000-01,Tottenham,Aston Villa,1.2,2.2,8.2,5.6,6.0,1.8,1.4,8.6,4.8,9.0,D
347,2001-04-28,2000-01,Middlesbrough,Man United,1.6,0.8,8.8,3.8,7.0,1.8,1.2,18.4,7.6,10.0,A
348,2001-04-28,2000-01,Everton,Bradford,1.8,2.0,8.0,5.2,6.0,1.8,1.2,13.4,7.4,8.0,H
349,2001-04-28,2000-01,Leeds,Chelsea,2.0,0.4,10.0,5.2,15.0,2.0,0.4,13.2,6.2,12.0,H
350,2001-04-28,2000-01,Man City,West Ham,1.0,2.4,9.2,4.0,4.0,1.2,1.8,14.0,7.4,4.0,H
351,2001-04-28,2000-01,Derby,Arsenal,0.6,2.2,9.0,4.4,3.0,2.0,0.8,16.2,9.6,10.0,A
352,2001-04-28,2000-01,Coventry,Liverpool,1.6,1.4,11.2,5.4,9.0,2.0,1.2,11.4,5.4,10.0,A
353,2001-04-30,2000-01,Charlton,Ipswich,1.4,1.4,7.6,5.2,7.0,1.8,0.4,11.6,5.0,13.0,H
354,2001-05-01,2000-01,Bradford,Liverpool,1.6,1.2,11.6,6.8,7.0,2.0,1.2,11.0,5.4,10.0,A
355,2001-05-01,2000-01,Newcastle,Southampton,1.2,1.0,13.8,6.8,8.0,0.0,1.4,8.0,3.6,1.0,D
356,2001-05-05,2000-01,Arsenal,Leeds,2.4,1.0,16.2,10.4,12.0,2.0,0.2,11.8,6.0,15.0,H
357,2001-05-05,2000-01,Aston Villa,Coventry,1.4,1.2,8.2,4.6,7.0,1.2,1.8,11.0,4.8,6.0,H
358,2001-05-05,2000-01,Bradford,Middlesbrough,1.2,1.2,10.2,6.0,6.0,1.4,0.8,11.0,3.8,7.0,D
359,2001-05-05,2000-01,Chelsea,Everton,1.6,0.6,11.2,6.2,9.0,1.8,2.2,9.6,5.6,6.0,H
360,2001-05-05,2000-01,Leicester,Tottenham,0.4,2.2,10.0,4.8,0.0,1.2,1.8,8.8,5.6,7.0,H
361,2001-05-05,2000-01,Liverpool,Newcastle,2.2,1.0,11.8,7.0,12.0,1.0,0.8,12.4,6.4,8.0,H
362,2001-05-05,2000-01,Man United,Derby,1.8,1.2,16.4,7.0,10.0,0.8,2.2,7.4,3.2,3.0,A
363,2001-05-05,2000-01,Sunderland,Charlton,0.8,1.0,10.6,4.8,5.0,1.4,1.6,6.4,4.8,7.0,H
364,2001-05-05,2000-01,West Ham,Southampton,1.2,1.6,13.0,7.6,4.0,0.2,1.0,8.0,3.6,2.0,H
365,2001-05-07,2000-01,Ipswich,Man City,1.4,0.8,12.8,5.2,10.0,1.0,1.8,10.0,4.6,7.0,H
366,2001-05-08,2000-01,Liverpool,Chelsea,2.6,0.6,12.0,7.0,15.0,1.2,0.8,11.8,5.8,9.0,D
367,2001-05-13,2000-01,Leeds,Bradford,1.8,0.6,11.2,5.8,12.0,1.2,1.0,10.2,6.4,7.0,H
368,2001-05-13,2000-01,Southampton,Man United,0.2,1.2,9.2,3.8,2.0,1.8,1.0,16.8,7.6,10.0,H
369,2001-05-15,2000-01,Newcastle,Arsenal,1.0,1.2,12.4,6.6,8.0,2.4,1.2,12.6,7.4,12.0,D
370,2001-05-19,2000-01,Tottenham,Man United,1.2,2.4,7.2,3.8,4.0,1.6,1.2,14.0,7.2,7.0,H
371,2001-05-19,2000-01,Southampton,Arsenal,0.6,1.2,10.2,3.4,5.0,1.6,1.2,11.2,6.0,10.0,H
372,2001-05-19,2000-01,Newcastle,Aston Villa,0.6,1.0,10.8,4.2,6.0,1.6,1.2,8.2,4.6,9.0,H
373,2001-05-19,2000-01,Middlesbrough,West Ham,1.6,1.0,11.4,4.4,7.0,1.4,1.2,14.8,9.0,6.0,H
374,2001-05-19,2000-01,Man City,Chelsea,1.0,1.6,9.6,5.0,7.0,1.4,1.2,11.8,5.6,7.0,A
375,2001-05-19,2000-01,Leeds,Leicester,2.6,0.8,11.8,6.2,12.0,1.0,2.0,12.0,5.8,3.0,H
376,2001-05-19,2000-01,Everton,Sunderland,1.4,2.4,9.2,4.8,3.0,1.4,1.4,11.6,6.2,7.0,D
377,2001-05-19,2000-01,Derby,Ipswich,1.0,1.4,8.8,3.8,6.0,1.6,0.8,14.2,5.6,12.0,D
378,2001-05-19,2000-01,Coventry,Bradford,1.0,2.2,9.2,4.4,3.0,1.0,2.2,12.0,6.2,4.0,D
379,2001-05-19,2000-01,Charlton,Liverpool,1.6,1.8,9.2,5.8,7.0,2.4,0.6,13.2,7.4,13.0,A
380,2001-08-18,2001-02,Tottenham,Aston Villa,1.2,2.2,7.4,3.2,4.0,1.2,1.6,7.6,3.8,6.0,D
381,2001-08-18,2001-02,Middlesbrough,Arsenal,1.4,1.2,14.0,5.4,7.0,2.0,1.2,9.4,5.4,10.0,A
382,2001-08-18,2001-02,Liverpool,West Ham,2.6,0.4,13.6,8.6,13.0,1.0,1.4,13.4,8.0,3.0,H
383,2001-08-18,2001-02,Sunderland,Ipswich,1.4,1.2,11.2,6.2,8.0,1.6,1.0,14.0,5.8,10.0,H
384,2001-08-18,2001-02,Leeds,Southampton,2.8,0.8,14.8,7.8,12.0,1.2,1.6,11.8,4.2,7.0,H
385,2001-08-18,2001-02,Charlton,Everton,1.6,2.2,11.0,6.2,7.0,1.6,2.4,11.8,5.8,4.0,A
388,2001-08-19,2001-02,Chelsea,Newcastle,1.2,1.4,10.4,4.2,7.0,1.0,0.8,10.8,4.2,8.0,D
390,2001-08-20,2001-02,Everton,Tottenham,1.6,2.0,12.2,6.2,7.0,1.2,1.6,8.0,3.4,5.0,D
391,2001-08-21,2001-02,Arsenal,Leeds,2.0,1.0,10.2,5.6,10.0,2.8,0.8,15.6,7.6,12.0,A
393,2001-08-21,2001-02,Ipswich,Derby,1.2,1.0,13.6,5.6,7.0,1.0,1.2,8.4,3.0,7.0,H
396,2001-08-25,2001-02,West Ham,Leeds,1.0,1.4,11.4,7.4,3.0,2.8,1.0,13.4,6.2,12.0,D
397,2001-08-25,2001-02,Arsenal,Leicester,1.8,1.2,10.2,4.8,7.0,1.0,2.8,10.4,4.4,3.0,H
399,2001-08-25,2001-02,Everton,Middlesbrough,1.6,1.4,15.0,8.0,8.0,0.6,1.8,13.6,5.0,4.0,H
401,2001-08-25,2001-02,Ipswich,Charlton,1.4,1.2,17.0,8.2,7.0,1.2,2.0,10.2,6.0,6.0,A
402,2001-08-25,2001-02,Southampton,Chelsea,1.2,1.8,11.8,4.4,7.0,1.4,1.4,11.2,5.6,8.0,A
403,2001-08-26,2001-02,Newcastle,Sunderland,1.0,1.0,8.6,3.6,6.0,1.4,1.2,10.8,5.4,10.0,D
404,2001-08-26,2001-02,Aston Villa,Man United,0.6,1.0,7.6,2.6,6.0,1.4,2.0,13.0,6.2,4.0,D
406,2001-09-08,2001-02,Chelsea,Arsenal,1.8,1.0,11.2,5.0,11.0,2.2,1.0,12.8,6.2,7.0,D
407,2001-09-08,2001-02,Derby,West Ham,1.0,1.0,7.0,2.8,8.0,1.0,1.0,10.6,6.0,4.0,D
409,2001-09-08,2001-02,Leicester,Ipswich,1.0,3.0,7.8,3.6,3.0,1.2,1.0,17.0,9.2,7.0,D
410,2001-09-08,2001-02,Liverpool,Aston Villa,2.4,1.0,14.2,8.0,10.0,0.8,1.2,8.0,3.0,6.0,A
411,2001-09-08,2001-02,Man United,Everton,1.6,2.0,13.4,6.4,5.0,1.6,1.2,12.8,7.2,8.0,H
412,2001-09-08,2001-02,Middlesbrough,Newcastle,0.6,1.8,11.0,4.6,4.0,1.0,1.0,10.4,3.8,6.0,A
414,2001-09-09,2001-02,Tottenham,Southampton,1.4,1.6,9.0,3.2,5.0,1.0,2.0,11.2,4.2,6.0,H
417,2001-09-15,2001-02,Derby,Leicester,0.8,1.0,6.2,2.4,6.0,1.2,3.0,9.4,4.4,4.0,A
418,2001-09-15,2001-02,Everton,Liverpool,1.6,1.6,12.0,6.8,8.0,2.0,1.6,14.2,8.4,7.0,A
420,2001-09-15,2001-02,Middlesbrough,West Ham,0.6,2.4,9.8,3.6,3.0,1.0,0.8,10.2,5.4,5.0,H
421,2001-09-15,2001-02,Newcastle,Man United,1.8,0.6,10.8,4.2,9.0,2.2,1.8,15.2,7.0,8.0,H
423,2001-09-16,2001-02,Tottenham,Chelsea,1.4,0.8,10.8,3.6,8.0,1.6,1.0,10.6,5.0,9.0,A
424,2001-09-16,2001-02,Charlton,Leeds,1.0,2.0,11.4,6.2,4.0,1.4,0.4,13.2,5.8,11.0,A
425,2001-09-16,2001-02,Aston Villa,Sunderland,1.4,1.4,8.6,3.6,8.0,1.0,1.0,9.6,4.0,8.0,D
426,2001-09-17,2001-02,Leicester,Middlesbrough,1.0,3.0,8.0,3.8,4.0,0.6,2.2,8.6,3.2,3.0,A
427,2001-09-19,2001-02,Blackburn,Bolton,1.2,1.4,10.8,4.8,5.0,1.6,0.4,10.8,3.8,10.0,D
428,2001-09-19,2001-02,Sunderland,Tottenham,0.6,0.6,8.2,3.6,8.0,1.2,1.2,11.2,3.8,5.0,A
429,2001-09-22,2001-02,Sunderland,Charlton,0.6,1.0,8.6,4.0,5.0,0.6,1.8,9.8,5.6,4.0,D
430,2001-09-22,2001-02,Liverpool,Tottenham,2.2,1.4,13.6,8.6,9.0,1.6,1.4,12.2,4.6,7.0,H
431,2001-09-22,2001-02,Man United,Ipswich,2.6,2.0,14.2,7.2,8.0,1.0,1.0,18.0,10.4,5.0,H
432,2001-09-22,2001-02,Blackburn,Everton,1.2,1.2,12.0,5.6,6.0,1.4,1.8,10.6,6.2,7.0,H
433,2001-09-22,2001-02,Arsenal,Bolton,2.6,0.8,14.6,8.4,10.0,0.8,0.6,9.2,3.2,8.0,D
434,2001-09-22,2001-02,Leicester,Fulham,1.0,2.8,8.4,3.8,4.0,1.2,1.4,10.6,3.8,5.0,D
435,2001-09-23,2001-02,Chelsea,Middlesbrough,1.8,1.0,9.0,4.4,11.0,1.0,1.6,10.0,4.0,6.0,D
436,2001-09-23,2001-02,Leeds,Derby,1.2,0.2,12.4,5.4,11.0,1.0,1.4,7.8,3.8,5.0,H
437,2001-09-23,2001-02,West Ham,Newcastle,0.4,1.2,8.0,3.2,2.0,2.6,1.2,11.4,5.4,11.0,H
438,2001-09-24,2001-02,Southampton,Aston Villa,0.8,1.6,11.0,5.4,6.0,0.8,1.0,9.0,3.4,6.0,A
439,2001-09-26,2001-02,Newcastle,Leicester,2.0,1.8,11.2,5.4,8.0,1.0,1.8,9.6,4.6,5.0,H
440,2001-09-29,2001-02,Middlesbrough,Southampton,1.4,1.8,8.6,3.6,7.0,0.4,1.8,11.2,4.8,3.0,A
441,2001-09-29,2001-02,Tottenham,Man United,1.4,1.4,13.0,5.2,6.0,2.8,1.6,14.4,7.6,8.0,A
442,2001-09-29,2001-02,Everton,West Ham,1.0,1.8,11.0,5.8,4.0,0.8,0.8,9.2,4.0,5.0,H
443,2001-09-29,2001-02,Derby,Arsenal,0.6,1.8,8.2,3.6,2.0,2.0,1.0,16.4,9.0,8.0,A
444,2001-09-29,2001-02,Charlton,Leicester,1.0,1.4,10.0,4.6,5.0,1.0,1.2,9.6,5.0,5.0,H
445,2001-09-29,2001-02,Bolton,Sunderland,0.8,0.8,8.0,3.4,6.0,1.0,1.0,11.4,6.0,6.0,A
446,2001-09-30,2001-02,Aston Villa,Blackburn,1.4,0.6,10.2,4.2,9.0,1.0,0.8,12.2,5.8,8.0,H
447,2001-09-30,2001-02,Fulham,Chelsea,0.8,0.8,10.2,3.2,6.0,1.8,1.2,8.8,4.4,9.0,D
448,2001-09-30,2001-02,Ipswich,Leeds,1.0,1.6,17.6,9.8,5.0,1.4,0.2,13.0,6.2,11.0,A
449,2001-09-30,2001-02,Newcastle,Liverpool,2.0,1.6,11.8,6.0,10.0,1.6,1.4,13.2,7.0,9.0,A
450,2001-10-13,2001-02,Bolton,Newcastle,0.4,1.0,8.8,4.2,3.0,1.8,1.8,10.0,5.4,9.0,A
451,2001-10-13,2001-02,Charlton,Middlesbrough,1.2,1.0,11.2,6.2,8.0,1.6,2.0,8.6,4.0,7.0,D
452,2001-10-13,2001-02,Chelsea,Leicester,1.8,1.2,8.0,3.4,9.0,0.8,1.4,9.0,4.8,4.0,H
453,2001-10-13,2001-02,Ipswich,Everton,0.6,1.8,13.8,7.4,2.0,1.8,1.6,11.0,5.8,6.0,D
454,2001-10-13,2001-02,Liverpool,Leeds,1.6,1.2,12.6,6.2,9.0,1.4,0.2,14.2,7.2,11.0,D
455,2001-10-13,2001-02,Southampton,Arsenal,1.0,1.6,10.6,4.4,6.0,2.2,0.6,15.8,9.2,11.0,A
456,2001-10-13,2001-02,Sunderland,Man United,1.2,0.8,13.0,6.8,8.0,3.4,1.8,14.4,8.0,10.0,A
457,2001-10-14,2001-02,Aston Villa,Fulham,1.8,0.6,9.0,4.2,11.0,0.6,1.0,8.4,2.4,4.0,H
458,2001-10-14,2001-02,Blackburn,West Ham,0.6,1.0,10.6,4.6,5.0,0.6,1.4,11.6,4.4,5.0,H
459,2001-10-15,2001-02,Tottenham,Derby,1.8,2.0,12.0,4.8,6.0,0.4,1.6,9.2,4.2,2.0,H
460,2001-10-20,2001-02,Man United,Bolton,3.8,1.8,14.4,8.2,12.0,0.4,1.8,9.0,4.0,2.0,A
461,2001-10-20,2001-02,West Ham,Southampton,0.8,2.8,11.8,4.8,4.0,1.0,1.6,9.6,4.0,6.0,H
462,2001-10-20,2001-02,Everton,Aston Villa,1.4,1.6,11.4,6.0,4.0,2.0,0.4,8.6,4.0,13.0,H
463,2001-10-20,2001-02,Derby,Charlton,0.6,2.2,9.0,5.0,1.0,1.0,1.0,10.2,5.8,6.0,D
464,2001-10-20,2001-02,Leicester,Liverpool,0.2,1.4,8.2,4.0,1.0,1.6,1.0,11.0,5.2,10.0,A
465,2001-10-20,2001-02,Arsenal,Blackburn,1.8,0.6,16.0,8.6,11.0,2.0,1.0,13.4,6.6,8.0,D
466,2001-10-21,2001-02,Fulham,Ipswich,0.6,1.4,8.6,2.8,3.0,0.6,1.6,11.8,6.0,3.0,D
467,2001-10-21,2001-02,Leeds,Chelsea,1.6,0.4,14.0,7.0,11.0,1.8,1.2,11.0,5.0,9.0,D
468,2001-10-21,2001-02,Newcastle,Tottenham,1.8,1.6,11.4,6.0,9.0,2.0,2.2,13.2,6.0,6.0,A
469,2001-10-22,2001-02,Middlesbrough,Sunderland,1.4,1.2,9.2,4.0,8.0,1.2,1.4,13.8,7.4,5.0,H
470,2001-10-24,2001-02,Aston Villa,Charlton,1.8,0.8,8.8,3.2,10.0,1.0,1.0,11.0,6.4,6.0,H
471,2001-10-24,2001-02,Southampton,Ipswich,1.0,1.6,8.6,3.4,6.0,0.6,1.6,10.4,4.6,3.0,D
472,2001-10-24,2001-02,West Ham,Chelsea,1.2,2.8,13.8,5.6,6.0,1.6,1.0,11.8,5.2,9.0,H
473,2001-10-27,2001-02,Aston Villa,Bolton,2.0,0.8,10.4,3.8,12.0,0.8,1.8,9.6,4.4,5.0,H
474,2001-10-27,2001-02,Charlton,Liverpool,1.0,0.8,10.0,5.6,6.0,2.2,0.6,11.0,5.0,13.0,A
475,2001-10-27,2001-02,Everton,Newcastle,1.8,1.2,12.4,7.0,7.0,1.0,1.4,10.0,5.0,6.0,A
476,2001-10-27,2001-02,Fulham,Southampton,0.6,1.4,6.8,2.4,3.0,1.4,2.2,8.8,3.4,4.0,H
477,2001-10-27,2001-02,Man United,Leeds,3.2,2.0,13.4,7.6,9.0,1.6,0.4,15.4,8.2,11.0,D
478,2001-10-27,2001-02,Sunderland,Arsenal,1.2,1.8,16.0,8.0,4.0,2.2,1.0,16.8,8.6,11.0,D
479,2001-10-27,2001-02,Tottenham,Middlesbrough,2.0,1.6,12.8,5.8,9.0,1.4,1.2,8.0,4.0,8.0,H
480,2001-10-28,2001-02,Ipswich,West Ham,1.0,2.0,8.4,3.6,3.0,1.6,2.6,14.8,6.2,9.0,A
481,2001-10-28,2001-02,Derby,Chelsea,0.8,2.4,9.8,5.4,1.0,1.2,1.0,13.6,5.4,6.0,D
482,2001-10-29,2001-02,Blackburn,Leicester,2.4,1.4,14.0,6.8,8.0,0.2,1.8,7.8,3.6,1.0,D
483,2001-11-03,2001-02,Bolton,Everton,1.0,2.2,9.4,4.4,4.0,1.8,1.2,13.8,7.6,7.0,D
484,2001-11-03,2001-02,Leicester,Sunderland,0.2,1.8,7.4,3.6,1.0,1.2,1.6,15.2,7.6,5.0,H
485,2001-11-03,2001-02,Middlesbrough,Derby,1.2,1.4,7.0,3.4,5.0,0.6,2.0,9.4,5.2,2.0,H
486,2001-11-03,2001-02,Newcastle,Aston Villa,1.6,1.0,9.6,4.8,9.0,2.0,1.0,10.2,4.2,12.0,H
487,2001-11-03,2001-02,Southampton,Blackburn,1.4,2.0,8.6,3.6,4.0,2.2,1.2,12.4,5.8,8.0,A
488,2001-11-03,2001-02,West Ham,Fulham,1.6,3.0,13.8,5.2,9.0,0.8,1.0,9.4,2.8,6.0,A
489,2001-11-04,2001-02,Chelsea,Ipswich,1.0,0.8,15.8,6.4,6.0,1.4,1.8,9.2,5.0,3.0,H
490,2001-11-04,2001-02,Arsenal,Charlton,1.8,1.0,17.4,8.4,9.0,0.6,0.8,10.2,5.4,5.0,A
491,2001-11-04,2001-02,Leeds,Tottenham,1.4,0.6,13.8,7.6,9.0,2.0,1.6,12.2,5.4,9.0,H
492,2001-11-04,2001-02,Liverpool,Man United,2.0,0.4,9.4,4.0,13.0,2.8,1.4,15.0,7.4,10.0,H
493,2001-11-17,2001-02,Man United,Leicester,2.2,2.0,14.4,6.4,7.0,0.4,1.6,8.8,4.2,4.0,H
494,2001-11-17,2001-02,Fulham,Newcastle,1.2,1.0,11.0,3.6,8.0,2.0,1.0,10.6,5.0,9.0,H
495,2001-11-17,2001-02,Tottenham,Arsenal,2.2,1.8,12.2,5.2,9.0,2.0,1.6,18.0,8.4,8.0,D
496,2001-11-17,2001-02,Blackburn,Liverpool,2.4,1.4,11.0,5.6,8.0,2.4,0.6,8.2,3.8,13.0,D
497,2001-11-17,2001-02,Aston Villa,Middlesbrough,1.6,1.6,11.2,4.2,9.0,1.8,1.2,8.4,4.4,7.0,D
498,2001-11-17,2001-02,Derby,Southampton,0.8,2.4,8.8,5.6,2.0,1.0,2.2,10.2,4.0,1.0,H
499,2001-11-18,2001-02,Sunderland,Leeds,0.8,1.4,13.0,5.8,4.0,1.2,0.8,14.0,7.4,9.0,H
500,2001-11-18,2001-02,Everton,Chelsea,2.2,1.4,13.2,7.4,8.0,1.2,0.8,17.0,7.0,8.0,D
501,2001-11-18,2001-02,Ipswich,Bolton,1.4,1.8,8.4,4.4,3.0,1.2,2.4,11.2,5.2,4.0,A
502,2001-11-19,2001-02,Charlton,West Ham,1.0,1.2,9.2,3.8,5.0,1.6,2.4,13.2,5.4,9.0,D
503,2001-11-24,2001-02,Bolton,Fulham,1.6,2.2,10.2,4.6,7.0,1.6,1.0,11.8,5.0,10.0,D
504,2001-11-24,2001-02,Chelsea,Blackburn,0.8,0.8,15.4,6.4,6.0,2.6,1.2,11.2,6.4,9.0,D
505,2001-11-24,2001-02,Leicester,Everton,0.4,1.6,8.6,3.8,4.0,1.2,1.4,12.0,6.0,6.0,D
506,2001-11-24,2001-02,Newcastle,Derby,2.2,1.2,10.6,4.6,9.0,1.0,2.0,9.2,5.2,5.0,H
507,2001-11-24,2001-02,Southampton,Charlton,1.0,2.0,11.2,4.8,1.0,1.8,2.0,11.2,4.8,5.0,H
508,2001-11-24,2001-02,West Ham,Tottenham,2.2,1.8,13.0,5.8,10.0,1.8,1.0,12.6,5.4,10.0,A
509,2001-11-25,2001-02,Arsenal,Man United,1.8,1.8,16.8,8.2,6.0,1.6,1.4,13.6,6.0,7.0,H
510,2001-11-25,2001-02,Leeds,Aston Villa,0.8,1.0,14.2,7.2,6.0,1.2,1.6,11.0,4.6,7.0,D
511,2001-11-25,2001-02,Liverpool,Sunderland,2.2,0.8,8.0,3.8,11.0,0.8,1.4,12.6,5.4,4.0,H
512,2001-11-25,2001-02,Middlesbrough,Ipswich,1.6,0.6,9.6,4.2,8.0,1.6,2.2,8.6,4.4,2.0,D
513,2001-12-01,2001-02,Ipswich,Arsenal,1.4,2.0,9.6,4.6,2.0,2.0,2.0,15.4,8.6,6.0,A
514,2001-12-01,2001-02,Sunderland,West Ham,0.6,1.0,12.0,5.0,4.0,1.8,2.0,11.0,5.4,7.0,H
515,2001-12-01,2001-02,Man United,Chelsea,1.2,1.8,11.4,4.6,4.0,0.8,0.8,15.4,6.8,6.0,A
516,2001-12-01,2001-02,Derby,Liverpool,0.8,1.6,9.2,4.8,5.0,2.2,0.6,7.4,4.0,13.0,A
517,2001-12-01,2001-02,Charlton,Newcastle,1.6,2.0,10.4,4.2,4.0,1.6,1.2,11.0,5.0,9.0,D
518,2001-12-01,2001-02,Blackburn,Middlesbrough,1.2,1.0,8.0,4.0,7.0,1.6,0.6,9.2,4.2,8.0,A
519,2001-12-01,2001-02,Aston Villa,Leicester,1.0,1.2,11.8,5.6,8.0,0.4,1.2,8.6,4.8,5.0,A
520,2001-12-02,2001-02,Everton,Southampton,1.2,1.4,11.8,5.4,6.0,1.2,1.6,12.2,5.8,4.0,H
521,2001-12-02,2001-02,Fulham,Leeds,1.6,0.6,11.0,4.6,11.0,0.8,1.0,15.6,8.4,6.0,D
522,2001-12-03,2001-02,Tottenham,Bolton,1.4,0.8,9.8,3.6,10.0,1.6,1.4,10.6,5.0,8.0,H
523,2001-12-05,2001-02,Chelsea,Charlton,1.2,0.4,15.2,6.8,9.0,1.8,2.0,12.6,5.6,5.0,A
524,2001-12-05,2001-02,West Ham,Aston Villa,1.4,2.0,11.0,5.6,4.0,0.8,1.6,10.8,5.8,5.0,D
525,2001-12-08,2001-02,Charlton,Tottenham,2.0,1.6,12.0,5.8,8.0,1.6,1.2,10.8,4.2,10.0,H
526,2001-12-08,2001-02,Derby,Bolton,0.6,1.6,9.6,4.6,4.0,1.6,1.8,11.0,5.8,5.0,H
527,2001-12-08,2001-02,Fulham,Everton,1.4,0.4,12.2,5.0,11.0,1.0,1.0,12.4,5.6,6.0,H
528,2001-12-08,2001-02,Leicester,Southampton,0.6,0.4,8.2,5.0,8.0,0.6,1.4,12.0,5.4,3.0,A
529,2001-12-08,2001-02,Liverpool,Middlesbrough,1.6,0.4,6.4,3.8,13.0,1.4,0.6,9.4,4.2,8.0,H
530,2001-12-08,2001-02,Man United,West Ham,1.0,2.0,11.2,4.4,4.0,1.0,1.8,11.4,6.4,2.0,A
531,2001-12-09,2001-02,Blackburn,Leeds,0.6,0.6,9.0,3.8,6.0,0.8,1.0,13.2,7.0,6.0,A
532,2001-12-09,2001-02,Ipswich,Newcastle,0.8,1.8,9.0,4.0,1.0,1.8,1.0,11.8,5.6,10.0,A
533,2001-12-09,2001-02,Arsenal,Aston Villa,1.8,1.4,13.2,7.0,8.0,0.4,1.4,11.2,5.4,3.0,H
534,2001-12-09,2001-02,Sunderland,Chelsea,0.8,0.6,12.0,5.2,7.0,1.0,0.4,15.4,6.2,8.0,D
535,2001-12-12,2001-02,Man United,Derby,0.8,2.0,11.0,4.4,3.0,0.6,1.4,10.2,4.2,6.0,H
536,2001-12-12,2001-02,Liverpool,Fulham,1.6,0.4,7.0,4.0,13.0,1.4,0.2,10.4,4.8,11.0,D
537,2001-12-15,2001-02,West Ham,Arsenal,1.2,1.4,10.6,6.0,5.0,2.2,1.6,13.4,7.6,10.0,D
538,2001-12-15,2001-02,Tottenham,Fulham,1.4,1.6,11.6,4.4,7.0,1.0,0.2,9.2,4.4,9.0,H
539,2001-12-15,2001-02,Southampton,Sunderland,1.2,1.0,11.8,5.4,6.0,0.6,0.4,12.2,5.2,7.0,H
540,2001-12-15,2001-02,Everton,Derby,0.8,0.8,9.8,4.6,6.0,0.4,1.4,10.6,4.4,6.0,H
541,2001-12-15,2001-02,Middlesbrough,Man United,1.2,0.6,8.6,4.0,8.0,1.6,1.4,13.0,6.0,6.0,A
542,2001-12-15,2001-02,Bolton,Charlton,1.2,1.4,10.4,5.4,5.0,1.8,1.4,12.4,6.2,8.0,D
543,2001-12-15,2001-02,Newcastle,Blackburn,1.4,0.8,12.0,5.8,10.0,0.8,1.0,9.4,4.4,5.0,H
544,2001-12-16,2001-02,Chelsea,Liverpool,0.6,0.2,14.4,5.6,6.0,1.0,0.2,8.6,4.4,11.0,H
545,2001-12-16,2001-02,Leeds,Leicester,1.0,1.0,12.8,7.2,8.0,0.6,1.2,7.8,4.8,7.0,D
546,2001-12-17,2001-02,Aston Villa,Ipswich,0.8,1.4,10.8,6.0,3.0,0.4,1.4,8.4,3.4,1.0,H
547,2001-12-18,2001-02,Arsenal,Newcastle,2.0,1.0,11.4,6.4,11.0,1.2,1.0,11.6,5.6,10.0,A
548,2001-12-19,2001-02,Leeds,Everton,1.0,1.2,11.6,6.8,6.0,0.6,0.4,12.0,5.8,8.0,H
549,2001-12-22,2001-02,Charlton,Blackburn,1.0,0.6,10.0,5.2,8.0,0.6,1.2,9.8,4.6,2.0,A
550,2001-12-22,2001-02,Derby,Aston Villa,0.2,1.6,9.4,4.2,3.0,1.2,1.6,11.2,6.0,5.0,H
551,2001-12-22,2001-02,Leeds,Newcastle,1.6,1.2,12.8,7.0,9.0,1.6,0.6,11.0,6.0,13.0,A
552,2001-12-22,2001-02,Leicester,West Ham,0.8,1.6,7.0,4.6,5.0,0.6,0.8,10.0,5.4,5.0,D
553,2001-12-22,2001-02,Man United,Southampton,1.4,1.4,13.0,5.6,6.0,1.4,0.6,11.4,5.2,9.0,H
554,2001-12-22,2001-02,Sunderland,Everton,0.6,0.6,11.0,5.0,7.0,1.0,1.0,11.2,5.6,7.0,H
555,2001-12-22,2001-02,Tottenham,Ipswich,2.0,1.2,11.4,4.8,10.0,0.4,1.4,9.8,3.4,1.0,A
556,2001-12-23,2001-02,Liverpool,Arsenal,0.8,0.8,10.8,5.6,10.0,2.0,1.4,14.2,7.0,10.0,A
557,2001-12-23,2001-02,Chelsea,Bolton,1.4,0.2,14.8,6.2,8.0,0.8,1.0,9.8,5.0,5.0,H
558,2001-12-26,2001-02,Arsenal,Chelsea,1.8,1.4,13.6,5.6,10.0,2.4,0.4,15.2,5.6,10.0,H
559,2001-12-26,2001-02,Aston Villa,Liverpool,1.2,2.0,10.2,5.0,4.0,0.8,1.2,12.4,5.4,7.0,A
560,2001-12-26,2001-02,Blackburn,Sunderland,0.8,1.0,10.2,4.4,4.0,0.4,0.6,10.6,5.0,7.0,A
561,2001-12-26,2001-02,Bolton,Leeds,0.6,1.8,9.8,4.8,2.0,2.0,1.8,12.6,6.4,8.0,A
562,2001-12-26,2001-02,Everton,Man United,1.0,1.2,11.2,6.0,6.0,2.4,1.0,15.0,6.8,9.0,A
563,2001-12-26,2001-02,Fulham,Charlton,0.4,0.8,10.0,3.0,6.0,1.0,0.8,10.6,4.8,8.0,D
564,2001-12-26,2001-02,Ipswich,Leicester,0.6,1.2,10.6,3.4,4.0,1.0,1.4,7.4,4.6,6.0,H
565,2001-12-26,2001-02,Newcastle,Middlesbrough,2.2,1.2,10.2,5.4,13.0,0.2,0.6,7.6,3.2,5.0,H
566,2001-12-26,2001-02,Southampton,Tottenham,1.6,1.6,11.0,5.0,9.0,2.0,1.4,12.0,5.2,9.0,H
567,2001-12-26,2001-02,West Ham,Derby,0.8,0.8,9.4,4.8,6.0,0.8,1.6,9.8,4.8,6.0,H
568,2001-12-29,2001-02,West Ham,Liverpool,1.6,0.6,10.2,5.6,9.0,1.0,1.4,13.4,5.6,7.0,D
569,2001-12-29,2001-02,Newcastle,Chelsea,2.6,1.0,11.4,6.0,15.0,2.0,0.8,14.2,5.2,7.0,A
570,2001-12-29,2001-02,Ipswich,Sunderland,1.0,1.2,10.8,4.0,6.0,1.0,0.4,10.8,5.4,10.0,H
571,2001-12-29,2001-02,Everton,Charlton,0.6,1.6,10.6,5.6,3.0,0.8,0.6,9.2,4.0,8.0,A
572,2001-12-29,2001-02,Southampton,Leeds,1.6,1.6,9.2,4.4,9.0,2.6,1.8,13.0,6.4,10.0,A
573,2001-12-29,2001-02,Blackburn,Derby,0.8,1.6,10.0,4.6,3.0,0.8,2.2,8.6,4.6,6.0,A
574,2001-12-29,2001-02,Arsenal,Middlesbrough,1.8,1.6,14.4,6.4,10.0,0.2,1.2,6.4,3.2,4.0,H
575,2001-12-29,2001-02,Bolton,Leicester,0.6,2.4,11.0,4.2,1.0,1.0,1.8,6.4,3.4,5.0,D
576,2001-12-29,2001-02,Aston Villa,Tottenham,1.4,2.0,10.0,4.6,4.0,1.8,1.6,12.0,5.8,6.0,D
577,2001-12-30,2001-02,Fulham,Man United,0.4,0.8,10.6,3.6,6.0,2.8,0.4,14.8,7.2,12.0,A
578,2002-01-01,2001-02,Charlton,Ipswich,1.2,0.6,8.6,3.8,8.0,2.0,0.8,12.0,5.2,9.0,H
579,2002-01-01,2001-02,Chelsea,Southampton,2.4,0.8,12.6,5.8,10.0,1.6,1.4,9.6,4.8,9.0,A
580,2002-01-01,2001-02,Leeds,West Ham,2.4,1.6,13.6,6.4,10.0,1.6,0.6,10.8,5.6,9.0,H
581,2002-01-01,2001-02,Liverpool,Bolton,0.8,1.6,14.2,6.2,5.0,0.6,2.2,10.2,3.6,2.0,D
582,2002-01-01,2001-02,Sunderland,Aston Villa,0.8,1.4,9.8,4.8,7.0,1.4,2.0,10.0,5.0,4.0,D
583,2002-01-01,2001-02,Tottenham,Blackburn,1.4,1.4,10.6,5.4,4.0,0.8,1.6,10.4,4.8,3.0,H
584,2002-01-01,2001-02,Middlesbrough,Everton,0.4,1.6,5.2,2.8,3.0,0.6,1.8,11.0,5.6,3.0,H
585,2002-01-02,2001-02,Derby,Fulham,0.8,2.2,6.8,4.4,6.0,0.8,1.4,11.4,4.4,5.0,A
586,2002-01-02,2001-02,Man United,Newcastle,3.4,0.6,15.2,8.0,15.0,2.6,1.4,12.0,6.4,12.0,H
587,2002-01-09,2001-02,Southampton,Liverpool,1.6,1.8,9.2,4.8,9.0,1.0,1.8,14.0,5.8,5.0,H
588,2002-01-12,2001-02,West Ham,Leicester,1.4,1.2,11.0,5.6,6.0,1.0,2.2,8.0,4.2,3.0,H
589,2002-01-12,2001-02,Fulham,Middlesbrough,0.6,1.4,11.0,4.4,5.0,0.4,1.6,5.6,2.6,3.0,H
590,2002-01-12,2001-02,Newcastle,Leeds,2.4,1.8,11.2,6.4,9.0,2.6,1.2,13.2,7.2,12.0,H
591,2002-01-12,2001-02,Ipswich,Tottenham,2.4,1.2,11.4,5.0,9.0,1.4,0.8,10.2,5.8,7.0,H
592,2002-01-12,2001-02,Everton,Sunderland,0.4,2.0,8.8,3.8,0.0,1.0,1.6,11.2,5.8,7.0,H
593,2002-01-12,2001-02,Blackburn,Charlton,0.6,1.4,9.8,5.0,3.0,1.2,0.8,9.0,4.2,8.0,H
594,2002-01-12,2001-02,Aston Villa,Derby,1.2,1.6,10.0,4.8,5.0,0.8,1.4,7.2,3.4,6.0,H
595,2002-01-12,2001-02,Bolton,Chelsea,0.8,2.2,10.4,4.2,3.0,2.8,1.6,13.2,6.4,9.0,D
596,2002-01-13,2001-02,Arsenal,Liverpool,1.6,1.4,14.6,6.0,10.0,1.0,1.4,12.2,5.0,5.0,D
597,2002-01-13,2001-02,Southampton,Man United,1.6,1.8,8.2,5.2,9.0,3.0,0.8,13.4,7.2,15.0,A
598,2002-01-19,2001-02,Tottenham,Everton,0.8,1.2,10.4,5.8,4.0,0.2,1.4,9.0,4.2,3.0,D
599,2002-01-19,2001-02,Sunderland,Fulham,1.0,1.4,11.4,5.4,7.0,1.0,1.6,13.2,5.8,7.0,D
600,2002-01-19,2001-02,Middlesbrough,Bolton,0.6,1.6,6.4,3.0,3.0,1.2,2.6,10.0,4.0,3.0,D
601,2002-01-19,2001-02,Man United,Blackburn,3.4,1.0,12.8,7.6,15.0,1.2,1.2,11.8,6.0,6.0,H
602,2002-01-19,2001-02,Leicester,Newcastle,1.0,1.6,7.4,4.0,3.0,2.4,1.8,13.6,7.4,9.0,D
603,2002-01-19,2001-02,Derby,Ipswich,1.0,1.6,7.2,3.2,6.0,2.6,1.0,10.2,5.4,12.0,A
604,2002-01-19,2001-02,Liverpool,Southampton,1.0,1.2,10.2,5.0,6.0,1.6,1.2,9.4,5.4,9.0,D
605,2002-01-20,2001-02,Chelsea,West Ham,2.4,2.0,11.8,5.2,7.0,1.4,1.0,11.6,6.2,8.0,H
606,2002-01-20,2001-02,Leeds,Arsenal,2.2,1.4,11.2,7.0,9.0,1.6,1.4,13.6,5.6,10.0,D
607,2002-01-21,2001-02,Charlton,Aston Villa,1.4,1.6,9.6,4.6,7.0,1.2,1.6,9.8,4.8,5.0,A
608,2002-01-22,2001-02,Man United,Liverpool,2.6,1.0,13.6,7.4,15.0,0.8,1.2,9.6,4.8,4.0,A
609,2002-01-23,2001-02,Leicester,Arsenal,0.6,1.2,8.0,4.0,3.0,1.6,1.0,11.6,5.2,11.0,A
610,2002-01-29,2001-02,Charlton,Derby,1.6,1.6,9.4,5.2,7.0,0.6,2.0,7.8,2.8,3.0,H
611,2002-01-29,2001-02,Bolton,Man United,1.2,1.8,9.4,4.0,4.0,2.2,1.2,13.8,6.6,12.0,A
612,2002-01-29,2001-02,Sunderland,Middlesbrough,1.0,1.6,12.6,6.0,5.0,0.8,1.6,7.4,3.0,4.0,A
613,2002-01-30,2001-02,Southampton,West Ham,1.6,1.4,9.4,4.8,7.0,1.4,1.8,11.2,6.4,7.0,H
614,2002-01-30,2001-02,Tottenham,Newcastle,0.8,1.0,10.4,5.4,5.0,1.6,1.2,12.8,6.6,7.0,A
615,2002-01-30,2001-02,Liverpool,Leicester,0.8,1.0,9.0,4.2,6.0,0.6,1.6,6.6,3.6,2.0,H
616,2002-01-30,2001-02,Ipswich,Fulham,2.8,1.0,10.4,5.6,12.0,1.2,1.0,12.6,6.0,8.0,H
617,2002-01-30,2001-02,Chelsea,Leeds,2.4,2.0,13.0,7.2,7.0,1.8,0.8,9.4,6.0,10.0,H
618,2002-01-30,2001-02,Blackburn,Arsenal,1.0,1.6,12.4,6.0,3.0,1.8,1.0,12.0,6.2,11.0,A
619,2002-01-30,2001-02,Aston Villa,Everton,1.4,1.2,9.2,4.8,8.0,0.4,1.4,8.2,3.6,4.0,D
620,2002-02-02,2001-02,Arsenal,Southampton,2.0,1.2,11.6,5.8,11.0,2.0,1.2,9.0,5.2,10.0,D
621,2002-02-02,2001-02,Derby,Tottenham,0.6,1.4,7.2,2.6,3.0,1.0,1.4,10.0,5.4,5.0,H
622,2002-02-02,2001-02,Everton,Ipswich,0.4,1.0,7.4,2.6,5.0,2.6,1.0,10.6,6.0,12.0,A
623,2002-02-02,2001-02,Fulham,Aston Villa,1.2,1.2,12.0,5.8,7.0,1.2,0.8,8.8,4.2,9.0,D
624,2002-02-02,2001-02,Leicester,Chelsea,0.6,1.4,6.6,3.4,2.0,2.6,1.6,14.0,7.2,10.0,A
625,2002-02-02,2001-02,Man United,Sunderland,2.4,0.8,14.2,7.0,12.0,0.4,1.8,13.6,6.2,2.0,H
626,2002-02-02,2001-02,Newcastle,Bolton,1.6,1.4,11.2,5.6,7.0,1.2,2.0,9.0,4.4,4.0,H
627,2002-02-02,2001-02,West Ham,Blackburn,0.6,2.2,10.6,5.4,4.0,1.4,1.6,13.0,6.2,3.0,H
628,2002-02-03,2001-02,Leeds,Liverpool,1.2,1.2,9.0,5.8,7.0,0.8,0.8,8.2,4.0,8.0,A
629,2002-02-03,2001-02,Middlesbrough,Charlton,1.0,1.0,7.6,3.0,7.0,1.8,1.6,10.0,5.2,9.0,D
630,2002-02-09,2001-02,Tottenham,Leicester,0.8,1.4,10.0,5.2,4.0,0.6,1.6,7.0,3.6,1.0,H
631,2002-02-09,2001-02,Newcastle,Southampton,2.0,1.4,11.2,5.4,10.0,1.4,1.0,8.2,4.4,8.0,H
632,2002-02-09,2001-02,Middlesbrough,Leeds,0.8,0.6,8.4,3.2,8.0,1.0,2.0,9.0,5.4,4.0,D
633,2002-02-09,2001-02,Ipswich,Liverpool,2.0,1.2,9.0,5.0,12.0,1.6,0.4,9.0,4.6,11.0,A
634,2002-02-09,2001-02,Derby,Sunderland,0.6,1.4,8.2,3.0,3.0,0.6,1.6,12.8,6.2,2.0,A
635,2002-02-09,2001-02,Bolton,West Ham,1.2,2.2,10.0,5.0,3.0,0.8,2.0,9.8,5.0,6.0,H
636,2002-02-09,2001-02,Aston Villa,Chelsea,1.0,0.6,9.4,4.6,9.0,2.8,1.8,13.4,6.6,10.0,D
637,2002-02-09,2001-02,Fulham,Blackburn,0.8,0.6,10.4,4.6,8.0,1.4,1.8,12.6,5.6,3.0,H
638,2002-02-10,2001-02,Charlton,Man United,1.2,1.6,10.0,4.8,7.0,2.6,0.8,15.6,7.2,12.0,A
639,2002-02-10,2001-02,Everton,Arsenal,0.6,0.8,7.8,2.8,5.0,1.8,1.2,11.2,5.4,9.0,A
640,2002-02-19,2001-02,Middlesbrough,Fulham,1.0,1.0,8.4,3.4,6.0,1.0,0.6,11.4,5.4,8.0,H
641,2002-02-23,2001-02,Leicester,Derby,0.8,1.8,7.4,4.2,1.0,0.6,1.4,8.0,3.8,3.0,A
642,2002-02-23,2001-02,Arsenal,Fulham,1.8,1.0,10.2,5.2,11.0,0.8,0.8,9.6,4.2,5.0,H
643,2002-02-23,2001-02,Liverpool,Everton,2.6,0.2,10.8,6.4,13.0,0.6,0.8,6.8,2.6,5.0,D
644,2002-02-23,2001-02,Man United,Aston Villa,2.4,0.6,15.4,6.8,12.0,1.0,0.6,9.2,4.4,9.0,H
645,2002-02-23,2001-02,Southampton,Bolton,1.2,1.6,8.6,3.8,5.0,1.2,2.0,9.4,4.4,5.0,D
646,2002-02-23,2001-02,West Ham,Middlesbrough,0.8,1.6,9.8,4.6,6.0,1.2,0.8,9.0,3.6,9.0,H
647,2002-02-24,2001-02,Leeds,Charlton,0.8,2.4,8.6,4.4,2.0,0.6,1.6,9.2,3.4,4.0,D
648,2002-02-24,2001-02,Sunderland,Newcastle,0.6,1.4,10.8,4.8,4.0,2.4,1.0,12.2,6.2,13.0,A
649,2002-03-02,2001-02,Middlesbrough,Leicester,1.0,0.8,8.2,3.8,8.0,0.8,2.4,7.0,4.0,0.0,H
650,2002-03-02,2001-02,Tottenham,Sunderland,1.0,1.6,10.0,4.6,4.0,0.6,1.4,11.8,5.4,4.0,H
651,2002-03-02,2001-02,Ipswich,Southampton,1.6,1.8,8.6,4.6,12.0,1.0,1.0,7.8,3.4,6.0,A
652,2002-03-02,2001-02,Newcastle,Arsenal,2.0,0.8,11.6,5.6,13.0,2.4,1.0,11.6,6.0,13.0,A
653,2002-03-02,2001-02,Charlton,Chelsea,0.4,0.8,9.2,2.6,5.0,2.6,1.2,12.6,6.0,11.0,H
654,2002-03-02,2001-02,Aston Villa,West Ham,0.6,0.6,8.2,3.8,6.0,0.8,1.6,10.0,4.8,6.0,H
655,2002-03-02,2001-02,Fulham,Liverpool,0.8,1.4,9.0,4.8,4.0,2.6,0.2,11.6,6.4,13.0,A
656,2002-03-02,2001-02,Bolton,Blackburn,0.8,1.6,8.0,3.8,5.0,1.4,2.0,12.4,5.4,3.0,D
657,2002-03-03,2001-02,Derby,Man United,1.0,1.0,8.4,4.4,6.0,2.2,0.4,15.0,6.4,12.0,D
658,2002-03-03,2001-02,Everton,Leeds,0.6,1.0,6.2,2.2,3.0,0.6,1.8,9.8,3.6,3.0,D
659,2002-03-05,2001-02,Arsenal,Derby,2.2,0.8,10.8,5.6,13.0,1.2,0.8,8.2,4.8,7.0,H
660,2002-03-05,2001-02,Blackburn,Aston Villa,0.8,2.0,10.0,3.8,1.0,0.6,0.6,8.8,4.6,6.0,H
661,2002-03-05,2001-02,Sunderland,Bolton,0.6,1.6,10.0,4.2,3.0,0.8,1.6,8.8,4.0,5.0,H
662,2002-03-06,2001-02,West Ham,Everton,0.8,1.0,9.8,4.6,6.0,0.4,0.8,7.8,3.2,3.0,H
663,2002-03-06,2001-02,Southampton,Middlesbrough,1.4,1.0,7.6,3.8,8.0,1.0,0.8,9.2,4.8,8.0,D
664,2002-03-06,2001-02,Man United,Tottenham,2.6,0.6,17.0,7.6,13.0,1.2,1.4,11.2,4.8,7.0,H
665,2002-03-06,2001-02,Liverpool,Newcastle,2.8,0.2,11.8,6.2,13.0,2.0,1.2,12.4,6.2,12.0,H
666,2002-03-06,2001-02,Chelsea,Fulham,2.4,1.2,11.6,5.6,10.0,0.8,1.6,9.8,5.2,4.0,H
667,2002-03-06,2001-02,Leeds,Ipswich,0.4,1.6,10.0,4.0,3.0,1.4,2.2,8.6,4.4,9.0,H
668,2002-03-09,2001-02,Leicester,Charlton,0.6,2.0,7.6,3.8,0.0,0.6,0.6,9.2,2.8,8.0,D
669,2002-03-13,2001-02,Blackburn,Ipswich,1.2,1.6,12.2,4.8,4.0,0.8,2.4,7.8,4.0,6.0,H
670,2002-03-13,2001-02,Chelsea,Tottenham,2.0,1.4,10.0,4.2,10.0,1.0,2.0,10.2,4.4,6.0,H
671,2002-03-16,2001-02,Newcastle,Ipswich,1.4,1.6,12.6,5.8,9.0,0.8,2.8,6.4,3.0,3.0,D
672,2002-03-16,2001-02,Southampton,Leicester,1.2,1.2,7.4,3.0,6.0,0.8,2.0,9.0,4.8,1.0,D
673,2002-03-16,2001-02,West Ham,Man United,1.0,0.6,10.8,5.0,9.0,2.6,0.6,17.8,8.0,13.0,A
674,2002-03-16,2001-02,Everton,Fulham,0.4,1.0,7.8,3.6,2.0,1.2,2.2,10.4,5.8,3.0,H
675,2002-03-16,2001-02,Chelsea,Sunderland,2.4,1.4,12.0,6.2,10.0,0.8,1.4,8.6,3.4,6.0,H
676,2002-03-16,2001-02,Bolton,Derby,0.8,1.0,7.8,4.0,5.0,1.2,0.8,7.6,4.4,7.0,A
677,2002-03-16,2001-02,Middlesbrough,Liverpool,1.2,1.0,8.6,4.4,8.0,3.2,0.2,14.2,7.6,13.0,A
678,2002-03-17,2001-02,Aston Villa,Arsenal,0.6,1.2,8.4,5.0,5.0,1.8,0.4,12.4,6.2,13.0,A
679,2002-03-17,2001-02,Leeds,Blackburn,0.8,1.2,11.0,4.6,6.0,1.2,1.2,12.4,5.4,7.0,H
680,2002-03-18,2001-02,Tottenham,Charlton,0.8,2.2,9.6,3.2,6.0,0.6,0.8,9.2,3.4,6.0,A
681,2002-03-23,2001-02,Sunderland,Southampton,0.6,1.4,9.0,3.4,6.0,1.4,1.4,8.4,3.8,6.0,D
682,2002-03-23,2001-02,Man United,Middlesbrough,2.8,1.0,17.0,8.2,13.0,1.0,1.0,9.6,4.4,7.0,A
683,2002-03-23,2001-02,Leicester,Leeds,0.8,1.8,7.0,3.8,2.0,1.4,0.6,12.0,5.2,9.0,A
684,2002-03-23,2001-02,Derby,Everton,1.6,1.0,5.8,3.4,7.0,0.6,0.8,7.0,3.2,5.0,A
685,2002-03-23,2001-02,Charlton,Bolton,0.8,0.8,9.6,3.8,8.0,0.6,1.0,7.0,3.2,5.0,A
686,2002-03-23,2001-02,Ipswich,Aston Villa,0.8,3.0,6.8,3.2,1.0,0.8,1.6,7.0,3.8,4.0,D
687,2002-03-24,2001-02,Fulham,Tottenham,1.0,2.6,10.0,5.2,0.0,0.8,2.2,10.8,3.6,6.0,A
688,2002-03-24,2001-02,Liverpool,Chelsea,2.8,0.4,13.6,7.6,13.0,2.6,1.0,12.6,6.6,10.0,H
689,2002-03-29,2001-02,Newcastle,Everton,1.2,1.6,14.6,6.2,7.0,1.4,1.2,7.4,4.2,8.0,H
690,2002-03-30,2001-02,Middlesbrough,Tottenham,0.8,0.8,8.4,4.0,7.0,0.8,2.0,10.6,3.6,6.0,D
691,2002-03-30,2001-02,West Ham,Ipswich,1.2,1.6,10.2,4.4,6.0,0.8,1.8,8.6,3.4,2.0,H
692,2002-03-30,2001-02,Southampton,Fulham,1.4,1.0,9.0,4.6,7.0,0.8,2.6,9.8,4.8,0.0,D
693,2002-03-30,2001-02,Liverpool,Charlton,1.8,0.4,12.4,6.2,13.0,1.0,0.8,9.0,4.4,8.0,H
694,2002-03-30,2001-02,Chelsea,Derby,2.4,1.0,12.8,6.2,9.0,2.2,1.6,6.4,3.4,7.0,H
695,2002-03-30,2001-02,Leeds,Man United,1.4,0.2,12.4,5.6,11.0,2.4,1.2,18.6,8.0,10.0,A
696,2002-03-30,2001-02,Leicester,Blackburn,0.6,1.8,7.8,3.6,2.0,1.4,1.4,12.6,6.6,7.0,H
697,2002-03-30,2001-02,Bolton,Aston Villa,0.8,1.2,7.4,3.4,5.0,0.6,1.4,6.8,3.6,4.0,H
698,2002-03-30,2001-02,Arsenal,Sunderland,2.0,0.4,10.8,6.0,15.0,0.6,1.6,9.4,4.0,4.0,H
699,2002-04-01,2001-02,Blackburn,Southampton,1.6,1.4,13.0,6.2,7.0,1.6,1.2,9.6,5.4,7.0,H
700,2002-04-01,2001-02,Charlton,Arsenal,1.0,1.2,8.4,4.2,7.0,2.4,0.4,12.2,7.4,15.0,A
701,2002-04-01,2001-02,Derby,Middlesbrough,1.8,2.0,5.8,2.8,4.0,1.0,0.8,8.6,3.8,8.0,A
702,2002-04-01,2001-02,Everton,Bolton,1.6,2.2,7.6,4.4,7.0,1.4,1.6,8.4,4.2,7.0,H
703,2002-04-01,2001-02,Fulham,West Ham,0.8,2.0,10.0,4.2,1.0,1.8,1.6,12.0,6.2,9.0,A
704,2002-04-01,2001-02,Ipswich,Chelsea,0.8,1.8,9.4,3.6,2.0,2.6,0.8,14.6,7.0,12.0,D
705,2002-04-01,2001-02,Sunderland,Leicester,0.6,2.0,9.8,4.2,4.0,1.0,1.4,8.4,4.2,5.0,H
706,2002-04-01,2001-02,Tottenham,Leeds,0.6,2.0,9.2,3.4,4.0,2.0,1.0,12.8,7.4,10.0,H
707,2002-04-02,2001-02,Aston Villa,Newcastle,1.0,1.8,7.8,3.8,4.0,1.8,1.8,15.0,6.0,7.0,D
708,2002-04-06,2001-02,West Ham,Charlton,1.8,1.6,10.2,5.0,9.0,0.6,1.6,7.6,4.0,4.0,H
709,2002-04-06,2001-02,Southampton,Derby,1.0,1.4,9.6,5.0,4.0,1.4,1.8,4.8,2.2,3.0,H
710,2002-04-06,2001-02,Middlesbrough,Aston Villa,1.0,0.8,7.6,2.6,8.0,0.8,1.8,9.0,3.8,2.0,H
711,2002-04-06,2001-02,Leicester,Man United,1.2,1.6,9.0,5.4,5.0,3.0,1.8,18.4,8.6,10.0,A
712,2002-04-06,2001-02,Chelsea,Everton,2.0,0.4,13.2,5.8,10.0,2.2,2.4,7.2,4.0,9.0,H
713,2002-04-06,2001-02,Bolton,Ipswich,1.4,2.0,8.6,3.8,6.0,0.8,1.4,9.4,4.0,3.0,H
714,2002-04-06,2001-02,Arsenal,Tottenham,2.2,0.2,11.4,7.0,15.0,1.0,1.4,9.4,4.0,7.0,H
715,2002-04-07,2001-02,Leeds,Sunderland,2.2,1.4,14.8,8.4,9.0,0.8,1.8,10.8,5.6,7.0,H
716,2002-04-08,2001-02,Newcastle,Fulham,1.8,2.0,13.6,5.2,5.0,0.8,1.8,9.8,3.6,1.0,D
717,2002-04-10,2001-02,Blackburn,Chelsea,1.8,1.2,13.2,6.4,9.0,1.8,0.4,12.2,4.8,10.0,D
718,2002-04-13,2001-02,Aston Villa,Leeds,1.0,1.6,10.2,4.8,2.0,2.2,1.4,15.4,8.4,9.0,A
719,2002-04-13,2001-02,Charlton,Southampton,0.4,1.8,9.0,4.4,3.0,1.2,1.2,9.8,5.2,6.0,D
720,2002-04-13,2001-02,Derby,Newcastle,1.4,2.0,6.4,2.8,3.0,2.0,1.8,12.4,4.8,6.0,A
721,2002-04-13,2001-02,Everton,Leicester,2.2,2.8,8.4,4.8,9.0,1.0,1.6,9.6,5.0,4.0,D
722,2002-04-13,2001-02,Sunderland,Liverpool,0.6,2.2,10.2,4.8,4.0,2.0,0.2,12.6,6.8,15.0,A
723,2002-04-13,2001-02,Tottenham,West Ham,1.2,1.0,8.8,4.4,7.0,2.0,1.2,11.6,5.2,12.0,D
724,2002-04-20,2001-02,West Ham,Sunderland,2.0,1.4,10.8,5.0,10.0,0.6,1.6,10.6,5.2,4.0,H
725,2002-04-20,2001-02,Newcastle,Charlton,2.6,1.6,13.2,6.2,9.0,0.4,2.0,8.6,4.6,1.0,H
726,2002-04-20,2001-02,Middlesbrough,Blackburn,1.2,0.8,8.2,3.0,10.0,1.2,1.2,12.0,6.0,7.0,A
727,2002-04-20,2001-02,Liverpool,Derby,1.8,0.2,12.6,7.0,15.0,1.2,2.4,7.0,2.8,0.0,H
728,2002-04-20,2001-02,Southampton,Everton,1.0,1.0,10.0,5.4,6.0,2.2,3.0,10.6,6.0,7.0,A
729,2002-04-20,2001-02,Leeds,Fulham,1.8,1.2,12.8,7.2,9.0,0.6,1.4,8.4,3.0,2.0,A
730,2002-04-20,2001-02,Bolton,Tottenham,2.2,2.0,8.4,4.0,9.0,1.4,1.0,9.4,4.6,8.0,D
731,2002-04-20,2001-02,Leicester,Aston Villa,1.0,1.6,9.6,4.6,4.0,0.8,1.4,10.6,5.2,2.0,D
732,2002-04-20,2001-02,Chelsea,Man United,1.0,0.4,11.4,3.8,8.0,2.8,1.4,16.6,7.6,12.0,A
733,2002-04-21,2001-02,Arsenal,Ipswich,2.2,0.4,12.2,6.8,15.0,0.8,1.8,10.0,4.2,3.0,H
734,2002-04-23,2001-02,Blackburn,Newcastle,1.4,1.2,11.6,5.6,7.0,2.8,1.2,11.6,6.2,11.0,D
735,2002-04-23,2001-02,Fulham,Bolton,0.6,1.0,7.6,2.8,5.0,2.2,1.6,9.8,4.8,10.0,H
736,2002-04-24,2001-02,Arsenal,West Ham,2.4,0.4,12.8,6.8,15.0,2.0,0.4,12.0,5.8,13.0,H
737,2002-04-24,2001-02,Ipswich,Middlesbrough,0.4,1.8,10.0,3.8,2.0,1.2,1.0,6.8,2.4,10.0,H
738,2002-04-27,2001-02,Derby,Leeds,0.6,2.0,5.4,2.2,0.0,1.4,1.4,12.2,6.4,6.0,A
739,2002-04-27,2001-02,Tottenham,Liverpool,1.2,1.2,9.2,4.6,6.0,1.6,0.2,10.6,5.8,15.0,H
740,2002-04-27,2001-02,Newcastle,West Ham,2.0,1.2,12.2,6.2,9.0,1.4,0.6,9.4,3.8,10.0,H
741,2002-04-27,2001-02,Middlesbrough,Chelsea,1.0,1.2,8.4,2.6,7.0,1.0,0.8,10.8,4.0,8.0,A
742,2002-04-27,2001-02,Aston Villa,Southampton,1.2,1.8,12.6,7.0,2.0,0.8,1.0,8.4,3.8,5.0,H
743,2002-04-27,2001-02,Fulham,Leicester,1.2,0.6,8.2,3.6,8.0,1.4,1.6,9.4,5.0,5.0,D
744,2002-04-27,2001-02,Charlton,Sunderland,0.2,2.2,8.2,4.0,1.0,0.4,2.0,10.6,4.8,3.0,D
745,2002-04-27,2001-02,Ipswich,Man United,0.6,1.8,10.8,4.6,4.0,2.6,1.4,12.8,5.8,12.0,A
746,2002-04-28,2001-02,Everton,Blackburn,1.6,2.4,10.4,5.6,7.0,1.6,1.0,11.0,5.0,8.0,A
747,2002-04-29,2001-02,Bolton,Arsenal,1.8,2.0,10.0,4.4,7.0,2.4,0.2,15.6,8.0,15.0,A
748,2002-05-08,2001-02,Man United,Arsenal,1.8,0.8,13.2,5.6,12.0,2.2,0.2,14.6,6.8,15.0,A
749,2002-05-08,2001-02,Liverpool,Blackburn,1.2,0.2,11.2,5.8,12.0,1.8,0.8,11.4,5.4,11.0,H
750,2002-05-11,2001-02,Arsenal,Everton,1.8,0.2,13.2,5.6,15.0,1.4,1.6,11.0,5.6,7.0,H
751,2002-05-11,2001-02,Sunderland,Derby,0.8,1.8,9.2,4.4,4.0,0.4,1.8,6.8,2.2,0.0,D
752,2002-05-11,2001-02,Southampton,Newcastle,0.8,1.2,7.6,3.2,4.0,2.4,1.2,14.2,7.0,11.0,H
753,2002-05-11,2001-02,Man United,Charlton,1.8,0.8,11.4,5.4,12.0,0.6,2.2,9.2,5.2,2.0,D
754,2002-05-11,2001-02,Liverpool,Ipswich,1.8,0.8,12.6,6.4,12.0,0.4,1.4,10.8,4.4,4.0,H
755,2002-05-11,2001-02,West Ham,Bolton,1.4,1.2,11.0,4.4,7.0,1.2,2.0,9.6,3.4,4.0,H
756,2002-05-11,2001-02,Leeds,Middlesbrough,1.0,0.6,11.0,5.0,9.0,0.8,1.4,8.8,2.4,6.0,H
757,2002-05-11,2001-02,Chelsea,Aston Villa,1.0,0.6,11.0,4.4,8.0,1.2,1.4,12.4,7.4,5.0,A
758,2002-05-11,2001-02,Blackburn,Fulham,2.0,1.6,11.8,6.0,8.0,1.0,0.4,8.6,3.6,8.0,H
759,2002-05-11,2001-02,Leicester,Tottenham,1.0,1.4,8.4,4.2,3.0,1.2,1.0,9.4,4.4,8.0,H
760,2002-08-17,2002-03,Blackburn,Sunderland,2.6,1.6,12.2,7.2,10.0,0.6,1.8,12.0,5.0,2.0,D
761,2002-08-17,2002-03,Charlton,Chelsea,0.6,1.6,10.4,5.4,3.0,1.2,1.2,12.6,5.2,7.0,A
762,2002-08-17,2002-03,Everton,Tottenham,1.4,2.2,11.8,5.8,4.0,1.0,1.2,10.4,4.6,5.0,D
763,2002-08-17,2002-03,Fulham,Bolton,1.0,0.8,7.8,3.6,8.0,1.2,1.8,9.2,3.6,4.0,H
764,2002-08-17,2002-03,Leeds,Man City,1.0,0.2,11.4,4.4,12.0,1.2,1.2,8.8,4.8,7.0,H
766,2002-08-17,2002-03,Southampton,Middlesbrough,1.4,1.0,8.0,3.4,7.0,0.6,1.6,9.0,2.8,3.0,D
768,2002-08-18,2002-03,Aston Villa,Liverpool,1.6,1.4,12.2,8.2,7.0,2.4,0.8,12.8,6.4,12.0,A
769,2002-08-19,2002-03,Newcastle,West Ham,2.4,1.6,16.0,7.8,10.0,1.4,1.4,12.2,5.6,7.0,H
770,2002-08-23,2002-03,Chelsea,Man United,1.2,1.6,13.0,6.0,7.0,1.0,0.2,12.8,7.0,10.0,D
772,2002-08-24,2002-03,Bolton,Charlton,0.6,2.4,8.0,2.8,1.0,1.0,1.8,7.8,4.8,3.0,A
773,2002-08-24,2002-03,Liverpool,Southampton,2.4,0.8,13.2,6.6,12.0,1.0,1.0,8.4,3.4,5.0,H
774,2002-08-24,2002-03,Man City,Newcastle,0.8,1.6,10.8,6.2,4.0,2.6,1.2,15.6,8.0,10.0,H
775,2002-08-24,2002-03,Middlesbrough,Fulham,0.2,1.4,9.8,3.2,1.0,1.6,0.8,9.4,4.2,10.0,D
776,2002-08-24,2002-03,Sunderland,Everton,0.6,1.4,11.8,5.6,3.0,1.8,2.0,12.0,6.4,5.0,A
777,2002-08-24,2002-03,Tottenham,Aston Villa,1.2,1.2,12.0,5.2,6.0,1.4,1.2,12.0,7.4,7.0,H
779,2002-08-24,2002-03,West Ham,Arsenal,1.2,2.0,11.2,5.4,6.0,2.2,0.6,13.0,5.6,15.0,D
781,2002-08-27,2002-03,Charlton,Tottenham,1.2,1.8,7.8,4.6,5.0,1.2,1.0,10.4,4.6,8.0,A
782,2002-08-28,2002-03,Leeds,Sunderland,1.6,0.4,12.4,5.0,12.0,0.6,1.4,12.4,5.2,3.0,A
784,2002-08-28,2002-03,Southampton,Chelsea,0.8,1.4,7.8,2.4,4.0,1.6,2.0,13.6,6.6,7.0,D
785,2002-08-28,2002-03,Aston Villa,Man City,1.4,1.2,13.6,8.0,7.0,0.8,1.4,13.6,7.8,6.0,H
786,2002-08-28,2002-03,Blackburn,Liverpool,1.8,1.0,13.6,8.0,10.0,2.6,0.8,13.8,7.4,12.0,D
788,2002-08-31,2002-03,Tottenham,Southampton,1.2,0.8,9.8,4.0,10.0,1.0,1.4,9.0,3.2,5.0,H
789,2002-08-31,2002-03,Sunderland,Man United,0.8,0.8,12.2,5.0,6.0,0.8,0.6,13.4,7.4,8.0,D
790,2002-08-31,2002-03,West Ham,Charlton,1.0,2.4,9.6,4.8,4.0,1.2,1.4,9.0,5.4,5.0,A
791,2002-08-31,2002-03,Man City,Everton,0.6,1.6,11.8,6.2,3.0,1.6,1.8,11.8,5.6,5.0,H
793,2002-08-31,2002-03,Middlesbrough,Blackburn,0.4,1.2,9.4,3.4,2.0,1.8,1.2,12.2,7.6,8.0,H
794,2002-09-01,2002-03,Bolton,Aston Villa,0.6,2.6,8.4,3.4,0.0,1.2,0.8,12.6,7.0,9.0,H
795,2002-09-01,2002-03,Chelsea,Arsenal,1.8,1.6,14.2,6.8,8.0,2.8,1.4,11.2,5.6,13.0,D
796,2002-09-02,2002-03,Liverpool,Newcastle,3.0,1.0,12.6,6.6,13.0,2.0,1.4,15.0,7.6,7.0,D
797,2002-09-03,2002-03,Man United,Middlesbrough,0.8,0.8,14.2,7.8,6.0,0.6,1.0,8.2,3.2,5.0,H
798,2002-09-10,2002-03,Arsenal,Man City,2.8,1.6,11.8,6.2,11.0,1.0,1.4,11.0,6.0,6.0,H
799,2002-09-10,2002-03,Middlesbrough,Sunderland,0.6,0.8,7.2,3.4,5.0,0.6,0.6,13.4,5.4,6.0,H
800,2002-09-11,2002-03,Newcastle,Leeds,2.0,1.4,13.0,7.0,7.0,1.6,0.8,14.2,6.4,9.0,A
802,2002-09-11,2002-03,Man United,Bolton,1.0,0.6,13.8,7.4,9.0,0.8,2.0,9.6,4.2,3.0,A
803,2002-09-11,2002-03,Southampton,Everton,1.0,1.4,10.6,4.2,5.0,1.6,2.0,12.6,6.4,5.0,H
804,2002-09-11,2002-03,Fulham,Tottenham,1.2,1.4,8.8,3.0,5.0,1.4,1.0,11.2,4.6,10.0,H
805,2002-09-11,2002-03,Blackburn,Chelsea,1.2,0.6,12.4,7.6,8.0,1.6,1.8,13.0,5.6,6.0,A
807,2002-09-11,2002-03,Aston Villa,Charlton,0.8,0.8,13.4,7.0,6.0,1.2,1.0,7.8,4.6,7.0,H
808,2002-09-14,2002-03,West Brom,Southampton,1.0,1.8,8.0,4.6,6.0,0.6,1.2,11.4,5.0,5.0,H
809,2002-09-14,2002-03,Sunderland,Fulham,0.4,1.0,9.8,4.2,5.0,1.8,1.8,9.6,4.2,7.0,A
810,2002-09-14,2002-03,Everton,Middlesbrough,1.0,1.4,13.4,7.2,5.0,1.2,0.6,7.6,4.2,8.0,H
811,2002-09-14,2002-03,Leeds,Man United,1.8,0.8,13.2,6.6,9.0,1.0,0.8,15.8,9.0,8.0,H
812,2002-09-14,2002-03,Charlton,Arsenal,1.2,1.4,7.2,3.8,6.0,2.4,1.2,11.0,6.0,11.0,A
813,2002-09-14,2002-03,Bolton,Liverpool,1.0,1.6,10.2,5.6,6.0,2.0,1.2,13.4,7.8,9.0,A
814,2002-09-14,2002-03,Chelsea,Newcastle,2.0,1.6,12.8,6.2,9.0,1.4,1.6,14.2,8.2,4.0,H
815,2002-09-15,2002-03,Man City,Blackburn,1.0,1.4,11.4,6.6,6.0,1.0,1.2,11.2,6.2,5.0,D
816,2002-09-15,2002-03,Tottenham,West Ham,1.6,1.2,10.0,4.2,10.0,0.8,2.0,9.2,5.0,4.0,H
817,2002-09-16,2002-03,Birmingham,Aston Villa,1.0,1.4,8.4,4.2,5.0,0.6,0.6,12.8,5.8,6.0,H
818,2002-09-21,2002-03,Newcastle,Sunderland,1.2,1.6,12.0,6.6,4.0,0.4,1.6,10.0,4.6,4.0,H
819,2002-09-21,2002-03,West Ham,Man City,0.8,2.4,8.0,3.2,1.0,1.4,1.2,10.8,6.0,7.0,D
820,2002-09-21,2002-03,Middlesbrough,Birmingham,1.4,1.0,7.4,4.2,7.0,1.6,1.0,9.4,5.0,8.0,H
821,2002-09-21,2002-03,Southampton,Charlton,0.6,1.4,11.0,5.0,4.0,0.8,1.4,8.0,3.4,6.0,D
822,2002-09-21,2002-03,Liverpool,West Brom,2.4,1.6,13.4,8.2,9.0,1.2,1.6,9.0,5.0,9.0,H
823,2002-09-21,2002-03,Arsenal,Bolton,2.6,1.2,10.0,6.2,11.0,1.2,1.8,9.6,5.8,6.0,H
824,2002-09-21,2002-03,Man United,Tottenham,0.8,1.0,13.0,7.4,5.0,1.8,1.2,10.4,3.8,12.0,H
825,2002-09-22,2002-03,Aston Villa,Everton,0.6,1.0,12.2,5.0,6.0,1.0,1.2,13.4,7.0,7.0,H
826,2002-09-22,2002-03,Blackburn,Leeds,1.4,1.6,10.6,6.8,5.0,1.4,0.8,12.2,5.4,9.0,H
827,2002-09-23,2002-03,Fulham,Chelsea,2.4,1.2,9.4,4.6,10.0,2.0,1.2,10.0,4.8,9.0,D
828,2002-09-28,2002-03,Tottenham,Middlesbrough,1.6,1.4,10.8,4.2,9.0,1.2,0.6,8.0,4.4,9.0,A
829,2002-09-28,2002-03,Sunderland,Aston Villa,0.4,1.8,9.0,4.8,4.0,1.2,1.2,11.0,5.0,9.0,H
830,2002-09-28,2002-03,Man City,Liverpool,1.2,1.2,8.4,4.8,5.0,2.2,1.6,14.8,9.2,9.0,A
831,2002-09-28,2002-03,Leeds,Arsenal,0.8,0.8,11.4,5.6,6.0,2.6,1.0,11.0,7.0,13.0,A
832,2002-09-28,2002-03,Everton,Fulham,1.2,1.8,14.0,7.4,4.0,1.6,1.0,8.4,4.0,8.0,H
833,2002-09-28,2002-03,Charlton,Man United,0.4,1.2,7.6,3.6,4.0,0.6,0.6,14.4,7.8,7.0,A
834,2002-09-28,2002-03,Bolton,Southampton,1.2,1.4,10.6,6.2,6.0,0.6,0.8,12.2,5.8,5.0,D
835,2002-09-28,2002-03,Birmingham,Newcastle,1.6,1.0,8.8,3.6,8.0,0.8,1.6,11.6,5.8,4.0,A
836,2002-09-28,2002-03,Chelsea,West Ham,1.6,0.8,10.0,4.6,9.0,0.8,1.6,8.4,3.4,2.0,A
837,2002-09-30,2002-03,West Brom,Blackburn,1.0,1.4,7.6,5.0,9.0,1.4,1.6,10.2,6.4,5.0,A
838,2002-10-05,2002-03,Middlesbrough,Bolton,1.6,0.6,10.2,6.2,9.0,1.2,1.2,11.4,6.4,7.0,H
839,2002-10-05,2002-03,Newcastle,West Brom,1.2,1.4,12.4,5.8,7.0,0.6,0.8,7.8,5.4,9.0,H
840,2002-10-05,2002-03,Southampton,Man City,0.6,0.8,11.8,6.2,5.0,1.2,1.6,9.8,5.8,5.0,H
841,2002-10-05,2002-03,West Ham,Birmingham,1.0,1.6,10.0,4.8,4.0,1.4,1.2,10.0,4.2,7.0,A
842,2002-10-06,2002-03,Liverpool,Chelsea,2.4,1.2,15.6,9.8,11.0,1.8,1.2,10.4,5.8,8.0,H
843,2002-10-06,2002-03,Blackburn,Tottenham,1.4,1.2,10.8,6.6,7.0,1.4,2.0,11.8,4.8,6.0,A
844,2002-10-06,2002-03,Fulham,Charlton,1.2,1.0,8.8,4.4,7.0,0.6,1.6,7.0,3.2,4.0,H
845,2002-10-06,2002-03,Aston Villa,Leeds,1.0,1.4,11.2,4.8,6.0,1.0,1.4,9.2,4.4,6.0,D
846,2002-10-06,2002-03,Arsenal,Sunderland,2.4,0.8,10.4,6.6,13.0,0.4,1.8,8.8,5.2,4.0,H
847,2002-10-07,2002-03,Man United,Everton,1.0,0.6,13.0,7.2,9.0,1.4,1.6,14.8,8.4,6.0,H
848,2002-10-19,2002-03,West Brom,Birmingham,0.6,1.2,7.2,5.0,6.0,1.4,1.2,10.2,4.0,7.0,D
849,2002-10-19,2002-03,Man City,Chelsea,0.6,1.8,10.6,5.4,2.0,1.6,1.2,10.4,5.4,7.0,A
850,2002-10-19,2002-03,Leeds,Liverpool,0.8,1.0,8.8,3.8,7.0,2.2,0.8,13.6,9.2,13.0,A
851,2002-10-19,2002-03,Sunderland,West Ham,0.4,2.2,7.2,4.6,3.0,1.2,1.6,10.8,5.2,4.0,A
852,2002-10-19,2002-03,Everton,Arsenal,1.2,1.6,13.6,7.6,6.0,2.8,0.8,10.6,6.6,15.0,H
853,2002-10-19,2002-03,Blackburn,Newcastle,1.6,1.4,11.2,6.6,7.0,1.2,1.2,13.0,6.2,9.0,H
854,2002-10-19,2002-03,Fulham,Man United,1.4,0.8,9.4,5.2,10.0,1.4,0.6,15.0,9.4,9.0,D
855,2002-10-20,2002-03,Charlton,Middlesbrough,0.2,1.8,8.8,4.0,1.0,2.0,0.4,11.8,6.0,12.0,H
856,2002-10-20,2002-03,Tottenham,Bolton,1.4,2.0,10.0,4.4,6.0,1.0,1.6,11.0,6.0,4.0,H
857,2002-10-21,2002-03,Aston Villa,Southampton,1.0,1.2,12.0,4.8,7.0,0.8,0.4,12.6,7.2,8.0,A
858,2002-10-23,2002-03,Fulham,West Ham,1.0,0.6,9.2,4.8,8.0,1.4,1.4,11.2,4.8,7.0,A
859,2002-10-26,2002-03,Middlesbrough,Leeds,1.4,0.6,11.8,5.6,9.0,0.4,1.2,8.4,3.6,4.0,D
860,2002-10-26,2002-03,Newcastle,Charlton,1.6,1.8,9.6,5.0,9.0,0.4,1.4,10.0,5.0,4.0,H
861,2002-10-26,2002-03,Liverpool,Tottenham,2.0,0.4,13.8,8.4,15.0,1.6,1.6,9.8,4.2,9.0,H
862,2002-10-26,2002-03,Man United,Aston Villa,1.6,0.6,12.0,7.6,10.0,0.6,1.4,13.2,6.0,4.0,D
863,2002-10-26,2002-03,Birmingham,Man City,1.2,1.0,10.4,3.6,7.0,0.4,2.0,11.8,6.2,2.0,A
864,2002-10-26,2002-03,Arsenal,Blackburn,2.6,1.0,9.8,6.2,12.0,2.2,1.2,13.2,7.6,10.0,A
865,2002-10-26,2002-03,Chelsea,West Brom,1.6,0.8,9.2,4.8,7.0,0.6,1.4,9.6,5.4,4.0,H
866,2002-10-27,2002-03,Southampton,Fulham,0.8,0.4,13.0,7.2,8.0,0.4,0.8,9.4,4.4,5.0,H
867,2002-10-27,2002-03,West Ham,Everton,1.2,0.8,10.2,5.4,10.0,1.6,1.6,12.0,6.8,9.0,A
868,2002-10-28,2002-03,Bolton,Sunderland,1.0,2.2,10.0,4.6,1.0,0.4,1.8,7.0,3.8,3.0,D
869,2002-11-02,2002-03,West Brom,Man City,0.4,1.8,8.8,5.0,1.0,0.4,1.6,10.4,5.6,4.0,A
870,2002-11-02,2002-03,Man United,Southampton,1.8,0.6,13.8,7.8,11.0,1.6,0.6,13.6,7.8,11.0,H
871,2002-11-02,2002-03,Birmingham,Bolton,0.6,1.4,9.8,3.4,4.0,0.8,1.8,11.4,5.0,2.0,H
872,2002-11-02,2002-03,Liverpool,West Ham,1.8,0.2,13.2,7.8,15.0,1.2,1.0,11.6,6.2,9.0,H
873,2002-11-03,2002-03,Blackburn,Aston Villa,2.2,1.0,11.4,6.4,12.0,0.8,1.0,13.4,6.4,5.0,D
874,2002-11-03,2002-03,Charlton,Sunderland,0.6,1.2,9.4,5.4,4.0,0.6,1.4,7.0,3.6,4.0,D
875,2002-11-03,2002-03,Fulham,Arsenal,0.8,1.6,8.8,4.6,4.0,2.2,1.4,11.6,6.4,9.0,A
876,2002-11-03,2002-03,Leeds,Everton,0.6,1.6,8.2,4.6,2.0,1.4,1.4,11.4,6.2,9.0,A
877,2002-11-03,2002-03,Tottenham,Chelsea,1.2,1.6,9.4,5.2,6.0,1.4,0.8,9.8,4.8,7.0,D
878,2002-11-04,2002-03,Newcastle,Middlesbrough,2.0,1.4,11.8,7.4,12.0,1.6,0.6,13.0,6.0,10.0,H
879,2002-11-09,2002-03,Middlesbrough,Liverpool,1.4,1.0,13.6,7.0,7.0,1.8,0.2,11.2,6.8,15.0,H
880,2002-11-09,2002-03,Man City,Man United,0.8,1.8,10.8,5.2,6.0,2.0,0.8,13.8,7.6,11.0,H
881,2002-11-09,2002-03,Southampton,Blackburn,1.8,1.0,13.4,7.8,10.0,2.0,1.0,12.6,6.2,10.0,D
882,2002-11-09,2002-03,Everton,Charlton,1.2,0.8,11.0,6.2,12.0,0.8,1.4,12.0,6.8,4.0,H
883,2002-11-09,2002-03,Bolton,West Brom,0.8,2.0,12.0,5.8,2.0,0.6,1.8,8.8,5.4,1.0,D
884,2002-11-09,2002-03,Aston Villa,Fulham,0.2,0.6,13.2,5.6,3.0,0.8,1.4,7.4,4.2,4.0,H
885,2002-11-09,2002-03,Arsenal,Newcastle,2.0,1.2,10.0,5.2,9.0,2.0,1.4,13.2,8.8,12.0,H
886,2002-11-09,2002-03,Chelsea,Birmingham,1.4,0.8,10.4,4.8,7.0,1.2,1.4,9.8,4.0,7.0,H
887,2002-11-10,2002-03,Sunderland,Tottenham,0.8,1.2,7.2,4.2,5.0,1.2,1.4,10.4,5.6,7.0,H
888,2002-11-10,2002-03,West Ham,Leeds,0.6,1.0,9.4,4.2,6.0,0.6,1.6,10.4,4.6,2.0,A
889,2002-11-16,2002-03,West Brom,Aston Villa,0.8,1.6,8.0,4.0,2.0,0.8,0.6,12.6,6.0,6.0,D
890,2002-11-16,2002-03,Arsenal,Tottenham,1.4,1.0,11.8,6.0,9.0,1.2,1.2,9.8,5.4,7.0,H
891,2002-11-16,2002-03,Chelsea,Middlesbrough,1.6,0.2,11.2,5.0,10.0,1.0,1.0,12.2,5.2,7.0,H
892,2002-11-16,2002-03,Man City,Charlton,1.4,1.4,10.2,5.2,9.0,0.6,1.0,11.6,6.4,4.0,A
893,2002-11-16,2002-03,Newcastle,Southampton,1.6,1.6,11.2,8.0,9.0,1.8,1.0,15.6,9.0,10.0,H
894,2002-11-17,2002-03,Birmingham,Fulham,1.2,1.6,9.0,3.4,7.0,0.8,2.0,7.2,4.0,1.0,D
895,2002-11-17,2002-03,Blackburn,Everton,1.8,1.2,12.8,5.8,8.0,1.0,0.8,10.2,4.8,12.0,A
896,2002-11-17,2002-03,Leeds,Bolton,1.2,1.4,11.0,5.6,5.0,0.8,2.0,11.2,5.4,2.0,A
897,2002-11-17,2002-03,Liverpool,Sunderland,1.2,0.4,12.0,7.0,12.0,1.0,1.2,8.2,4.0,5.0,D
898,2002-11-17,2002-03,West Ham,Man United,1.0,1.4,10.6,4.8,6.0,1.6,1.2,13.0,7.4,8.0,D
899,2002-11-23,2002-03,Southampton,Arsenal,1.6,1.4,13.4,7.0,7.0,1.4,0.8,13.4,7.4,9.0,H
900,2002-11-23,2002-03,Everton,West Brom,1.2,0.2,10.4,5.2,15.0,0.6,1.2,9.0,4.4,3.0,H
901,2002-11-23,2002-03,Sunderland,Birmingham,0.8,0.6,7.4,3.6,6.0,0.8,1.4,9.2,3.8,5.0,A
902,2002-11-23,2002-03,Middlesbrough,Man City,0.6,1.2,11.0,5.6,4.0,1.4,1.2,11.0,5.2,9.0,H
903,2002-11-23,2002-03,Aston Villa,West Ham,0.8,0.6,11.0,6.0,6.0,1.0,1.6,9.8,4.8,4.0,H
904,2002-11-23,2002-03,Fulham,Liverpool,0.6,1.8,5.6,3.0,1.0,1.0,0.4,15.0,7.8,10.0,H
905,2002-11-23,2002-03,Bolton,Chelsea,1.6,2.0,11.8,6.0,5.0,1.8,0.0,12.2,6.0,13.0,D
906,2002-11-23,2002-03,Man United,Newcastle,1.2,1.4,11.8,5.8,6.0,1.6,1.6,12.0,9.0,9.0,H
907,2002-11-24,2002-03,Charlton,Blackburn,0.8,0.8,11.4,5.8,7.0,1.6,1.0,13.6,5.6,8.0,H
908,2002-11-24,2002-03,Tottenham,Leeds,0.8,1.6,9.2,5.2,4.0,1.6,2.2,12.2,5.6,4.0,H
909,2002-11-30,2002-03,West Brom,Middlesbrough,0.4,1.2,8.0,4.6,2.0,1.2,1.2,12.8,6.0,7.0,H
910,2002-11-30,2002-03,Arsenal,Aston Villa,1.6,1.0,13.0,7.2,9.0,1.6,0.6,12.0,6.0,9.0,H
911,2002-11-30,2002-03,Birmingham,Tottenham,0.8,1.2,10.0,5.4,7.0,0.6,1.4,10.2,5.8,4.0,D
912,2002-11-30,2002-03,Blackburn,Fulham,0.8,1.2,11.8,4.8,5.0,1.2,2.0,6.6,4.6,4.0,H
913,2002-11-30,2002-03,Chelsea,Sunderland,1.4,0.2,13.6,7.0,11.0,0.8,0.6,7.4,3.6,6.0,H
914,2002-11-30,2002-03,Man City,Bolton,1.6,1.2,10.6,4.6,9.0,1.6,1.6,13.8,7.4,6.0,H
915,2002-12-01,2002-03,Liverpool,Man United,1.2,1.0,15.2,8.8,7.0,2.0,1.8,12.4,6.6,8.0,A
916,2002-12-01,2002-03,Newcastle,Everton,1.8,1.6,13.0,9.4,9.0,1.0,0.0,11.8,5.8,15.0,H
917,2002-12-01,2002-03,Leeds,Charlton,1.6,2.4,11.4,5.4,4.0,1.2,1.0,11.2,6.2,7.0,A
918,2002-12-02,2002-03,West Ham,Southampton,1.0,2.4,11.6,5.6,1.0,2.0,1.8,12.4,6.2,7.0,A
919,2002-12-07,2002-03,Man United,Arsenal,2.2,1.8,10.4,6.2,10.0,2.0,0.8,11.8,6.8,12.0,H
920,2002-12-07,2002-03,Southampton,Birmingham,1.4,1.4,11.6,5.2,7.0,1.0,1.0,10.8,5.8,8.0,H
921,2002-12-07,2002-03,Fulham,Leeds,1.0,1.6,7.4,5.2,4.0,1.4,2.4,13.6,5.2,3.0,H
922,2002-12-07,2002-03,Middlesbrough,West Ham,0.8,1.0,11.8,5.0,6.0,1.0,2.4,11.2,5.2,1.0,D
923,2002-12-07,2002-03,Charlton,Liverpool,1.4,0.8,12.8,7.2,10.0,1.0,1.2,16.0,9.2,4.0,H
924,2002-12-07,2002-03,Bolton,Blackburn,1.4,1.8,11.6,6.6,5.0,0.8,1.2,12.8,5.2,5.0,D
925,2002-12-07,2002-03,Everton,Chelsea,1.0,0.4,11.2,5.8,12.0,1.6,0.2,14.6,8.2,11.0,A
926,2002-12-07,2002-03,Aston Villa,Newcastle,1.6,1.0,12.6,6.4,8.0,1.8,1.6,14.6,10.0,9.0,A
927,2002-12-08,2002-03,Tottenham,West Brom,0.6,1.2,9.6,4.8,5.0,0.6,0.8,9.8,5.2,5.0,H
928,2002-12-09,2002-03,Sunderland,Man City,0.6,1.0,6.0,2.8,5.0,1.6,1.2,11.6,5.8,9.0,A
929,2002-12-14,2002-03,Southampton,Newcastle,1.6,1.0,11.8,5.8,10.0,1.6,1.6,13.2,8.4,9.0,D
930,2002-12-14,2002-03,Middlesbrough,Chelsea,1.2,1.0,11.8,4.2,7.0,2.2,0.4,14.4,9.4,13.0,D
931,2002-12-14,2002-03,Man United,West Ham,2.2,1.6,8.8,5.8,10.0,1.4,2.4,13.0,6.6,2.0,H
932,2002-12-14,2002-03,Charlton,Man City,1.6,0.6,11.8,7.0,12.0,1.8,1.0,11.8,6.4,9.0,D
933,2002-12-14,2002-03,Aston Villa,West Brom,1.6,1.2,12.8,6.4,7.0,0.6,1.0,11.4,5.8,5.0,H
934,2002-12-14,2002-03,Everton,Blackburn,1.0,1.0,11.6,5.6,9.0,1.0,1.4,12.0,5.4,5.0,H
935,2002-12-15,2002-03,Fulham,Birmingham,1.2,1.4,8.4,5.0,7.0,0.4,1.2,9.6,5.0,5.0,A
936,2002-12-15,2002-03,Sunderland,Liverpool,0.4,1.4,5.8,2.6,4.0,0.6,1.6,16.8,8.8,1.0,H
937,2002-12-15,2002-03,Tottenham,Arsenal,1.2,1.4,8.6,4.6,7.0,1.8,1.2,13.0,7.2,9.0,D
938,2002-12-16,2002-03,Bolton,Leeds,1.4,1.4,13.0,6.6,6.0,1.4,2.4,11.2,5.0,3.0,A
939,2002-12-21,2002-03,West Brom,Sunderland,0.6,1.2,13.0,6.2,4.0,0.4,1.6,4.6,2.2,4.0,D
940,2002-12-21,2002-03,West Ham,Bolton,0.8,2.2,11.2,5.4,2.0,1.2,1.8,13.4,6.8,5.0,D
941,2002-12-21,2002-03,Newcastle,Fulham,1.8,1.6,16.0,10.2,10.0,1.0,1.0,8.2,4.2,7.0,H
942,2002-12-21,2002-03,Leeds,Southampton,1.2,1.8,10.6,4.8,3.0,1.6,1.0,10.8,5.2,10.0,D
943,2002-12-21,2002-03,Chelsea,Aston Villa,1.8,0.6,14.4,9.6,11.0,1.4,1.2,15.6,7.4,7.0,H
944,2002-12-21,2002-03,Birmingham,Charlton,0.6,0.6,8.6,4.8,8.0,2.0,0.8,13.2,7.8,13.0,D
945,2002-12-21,2002-03,Arsenal,Middlesbrough,1.8,1.4,11.0,6.0,7.0,1.2,1.2,11.4,4.8,5.0,H
946,2002-12-22,2002-03,Blackburn,Man United,1.0,1.6,13.2,6.6,4.0,2.6,1.0,9.8,6.6,13.0,H
947,2002-12-22,2002-03,Liverpool,Everton,0.8,1.8,16.4,8.2,1.0,1.2,1.2,11.8,6.6,9.0,D
948,2002-12-23,2002-03,Man City,Tottenham,1.6,1.2,12.4,7.0,7.0,1.4,1.2,9.6,6.0,8.0,A
949,2002-12-26,2002-03,West Ham,Fulham,0.8,2.2,13.2,6.4,2.0,1.0,1.4,8.6,4.0,6.0,D
950,2002-12-26,2002-03,West Brom,Arsenal,1.0,1.6,12.8,6.2,4.0,1.6,1.4,12.8,6.4,7.0,A
951,2002-12-26,2002-03,Tottenham,Charlton,2.0,1.0,10.2,6.8,11.0,2.0,1.0,12.2,8.0,11.0,D
952,2002-12-26,2002-03,Sunderland,Leeds,0.8,2.0,6.8,3.6,4.0,1.0,1.2,12.0,6.4,4.0,A
953,2002-12-26,2002-03,Middlesbrough,Man United,1.2,1.4,10.6,4.2,5.0,2.4,1.0,10.0,7.0,12.0,H
954,2002-12-26,2002-03,Liverpool,Blackburn,0.8,1.8,13.8,7.4,1.0,1.2,1.4,11.8,6.0,7.0,D
955,2002-12-26,2002-03,Chelsea,Southampton,2.0,0.6,15.0,10.2,11.0,1.6,0.8,11.2,5.4,11.0,D
956,2002-12-26,2002-03,Bolton,Newcastle,0.6,1.6,11.8,6.0,3.0,1.8,1.4,16.2,10.4,10.0,H
957,2002-12-26,2002-03,Birmingham,Everton,0.8,0.8,8.0,4.6,8.0,1.0,1.2,11.0,5.8,7.0,D
958,2002-12-26,2002-03,Man City,Aston Villa,2.0,1.6,13.2,9.8,7.0,1.4,1.6,16.4,7.2,6.0,H
959,2002-12-28,2002-03,Leeds,Chelsea,1.4,1.0,12.6,6.4,7.0,1.8,0.4,14.2,8.8,11.0,H
960,2002-12-28,2002-03,Southampton,Sunderland,1.0,0.4,11.6,6.0,9.0,1.0,2.2,9.0,4.4,4.0,H
961,2002-12-28,2002-03,Man United,Birmingham,1.6,1.0,10.6,6.4,9.0,0.8,1.0,7.0,3.4,6.0,H
962,2002-12-28,2002-03,Fulham,Man City,0.6,1.2,8.6,3.0,4.0,2.4,1.2,14.0,10.8,10.0,A
963,2002-12-28,2002-03,Charlton,West Brom,1.8,1.2,11.6,7.6,9.0,1.2,1.8,11.4,5.0,4.0,H
964,2002-12-28,2002-03,Blackburn,West Ham,1.2,1.0,11.4,5.6,8.0,0.8,1.6,12.4,5.8,3.0,D
965,2002-12-28,2002-03,Aston Villa,Middlesbrough,0.8,2.0,14.0,6.0,3.0,1.2,1.4,9.6,3.8,5.0,H
966,2002-12-28,2002-03,Everton,Bolton,1.0,1.4,9.2,5.0,5.0,1.2,2.0,11.0,5.8,5.0,D
967,2002-12-29,2002-03,Arsenal,Liverpool,1.6,1.0,13.6,6.8,10.0,0.6,1.4,13.4,6.4,2.0,D
968,2002-12-29,2002-03,Newcastle,Tottenham,1.8,1.2,17.0,10.6,10.0,2.0,1.4,12.0,8.0,9.0,H
969,2003-01-01,2002-03,Arsenal,Chelsea,1.2,1.0,13.6,6.6,8.0,1.2,0.8,14.6,7.4,8.0,H
970,2003-01-01,2002-03,Aston Villa,Bolton,0.8,1.4,13.8,6.8,6.0,1.2,1.6,11.0,5.4,6.0,H
971,2003-01-01,2002-03,Blackburn,Middlesbrough,1.2,1.2,12.0,5.4,6.0,1.2,1.4,9.8,4.2,5.0,H
972,2003-01-01,2002-03,Everton,Man City,0.8,1.0,10.8,5.8,6.0,2.2,1.2,14.0,10.4,10.0,D
973,2003-01-01,2002-03,Leeds,Birmingham,1.6,0.6,10.2,6.0,10.0,0.6,1.2,5.8,2.6,5.0,H
974,2003-01-01,2002-03,Man United,Sunderland,1.6,0.8,14.0,7.6,9.0,1.2,2.0,9.6,4.6,4.0,H
975,2003-01-01,2002-03,Newcastle,Liverpool,1.8,1.2,15.0,9.6,10.0,0.6,1.2,12.6,5.4,3.0,H
976,2003-01-01,2002-03,Southampton,Tottenham,1.2,0.6,13.4,6.6,9.0,2.0,1.6,12.4,8.6,8.0,H
977,2003-01-11,2002-03,Sunderland,Blackburn,1.4,1.8,8.8,3.6,4.0,1.2,1.0,12.8,6.0,8.0,D
978,2003-01-11,2002-03,West Ham,Newcastle,1.2,1.8,11.0,4.6,4.0,1.8,1.2,14.4,9.6,10.0,D
979,2003-01-11,2002-03,West Brom,Man United,1.0,2.0,11.8,5.0,1.0,1.6,1.0,18.6,10.0,9.0,A
980,2003-01-11,2002-03,Middlesbrough,Southampton,0.8,1.2,8.8,3.8,4.0,1.0,0.6,13.2,6.2,9.0,D
981,2003-01-11,2002-03,Liverpool,Aston Villa,0.6,1.0,10.2,4.8,3.0,1.2,1.2,13.8,7.4,9.0,D
982,2003-01-11,2002-03,Chelsea,Charlton,1.0,1.2,13.6,6.8,5.0,1.6,1.0,10.4,6.6,9.0,H
983,2003-01-11,2002-03,Bolton,Fulham,1.0,1.8,9.2,4.8,5.0,0.4,1.0,9.8,3.0,4.0,D
984,2003-01-11,2002-03,Man City,Leeds,2.0,1.6,13.6,9.4,8.0,2.0,0.4,11.4,6.4,13.0,H
985,2003-01-12,2002-03,Birmingham,Arsenal,0.6,1.2,6.4,3.2,5.0,1.8,1.0,12.6,7.0,11.0,A
986,2003-01-12,2002-03,Tottenham,Everton,1.4,1.6,12.6,8.8,5.0,1.0,0.8,10.4,5.6,7.0,H
987,2003-01-18,2002-03,Charlton,Bolton,1.4,1.8,8.8,5.4,6.0,1.0,1.2,9.2,4.0,6.0,D
988,2003-01-18,2002-03,Aston Villa,Tottenham,1.0,1.2,10.8,5.6,7.0,2.0,2.0,13.4,9.2,7.0,A
989,2003-01-18,2002-03,Blackburn,Birmingham,1.0,0.6,11.8,5.0,9.0,0.4,2.0,8.0,3.8,2.0,D
990,2003-01-18,2002-03,Everton,Sunderland,1.2,1.4,10.6,6.2,4.0,1.0,1.6,9.2,3.8,2.0,H
991,2003-01-18,2002-03,Leeds,West Brom,1.6,0.8,10.4,5.6,10.0,1.0,2.0,11.0,4.2,1.0,D
992,2003-01-18,2002-03,Man United,Chelsea,1.6,1.2,17.6,8.8,9.0,1.6,1.2,13.4,6.0,7.0,H
993,2003-01-18,2002-03,Newcastle,Man City,2.0,1.4,13.4,8.8,10.0,2.0,1.4,13.0,8.6,10.0,H
994,2003-01-18,2002-03,Southampton,Liverpool,1.2,0.8,13.4,6.0,9.0,0.6,0.8,11.8,6.2,4.0,A
995,2003-01-19,2002-03,Arsenal,West Ham,2.4,0.8,13.8,8.0,13.0,1.2,1.8,10.8,4.6,4.0,H
996,2003-01-19,2002-03,Fulham,Middlesbrough,0.2,1.0,10.4,4.0,2.0,1.0,1.4,9.4,3.4,4.0,H
997,2003-01-22,2002-03,Charlton,West Ham,1.2,1.6,8.4,5.4,6.0,1.4,1.8,9.8,4.4,4.0,H
998,2003-01-22,2002-03,Newcastle,Bolton,2.0,1.4,12.2,8.0,10.0,1.0,1.2,10.0,4.4,6.0,H
999,2003-01-28,2002-03,Sunderland,Southampton,0.8,1.6,8.4,3.4,1.0,1.0,0.8,13.0,6.0,8.0,A
1000,2003-01-28,2002-03,Middlesbrough,Aston Villa,1.0,1.2,10.4,4.0,4.0,1.0,1.0,10.6,5.8,7.0,A
1001,2003-01-28,2002-03,Chelsea,Leeds,1.4,1.6,12.2,5.4,4.0,1.4,0.6,8.6,4.2,10.0,H
1002,2003-01-28,2002-03,Bolton,Everton,0.2,0.8,10.2,3.8,3.0,1.6,1.6,12.6,7.6,6.0,A
1003,2003-01-29,2002-03,Liverpool,Arsenal,0.8,0.8,12.4,6.0,6.0,2.6,1.0,13.4,7.8,13.0,D
1004,2003-01-29,2002-03,Man City,Fulham,1.6,1.2,10.4,5.4,10.0,0.4,0.8,12.6,5.2,5.0,H
1005,2003-01-29,2002-03,Tottenham,Newcastle,1.6,1.6,13.6,8.6,7.0,1.6,0.6,11.4,7.8,13.0,A
1006,2003-01-29,2002-03,West Brom,Charlton,0.8,1.6,10.0,3.8,2.0,1.8,1.8,9.2,5.2,8.0,A
1007,2003-01-29,2002-03,West Ham,Blackburn,1.6,2.4,9.4,3.8,3.0,1.0,0.8,12.8,6.4,7.0,H
1008,2003-02-01,2002-03,Sunderland,Charlton,0.6,1.4,6.8,3.0,1.0,1.6,1.4,7.8,4.2,10.0,A
1009,2003-02-01,2002-03,Southampton,Man United,1.2,0.8,13.4,6.0,10.0,2.0,1.2,17.2,9.2,12.0,A
1010,2003-02-01,2002-03,Man City,West Brom,1.8,1.2,10.0,4.2,10.0,0.4,1.4,11.2,4.0,1.0,A
1011,2003-02-01,2002-03,Everton,Leeds,1.8,1.6,12.2,7.4,8.0,1.4,1.0,7.4,4.4,7.0,H
1012,2003-02-01,2002-03,Chelsea,Tottenham,2.0,2.0,12.6,6.0,6.0,1.2,1.4,12.2,7.6,6.0,D
1013,2003-02-01,2002-03,Bolton,Birmingham,0.4,1.2,11.0,4.6,2.0,0.4,2.0,9.4,4.2,2.0,H
1014,2003-02-01,2002-03,Arsenal,Fulham,2.6,1.2,15.2,10.0,11.0,0.6,1.2,12.6,5.6,5.0,H
1015,2003-02-02,2002-03,Aston Villa,Blackburn,1.8,0.8,11.4,6.6,10.0,1.0,1.0,11.6,5.6,6.0,H
1016,2003-02-02,2002-03,West Ham,Liverpool,1.8,2.4,9.0,4.2,5.0,1.0,1.0,13.2,7.2,6.0,A
1017,2003-02-04,2002-03,Birmingham,Man United,0.6,2.6,10.4,4.8,1.0,2.2,0.6,17.0,9.6,15.0,A
1018,2003-02-08,2002-03,West Brom,Bolton,0.6,1.2,11.8,4.6,4.0,1.2,1.2,12.2,5.8,5.0,D
1019,2003-02-08,2002-03,Tottenham,Sunderland,1.2,1.2,12.0,7.4,7.0,0.6,1.6,8.6,3.8,1.0,H
1020,2003-02-08,2002-03,Liverpool,Middlesbrough,1.4,0.8,13.6,7.8,8.0,0.8,2.0,10.4,4.6,1.0,D
1021,2003-02-08,2002-03,Leeds,West Ham,1.0,1.4,7.8,4.0,4.0,1.4,2.6,9.0,4.4,4.0,H
1022,2003-02-08,2002-03,Fulham,Aston Villa,0.6,1.4,11.0,4.8,4.0,2.2,0.8,12.4,6.6,10.0,H
1023,2003-02-08,2002-03,Charlton,Everton,2.0,1.6,9.0,4.0,10.0,2.2,1.6,11.8,6.6,10.0,H
1024,2003-02-08,2002-03,Blackburn,Southampton,0.6,1.2,10.8,5.2,5.0,0.8,1.0,11.6,5.6,7.0,H
1025,2003-02-08,2002-03,Birmingham,Chelsea,0.6,2.4,10.0,5.0,1.0,2.2,1.8,12.4,6.8,7.0,A
1026,2003-02-09,2002-03,Man United,Man City,2.0,0.6,15.6,9.0,15.0,1.8,1.6,9.8,4.0,7.0,D
1027,2003-02-09,2002-03,Newcastle,Arsenal,1.4,0.4,11.6,7.4,13.0,2.8,1.2,14.8,10.0,13.0,D
1028,2003-02-19,2002-03,Fulham,West Brom,1.0,1.4,11.4,5.4,7.0,0.8,1.2,11.2,4.6,5.0,H
1029,2003-02-22,2002-03,Sunderland,Middlesbrough,0.6,2.0,9.4,4.8,1.0,1.0,2.0,8.4,4.2,2.0,A
1030,2003-02-22,2002-03,Man City,Arsenal,1.6,1.4,9.8,4.8,7.0,2.4,1.0,17.0,10.6,11.0,A
1031,2003-02-22,2002-03,Leeds,Newcastle,0.8,1.4,7.4,4.2,4.0,1.4,0.6,11.2,7.2,11.0,A
1032,2003-02-22,2002-03,Everton,Southampton,2.0,1.6,12.2,6.8,9.0,0.6,1.2,11.4,5.4,4.0,H
1033,2003-02-22,2002-03,Chelsea,Blackburn,2.4,1.4,11.4,6.0,10.0,0.6,1.2,11.0,5.4,5.0,A
1034,2003-02-22,2002-03,Charlton,Aston Villa,2.2,1.0,11.6,5.0,13.0,2.0,1.2,11.6,6.2,7.0,H
1035,2003-02-22,2002-03,Bolton,Man United,1.4,1.4,10.2,5.8,5.0,1.8,0.6,12.4,7.0,13.0,D
1036,2003-02-23,2002-03,Birmingham,Liverpool,0.8,2.6,9.6,5.2,1.0,1.6,0.8,16.0,9.0,9.0,H
1037,2003-02-23,2002-03,West Brom,West Ham,0.6,1.2,11.2,4.8,5.0,1.0,2.4,8.8,3.4,3.0,A
1038,2003-02-24,2002-03,Tottenham,Fulham,2.0,1.2,13.0,7.4,10.0,1.6,1.4,11.2,5.4,9.0,D
1039,2003-03-01,2002-03,West Ham,Tottenham,1.2,2.0,9.2,3.4,6.0,1.4,0.8,12.4,7.0,8.0,H
1040,2003-03-01,2002-03,Southampton,West Brom,0.4,1.2,10.2,5.0,3.0,0.8,1.6,11.6,5.6,4.0,H
1041,2003-03-01,2002-03,Newcastle,Chelsea,1.6,0.2,11.4,7.0,13.0,1.8,1.6,11.6,6.4,7.0,H
1042,2003-03-01,2002-03,Blackburn,Man City,1.0,1.4,9.8,5.6,7.0,1.4,2.2,11.2,6.2,4.0,H
1043,2003-03-01,2002-03,Fulham,Sunderland,1.6,1.6,9.2,5.6,7.0,0.8,2.6,9.0,4.8,0.0,H
1044,2003-03-01,2002-03,Middlesbrough,Everton,1.6,2.0,8.8,4.6,5.0,1.8,1.0,14.6,8.0,12.0,D
1045,2003-03-02,2002-03,Arsenal,Charlton,2.6,1.2,16.4,10.6,11.0,2.6,0.8,12.4,5.8,15.0,H
1046,2003-03-03,2002-03,Aston Villa,Birmingham,1.8,1.6,12.6,6.8,6.0,1.2,2.0,8.6,4.8,4.0,A
1047,2003-03-05,2002-03,Man United,Leeds,1.4,0.6,12.0,6.8,11.0,0.6,1.6,9.0,4.6,4.0,H
1048,2003-03-05,2002-03,Middlesbrough,Newcastle,1.4,1.8,7.6,4.2,5.0,1.6,0.4,9.8,5.4,13.0,H
1049,2003-03-08,2002-03,Liverpool,Bolton,1.6,1.0,15.0,8.6,8.0,1.4,1.4,10.8,5.8,5.0,H
1050,2003-03-15,2002-03,Sunderland,Bolton,0.6,2.4,10.6,5.0,0.0,1.4,1.6,10.4,5.4,5.0,A
1051,2003-03-15,2002-03,Leeds,Middlesbrough,0.8,2.0,8.4,5.0,3.0,1.6,1.6,8.0,4.2,8.0,A
1052,2003-03-15,2002-03,Fulham,Southampton,1.6,0.8,10.2,6.0,10.0,0.6,1.0,11.6,6.4,6.0,D
1053,2003-03-15,2002-03,Charlton,Newcastle,1.8,0.8,11.2,5.8,12.0,1.4,0.6,10.0,4.0,10.0,A
1054,2003-03-15,2002-03,Blackburn,Arsenal,1.0,1.2,9.0,5.0,9.0,2.4,1.0,15.4,10.2,11.0,H
1055,2003-03-15,2002-03,Aston Villa,Man United,1.8,1.8,12.6,6.6,6.0,1.4,0.6,13.0,5.6,11.0,A
1056,2003-03-15,2002-03,Everton,West Ham,1.6,1.0,13.8,7.2,10.0,1.2,1.2,9.0,4.4,9.0,D
1057,2003-03-16,2002-03,Man City,Birmingham,1.4,2.0,12.4,7.0,4.0,1.4,1.8,6.6,4.0,6.0,H
1058,2003-03-16,2002-03,Tottenham,Liverpool,1.2,1.2,12.2,6.4,5.0,1.8,1.0,13.4,7.8,8.0,A
1059,2003-03-16,2002-03,West Brom,Chelsea,0.8,1.6,11.0,5.0,4.0,1.8,1.6,11.2,6.4,7.0,A
1060,2003-03-22,2002-03,Southampton,Aston Villa,0.8,1.4,11.6,6.2,4.0,0.8,1.6,13.4,6.0,3.0,D
1061,2003-03-22,2002-03,West Ham,Sunderland,0.8,1.0,7.8,3.4,7.0,0.6,2.6,11.0,5.6,0.0,H
1062,2003-03-22,2002-03,Newcastle,Blackburn,1.6,0.6,9.2,3.4,10.0,1.2,0.8,10.2,5.6,12.0,H
1063,2003-03-22,2002-03,Birmingham,West Brom,1.0,1.2,5.8,3.6,6.0,0.4,1.8,10.2,4.2,1.0,H
1064,2003-03-22,2002-03,Man United,Fulham,1.2,0.6,13.0,5.0,11.0,1.8,0.8,10.2,6.4,11.0,H
1065,2003-03-22,2002-03,Chelsea,Man City,1.6,1.2,10.8,6.6,7.0,0.8,1.8,13.0,8.0,4.0,H
1066,2003-03-22,2002-03,Middlesbrough,Charlton,1.8,1.0,6.8,3.2,11.0,1.6,1.2,12.0,6.4,9.0,D
1067,2003-03-23,2002-03,Arsenal,Everton,2.0,1.0,13.2,8.2,10.0,1.2,0.8,14.8,8.0,8.0,H
1068,2003-03-23,2002-03,Liverpool,Leeds,2.0,1.0,12.0,6.6,10.0,0.8,2.0,10.2,5.6,3.0,H
1069,2003-03-24,2002-03,Bolton,Tottenham,1.6,1.2,11.6,6.0,8.0,1.6,1.6,12.0,6.0,5.0,H
1070,2003-04-05,2002-03,Sunderland,Chelsea,0.4,2.4,9.2,5.0,0.0,2.4,1.0,10.8,7.0,9.0,A
1071,2003-04-05,2002-03,Aston Villa,Arsenal,0.6,2.0,12.8,6.0,1.0,2.0,1.0,13.8,9.0,10.0,D
1072,2003-04-05,2002-03,Bolton,Man City,1.0,0.8,11.6,5.6,8.0,0.6,2.4,12.2,7.4,4.0,H
1073,2003-04-05,2002-03,Charlton,Leeds,1.2,1.2,10.4,6.4,7.0,1.0,2.2,10.8,6.4,3.0,A
1074,2003-04-05,2002-03,Man United,Liverpool,1.6,0.6,13.6,5.8,11.0,2.0,1.2,13.6,7.8,10.0,H
1075,2003-04-05,2002-03,Middlesbrough,West Brom,1.8,1.0,9.4,4.0,11.0,0.2,1.8,9.0,3.2,0.0,H
1076,2003-04-05,2002-03,Southampton,West Ham,1.2,1.4,12.0,6.8,5.0,1.2,0.4,8.4,3.8,10.0,D
1077,2003-04-05,2002-03,Tottenham,Birmingham,1.4,1.6,11.8,5.4,4.0,1.2,1.0,7.4,4.2,9.0,H
1078,2003-04-06,2002-03,Everton,Newcastle,1.0,1.2,13.4,7.6,5.0,2.4,0.6,10.8,4.2,12.0,H
1079,2003-04-07,2002-03,Fulham,Blackburn,1.4,1.2,9.0,5.6,8.0,1.4,1.2,11.0,7.0,12.0,A
1080,2003-04-12,2002-03,Birmingham,Sunderland,1.2,0.8,8.0,3.8,9.0,0.4,2.0,9.4,4.6,0.0,H
1081,2003-04-12,2002-03,Blackburn,Charlton,2.0,1.2,8.8,5.4,12.0,1.0,2.2,7.8,5.2,4.0,H
1082,2003-04-12,2002-03,Chelsea,Bolton,2.2,1.0,12.8,8.4,9.0,1.2,0.6,11.2,5.2,10.0,H
1083,2003-04-12,2002-03,Leeds,Tottenham,2.0,2.4,11.6,7.0,3.0,1.0,1.6,11.0,5.2,4.0,D
1084,2003-04-12,2002-03,Liverpool,Fulham,1.8,1.8,11.2,6.0,9.0,0.8,2.0,8.4,4.8,5.0,H
1085,2003-04-12,2002-03,Man City,Middlesbrough,0.4,2.6,11.4,6.6,3.0,1.8,0.8,12.0,5.4,11.0,D
1086,2003-04-12,2002-03,Newcastle,Man United,2.0,1.0,11.2,4.6,9.0,2.2,0.4,13.0,6.0,13.0,A
1087,2003-04-12,2002-03,West Brom,Everton,0.2,1.8,9.6,3.6,0.0,1.2,1.0,12.4,7.8,8.0,A
1088,2003-04-12,2002-03,West Ham,Aston Villa,1.4,0.4,8.8,4.8,11.0,0.6,1.8,12.4,5.4,2.0,D
1089,2003-04-16,2002-03,Arsenal,Man United,2.0,1.0,12.6,8.0,10.0,3.2,0.6,14.6,7.6,15.0,D
1090,2003-04-18,2002-03,Tottenham,Man City,1.2,1.8,9.2,3.6,4.0,0.2,1.6,9.6,5.4,4.0,A
1091,2003-04-19,2002-03,Sunderland,West Brom,0.2,1.8,8.4,3.8,0.0,0.2,1.8,10.0,3.8,0.0,A
1092,2003-04-19,2002-03,Southampton,Leeds,1.4,1.4,12.0,6.8,6.0,2.4,2.2,11.4,6.8,4.0,H
1093,2003-04-19,2002-03,Middlesbrough,Arsenal,1.6,0.6,12.0,5.2,11.0,1.4,1.2,12.8,7.6,8.0,A
1094,2003-04-19,2002-03,Man United,Blackburn,3.2,0.8,12.8,7.8,13.0,1.8,1.0,9.8,5.6,12.0,H
1095,2003-04-19,2002-03,Fulham,Newcastle,0.6,2.2,9.0,4.8,4.0,2.0,2.0,13.2,6.0,6.0,H
1096,2003-04-19,2002-03,Everton,Liverpool,1.2,1.0,9.0,5.2,8.0,2.0,1.4,11.8,6.4,12.0,A
1097,2003-04-19,2002-03,Charlton,Birmingham,0.4,2.4,6.4,4.4,1.0,1.2,0.6,8.4,4.0,9.0,A
1098,2003-04-19,2002-03,Bolton,West Ham,1.0,0.6,10.0,4.6,9.0,1.4,0.6,10.4,5.8,9.0,H
1099,2003-04-19,2002-03,Aston Villa,Chelsea,1.0,1.6,11.0,4.8,3.0,2.2,0.6,13.0,8.2,12.0,H
1100,2003-04-21,2002-03,Birmingham,Southampton,1.2,0.6,10.0,4.8,9.0,1.8,1.4,13.0,7.0,9.0,H
1101,2003-04-21,2002-03,Blackburn,Bolton,1.8,1.6,9.0,4.4,9.0,1.2,0.2,11.8,6.0,12.0,D
1102,2003-04-21,2002-03,Chelsea,Everton,2.2,0.6,14.6,9.2,12.0,1.2,1.2,8.6,5.0,7.0,H
1103,2003-04-21,2002-03,Liverpool,Charlton,2.0,1.6,11.6,6.2,12.0,0.4,2.4,6.6,4.6,1.0,H
1104,2003-04-21,2002-03,Man City,Sunderland,0.6,1.4,9.4,5.4,7.0,0.4,2.0,9.4,5.2,0.0,H
1105,2003-04-21,2002-03,Newcastle,Aston Villa,2.2,2.2,12.6,7.2,6.0,1.4,1.4,12.6,6.0,6.0,D
1106,2003-04-21,2002-03,West Brom,Tottenham,0.6,1.8,9.4,4.6,3.0,1.2,1.8,9.2,4.2,4.0,A
1107,2003-04-21,2002-03,West Ham,Middlesbrough,1.0,0.8,10.2,4.8,6.0,1.4,1.0,11.4,5.0,8.0,H
1108,2003-04-22,2002-03,Leeds,Fulham,2.6,2.4,11.0,6.2,4.0,0.8,2.4,9.4,5.2,4.0,H
1109,2003-04-26,2002-03,West Brom,Liverpool,1.0,2.0,10.0,6.0,3.0,1.8,1.4,13.8,7.0,12.0,A
1110,2003-04-26,2002-03,Leeds,Blackburn,2.6,1.8,12.0,6.0,7.0,1.4,1.6,9.2,4.6,7.0,A
1111,2003-04-26,2002-03,Everton,Aston Villa,1.4,2.0,7.0,3.6,6.0,1.6,1.4,10.8,6.2,7.0,H
1112,2003-04-26,2002-03,Sunderland,Newcastle,0.4,2.2,7.8,4.4,0.0,2.0,2.4,13.6,7.0,4.0,A
1113,2003-04-26,2002-03,Charlton,Southampton,0.6,2.4,6.2,4.6,1.0,2.0,2.0,12.4,6.2,6.0,H
1114,2003-04-26,2002-03,Bolton,Arsenal,0.8,0.2,10.4,5.0,10.0,1.4,1.2,10.2,5.8,8.0,D
1115,2003-04-26,2002-03,Chelsea,Fulham,2.6,0.8,15.0,9.4,12.0,0.4,2.4,10.2,5.0,3.0,D
1116,2003-04-26,2002-03,Birmingham,Middlesbrough,1.8,0.8,11.6,5.8,12.0,0.8,0.8,11.2,4.8,5.0,H
1117,2003-04-27,2002-03,Man City,West Ham,1.0,1.4,9.6,5.2,7.0,1.2,0.8,12.2,6.2,8.0,A
1118,2003-04-27,2002-03,Tottenham,Man United,1.4,1.6,8.4,4.2,7.0,3.6,1.0,13.8,9.2,13.0,A
1119,2003-05-03,2002-03,West Ham,Chelsea,1.0,0.8,12.4,6.8,8.0,1.8,1.0,14.0,8.4,10.0,H
1120,2003-05-03,2002-03,Southampton,Bolton,1.8,2.0,12.8,6.4,5.0,1.0,0.6,10.8,5.6,8.0,D
1121,2003-05-03,2002-03,Newcastle,Birmingham,1.2,2.2,14.4,7.2,4.0,2.2,0.8,10.4,5.8,12.0,H
1122,2003-05-03,2002-03,Middlesbrough,Tottenham,0.6,1.2,9.4,4.4,4.0,1.4,1.8,8.2,4.4,7.0,H
1123,2003-05-03,2002-03,Man United,Charlton,3.4,1.0,14.2,10.0,13.0,0.8,2.4,7.8,5.8,3.0,H
1124,2003-05-03,2002-03,Liverpool,Man City,2.4,1.2,13.6,7.6,12.0,1.0,0.6,11.2,5.4,7.0,A
1125,2003-05-03,2002-03,Fulham,Everton,0.6,2.0,9.4,4.8,4.0,1.6,1.8,8.0,4.6,9.0,H
1126,2003-05-03,2002-03,Blackburn,West Brom,1.8,1.0,9.0,4.0,10.0,1.0,3.0,10.0,6.4,3.0,D
1127,2003-05-03,2002-03,Aston Villa,Sunderland,1.4,1.4,11.2,6.4,6.0,0.4,2.0,9.4,5.6,0.0,H
1128,2003-05-04,2002-03,Arsenal,Leeds,1.8,1.2,10.0,6.2,9.0,2.8,1.8,12.8,6.6,7.0,A
1129,2003-05-07,2002-03,Arsenal,Southampton,1.8,1.6,13.8,7.6,6.0,1.4,1.6,12.6,5.8,5.0,H
1130,2003-05-11,2002-03,Tottenham,Blackburn,1.2,2.6,7.0,4.0,4.0,1.2,1.2,10.2,4.8,8.0,A
1131,2003-05-11,2002-03,Sunderland,Arsenal,0.2,1.8,9.8,6.2,0.0,2.8,1.6,14.6,9.2,8.0,A
1132,2003-05-11,2002-03,West Brom,Newcastle,1.2,2.6,10.2,6.6,4.0,1.2,1.8,15.0,7.4,7.0,D
1133,2003-05-11,2002-03,Man City,Southampton,1.4,0.4,11.4,5.6,10.0,1.4,2.6,13.0,5.8,4.0,A
1134,2003-05-11,2002-03,Leeds,Aston Villa,2.2,2.0,12.2,5.8,7.0,1.4,1.2,12.2,6.8,8.0,H
1135,2003-05-11,2002-03,Charlton,Fulham,0.8,2.0,7.4,5.4,3.0,1.0,1.2,10.2,5.2,7.0,A
1136,2003-05-11,2002-03,Chelsea,Liverpool,1.4,1.0,13.0,7.0,7.0,2.6,0.8,14.2,8.6,12.0,H
1137,2003-05-11,2002-03,Bolton,Middlesbrough,0.6,0.6,11.8,5.4,6.0,1.0,1.4,10.2,5.2,4.0,H
1138,2003-05-11,2002-03,Birmingham,West Ham,2.0,0.6,9.2,5.4,12.0,1.0,0.6,11.8,6.6,10.0,D
1139,2003-05-11,2002-03,Everton,Man United,1.2,2.0,9.4,4.8,6.0,3.4,1.2,16.0,11.0,13.0,A
1141,2003-08-16,2003-04,Man United,Bolton,2.6,1.0,16.4,11.2,13.0,1.0,0.6,13.0,6.2,9.0,H
1142,2003-08-16,2003-04,Fulham,Middlesbrough,1.2,0.8,11.4,5.2,10.0,1.2,1.8,10.2,5.6,3.0,H
1143,2003-08-16,2003-04,Leicester,Southampton,1.2,1.2,8.6,4.0,6.0,1.0,2.2,11.0,5.0,4.0,D
1144,2003-08-16,2003-04,Birmingham,Tottenham,2.0,1.0,9.8,6.2,10.0,0.8,3.0,8.0,5.0,3.0,H
1145,2003-08-16,2003-04,Arsenal,Everton,3.2,1.2,16.6,10.4,10.0,1.0,2.2,9.4,5.0,3.0,H
1147,2003-08-17,2003-04,Charlton,Man City,0.8,2.0,8.0,5.2,3.0,1.4,0.6,13.0,5.8,9.0,A
1148,2003-08-17,2003-04,Leeds,Newcastle,2.4,1.8,12.2,6.0,9.0,1.2,1.0,14.8,7.4,8.0,D
1149,2003-08-17,2003-04,Liverpool,Chelsea,2.4,1.2,11.8,7.0,9.0,1.6,1.2,12.2,6.6,7.0,A
1150,2003-08-23,2003-04,Southampton,Birmingham,1.0,2.0,11.2,5.6,5.0,1.8,1.0,9.2,5.8,10.0,D
1152,2003-08-23,2003-04,Newcastle,Man United,1.4,1.0,17.0,8.2,9.0,3.0,0.6,17.8,11.8,15.0,A
1153,2003-08-23,2003-04,Tottenham,Leeds,0.8,2.8,9.2,5.2,3.0,2.4,1.6,12.8,6.0,10.0,H
1154,2003-08-23,2003-04,Everton,Fulham,1.0,2.2,10.2,5.6,3.0,1.4,1.0,12.2,5.8,10.0,H
1155,2003-08-23,2003-04,Bolton,Blackburn,0.8,1.4,12.2,5.4,6.0,2.6,0.8,14.4,7.8,11.0,D
1157,2003-08-23,2003-04,Chelsea,Leicester,1.8,1.0,11.0,5.8,10.0,1.6,1.4,8.4,4.8,7.0,H
1158,2003-08-24,2003-04,Aston Villa,Liverpool,1.0,1.6,12.6,6.4,4.0,2.2,1.4,12.6,8.0,6.0,D
1159,2003-08-24,2003-04,Middlesbrough,Arsenal,1.6,2.0,10.4,6.0,3.0,3.2,1.4,17.6,11.0,10.0,A
1160,2003-08-25,2003-04,Blackburn,Man City,3.0,1.2,14.2,7.8,11.0,1.2,0.8,14.8,6.8,7.0,A
1161,2003-08-26,2003-04,Charlton,Everton,1.4,1.8,9.2,5.4,6.0,1.4,1.6,11.6,7.0,6.0,D
1162,2003-08-26,2003-04,Leicester,Middlesbrough,1.4,1.4,8.2,4.6,6.0,1.6,2.6,11.2,6.4,3.0,D
1164,2003-08-26,2003-04,Leeds,Southampton,2.2,2.0,10.0,5.0,7.0,0.8,1.6,11.2,5.8,6.0,D
1165,2003-08-27,2003-04,Arsenal,Aston Villa,3.6,1.0,18.8,11.6,12.0,0.8,1.4,13.4,6.8,4.0,H
1166,2003-08-27,2003-04,Liverpool,Tottenham,1.8,1.2,11.6,7.8,4.0,0.6,2.6,11.6,5.0,3.0,D
1168,2003-08-30,2003-04,Newcastle,Birmingham,1.4,1.2,15.2,8.4,8.0,1.2,0.6,8.6,5.0,8.0,A
1169,2003-08-30,2003-04,Tottenham,Fulham,0.6,2.2,12.2,5.2,4.0,1.6,1.2,15.4,8.4,10.0,A
1171,2003-08-30,2003-04,Middlesbrough,Leeds,1.6,2.0,12.6,6.2,4.0,1.8,1.4,10.0,4.4,8.0,A
1172,2003-08-30,2003-04,Chelsea,Blackburn,1.4,1.0,11.8,5.4,10.0,2.8,1.4,15.0,8.8,8.0,D
1173,2003-08-30,2003-04,Bolton,Charlton,0.8,2.2,13.4,5.4,5.0,1.4,2.0,8.4,4.2,4.0,D
1174,2003-08-30,2003-04,Aston Villa,Leicester,0.6,1.4,11.6,5.4,4.0,1.0,1.0,8.6,4.0,6.0,H
1175,2003-08-30,2003-04,Everton,Liverpool,1.4,1.8,12.0,6.2,4.0,0.6,1.2,12.4,7.0,2.0,A
1176,2003-08-31,2003-04,Man City,Arsenal,1.8,1.0,14.2,6.8,10.0,3.6,0.4,15.0,9.4,15.0,A
1177,2003-08-31,2003-04,Southampton,Man United,0.8,1.6,12.0,6.6,6.0,2.6,0.6,15.2,9.0,15.0,H
1179,2003-09-13,2003-04,Everton,Newcastle,1.4,2.0,11.0,5.6,4.0,1.2,1.4,15.4,8.6,5.0,D
1180,2003-09-13,2003-04,Chelsea,Tottenham,1.6,1.2,12.0,5.4,10.0,0.4,1.8,14.6,5.6,4.0,H
1181,2003-09-13,2003-04,Charlton,Man United,1.2,1.2,9.0,4.0,5.0,1.8,0.6,13.0,8.0,12.0,A
1182,2003-09-13,2003-04,Blackburn,Liverpool,3.0,1.6,13.8,8.2,8.0,1.0,0.8,14.4,8.0,5.0,A
1184,2003-09-13,2003-04,Bolton,Middlesbrough,0.8,2.2,14.0,6.8,5.0,1.0,2.4,12.8,6.2,1.0,H
1185,2003-09-14,2003-04,Birmingham,Fulham,0.8,0.6,8.6,4.4,8.0,2.0,1.0,15.8,8.4,12.0,D
1186,2003-09-14,2003-04,Man City,Aston Villa,1.6,1.2,15.2,7.6,7.0,1.0,1.6,11.4,6.2,4.0,H
1187,2003-09-15,2003-04,Leicester,Leeds,1.2,1.6,8.8,4.4,5.0,1.8,1.4,9.4,4.0,8.0,H
1188,2003-09-20,2003-04,Wolves,Chelsea,0.2,2.4,10.2,3.2,1.0,2.4,1.4,12.8,6.0,13.0,A
1189,2003-09-20,2003-04,Tottenham,Southampton,0.8,1.8,14.2,4.8,4.0,1.0,0.4,13.6,8.0,9.0,A
1190,2003-09-20,2003-04,Newcastle,Bolton,1.4,1.8,12.6,7.2,3.0,0.8,2.0,14.0,7.2,5.0,D
1191,2003-09-20,2003-04,Portsmouth,Blackburn,1.6,0.6,7.6,3.4,9.0,2.4,2.2,12.8,7.4,5.0,A
1192,2003-09-20,2003-04,Leeds,Birmingham,1.2,2.0,10.0,3.4,5.0,1.2,0.8,10.8,5.8,9.0,A
1193,2003-09-20,2003-04,Aston Villa,Charlton,1.0,1.8,9.4,5.8,4.0,1.2,1.4,8.6,3.8,5.0,H
1194,2003-09-20,2003-04,Liverpool,Leicester,1.4,0.6,17.6,10.2,8.0,1.6,1.4,10.6,5.4,5.0,H
1195,2003-09-20,2003-04,Fulham,Man City,2.0,1.4,14.8,8.4,10.0,2.4,1.2,15.2,8.0,10.0,D
1196,2003-09-21,2003-04,Man United,Arsenal,1.8,0.4,12.4,7.4,12.0,2.2,0.6,12.2,6.6,13.0,D
1197,2003-09-21,2003-04,Middlesbrough,Everton,0.8,2.4,13.0,6.8,1.0,1.6,2.0,11.2,6.2,5.0,H
1198,2003-09-26,2003-04,Arsenal,Newcastle,1.8,0.4,11.2,5.8,11.0,1.0,1.4,12.6,6.8,3.0,H
1199,2003-09-27,2003-04,Birmingham,Portsmouth,1.2,0.4,10.2,5.0,11.0,1.4,0.8,8.6,4.0,6.0,H
1200,2003-09-27,2003-04,Bolton,Wolves,0.8,1.2,12.6,7.4,6.0,0.0,2.4,10.2,3.0,1.0,D
1201,2003-09-27,2003-04,Leicester,Man United,1.4,1.4,10.0,4.6,4.0,1.0,0.4,11.6,7.6,10.0,A
1202,2003-09-27,2003-04,Southampton,Middlesbrough,1.2,0.2,13.4,8.0,11.0,0.6,1.8,13.2,6.6,4.0,A
1203,2003-09-27,2003-04,Chelsea,Aston Villa,3.0,1.2,13.0,6.4,13.0,1.2,1.6,10.6,6.0,7.0,H
1204,2003-09-28,2003-04,Blackburn,Fulham,1.8,2.2,10.2,6.8,5.0,2.2,1.8,14.0,8.8,8.0,A
1205,2003-09-28,2003-04,Charlton,Liverpool,1.4,1.2,8.2,3.4,5.0,1.6,0.4,19.0,10.4,11.0,H
1206,2003-09-28,2003-04,Everton,Leeds,1.4,1.8,10.4,5.8,5.0,0.8,2.0,10.8,4.0,4.0,H
1207,2003-09-28,2003-04,Man City,Tottenham,2.2,1.6,13.8,7.6,8.0,1.0,2.2,13.8,4.6,4.0,D
1208,2003-10-04,2003-04,Wolves,Man City,0.2,1.8,9.8,3.0,2.0,2.0,1.4,13.8,7.4,8.0,H
1209,2003-10-04,2003-04,Portsmouth,Charlton,1.2,1.0,9.8,4.6,5.0,1.2,1.6,9.4,3.2,5.0,A
1210,2003-10-04,2003-04,Tottenham,Everton,0.6,2.0,10.6,4.2,2.0,1.6,1.6,12.4,6.0,5.0,H
1211,2003-10-04,2003-04,Newcastle,Southampton,1.0,1.6,9.8,5.6,2.0,1.2,0.4,12.6,7.8,10.0,H
1212,2003-10-04,2003-04,Liverpool,Arsenal,2.0,1.0,19.4,10.4,10.0,1.6,0.8,10.6,5.2,11.0,A
1213,2003-10-04,2003-04,Leeds,Blackburn,0.6,2.4,11.0,4.0,4.0,1.4,2.2,9.4,5.8,4.0,H
1214,2003-10-04,2003-04,Fulham,Leicester,2.0,1.4,12.0,7.4,8.0,1.4,1.8,11.0,5.2,4.0,H
1215,2003-10-04,2003-04,Man United,Birmingham,1.4,0.4,11.6,7.8,10.0,1.4,0.4,9.6,5.0,11.0,H
1216,2003-10-05,2003-04,Aston Villa,Bolton,1.2,1.8,9.2,4.4,6.0,0.6,1.0,13.8,8.2,6.0,D
1217,2003-10-05,2003-04,Middlesbrough,Chelsea,0.8,1.0,13.6,7.6,7.0,2.8,1.0,13.0,6.2,13.0,A
1218,2003-10-14,2003-04,Birmingham,Chelsea,1.4,1.0,8.2,4.4,10.0,2.8,1.0,11.6,6.0,13.0,D
1219,2003-10-18,2003-04,Portsmouth,Liverpool,0.6,1.4,10.4,4.6,2.0,2.2,1.4,17.6,9.8,9.0,H
1220,2003-10-18,2003-04,Middlesbrough,Newcastle,1.0,1.4,14.0,8.2,6.0,1.0,1.2,11.2,6.4,5.0,A
1221,2003-10-18,2003-04,Man City,Bolton,1.4,1.2,13.0,7.4,5.0,0.8,0.4,14.2,8.4,7.0,H
1222,2003-10-18,2003-04,Fulham,Wolves,2.2,0.8,10.6,6.0,11.0,0.4,1.6,9.0,3.4,5.0,D
1223,2003-10-18,2003-04,Arsenal,Chelsea,1.6,1.0,10.2,5.6,11.0,2.4,0.6,11.8,6.6,13.0,H
1224,2003-10-18,2003-04,Leeds,Man United,1.0,2.6,11.0,3.8,6.0,1.8,0.4,10.8,8.4,10.0,A
1225,2003-10-19,2003-04,Birmingham,Aston Villa,1.2,1.0,8.0,4.2,8.0,1.4,1.6,10.8,5.4,7.0,D
1226,2003-10-19,2003-04,Everton,Southampton,1.2,1.8,12.2,6.0,4.0,1.2,0.6,11.2,7.0,9.0,D
1227,2003-10-19,2003-04,Leicester,Tottenham,1.4,2.2,10.2,5.2,3.0,1.2,2.0,11.4,4.8,4.0,A
1228,2003-10-20,2003-04,Blackburn,Charlton,1.2,2.0,10.0,5.6,4.0,1.2,1.4,9.6,3.6,7.0,A
1229,2003-10-21,2003-04,Fulham,Newcastle,1.6,0.8,10.6,5.8,9.0,1.2,1.0,8.2,5.0,8.0,A
1230,2003-10-25,2003-04,Newcastle,Portsmouth,1.4,1.0,9.6,6.0,10.0,0.8,1.4,10.6,5.4,4.0,H
1231,2003-10-25,2003-04,Wolves,Leicester,0.4,1.6,9.6,4.2,5.0,1.4,2.0,13.6,7.4,3.0,H
1232,2003-10-25,2003-04,Southampton,Blackburn,1.0,0.6,12.6,7.4,7.0,0.8,1.8,11.6,6.0,3.0,H
1233,2003-10-25,2003-04,Man United,Fulham,2.0,0.2,12.4,8.6,13.0,1.6,1.0,9.8,5.4,8.0,A
1234,2003-10-25,2003-04,Bolton,Birmingham,1.2,1.6,14.0,8.2,6.0,0.8,0.6,5.8,3.0,8.0,A
1235,2003-10-25,2003-04,Chelsea,Man City,1.8,0.6,10.8,6.0,10.0,2.4,1.2,14.0,8.6,8.0,H
1236,2003-10-25,2003-04,Liverpool,Leeds,1.6,1.6,16.6,9.0,6.0,0.4,2.4,10.0,3.4,3.0,H
1237,2003-10-25,2003-04,Aston Villa,Everton,0.8,1.4,9.2,4.0,5.0,1.2,1.2,12.6,6.2,5.0,D
1238,2003-10-26,2003-04,Charlton,Arsenal,1.4,1.4,10.2,4.4,9.0,1.6,1.0,10.8,6.4,11.0,D
1239,2003-10-26,2003-04,Tottenham,Middlesbrough,1.6,1.6,9.2,4.4,7.0,0.6,1.0,10.8,6.4,6.0,D
1240,2003-11-01,2003-04,Tottenham,Bolton,1.2,0.8,9.8,5.4,8.0,0.8,1.8,14.6,8.0,3.0,A
1241,2003-11-01,2003-04,Southampton,Man City,1.0,0.6,14.0,8.4,7.0,1.6,1.2,12.4,8.0,5.0,A
1242,2003-11-01,2003-04,Newcastle,Aston Villa,2.0,1.0,8.8,6.2,12.0,0.6,0.6,10.8,4.4,6.0,D
1243,2003-11-01,2003-04,Middlesbrough,Wolves,0.6,0.6,12.6,7.2,7.0,1.2,1.8,10.0,5.2,8.0,H
1244,2003-11-01,2003-04,Man United,Portsmouth,1.8,0.8,13.0,8.6,10.0,0.6,1.8,10.8,5.8,3.0,H
1245,2003-11-01,2003-04,Leeds,Arsenal,0.6,2.2,8.6,4.0,3.0,1.6,1.0,10.6,6.2,11.0,A
1246,2003-11-01,2003-04,Everton,Chelsea,0.8,0.8,12.4,5.2,5.0,1.0,0.6,9.4,5.2,10.0,A
1247,2003-11-02,2003-04,Fulham,Liverpool,1.8,0.8,9.6,5.0,10.0,1.6,1.6,16.4,8.0,6.0,A
1248,2003-11-02,2003-04,Leicester,Blackburn,1.2,2.8,11.2,6.2,0.0,0.6,1.6,11.2,5.6,3.0,H
1249,2003-11-03,2003-04,Birmingham,Charlton,0.6,0.6,5.8,3.0,8.0,1.6,1.2,9.8,4.6,10.0,A
1250,2003-11-08,2003-04,Wolves,Birmingham,1.2,1.2,10.2,4.8,8.0,0.4,1.0,7.2,4.6,5.0,D
1251,2003-11-08,2003-04,Portsmouth,Leeds,0.4,2.0,10.8,5.2,3.0,0.8,2.6,8.0,3.8,3.0,H
1252,2003-11-08,2003-04,Charlton,Fulham,1.8,1.0,10.8,5.8,13.0,1.6,1.2,10.2,5.8,7.0,H
1253,2003-11-08,2003-04,Aston Villa,Middlesbrough,0.4,0.6,10.0,4.4,4.0,0.8,0.6,13.6,8.6,7.0,A
1254,2003-11-08,2003-04,Arsenal,Tottenham,2.4,1.2,12.0,7.8,13.0,1.0,0.4,9.2,5.4,8.0,H
1255,2003-11-08,2003-04,Bolton,Southampton,1.0,1.8,18.0,9.8,5.0,0.4,0.8,13.2,7.4,4.0,D
1256,2003-11-09,2003-04,Chelsea,Newcastle,1.0,0.6,10.8,5.6,10.0,1.8,0.6,12.2,8.0,13.0,H
1257,2003-11-09,2003-04,Liverpool,Man United,1.6,1.6,14.6,7.6,6.0,2.4,0.8,13.2,8.0,12.0,A
1258,2003-11-09,2003-04,Man City,Leicester,1.6,0.8,13.6,8.6,7.0,1.4,2.4,10.2,6.2,3.0,A
1259,2003-11-10,2003-04,Blackburn,Everton,0.2,1.8,10.8,4.0,0.0,0.8,0.8,13.0,5.0,5.0,H
1260,2003-11-22,2003-04,Leeds,Bolton,1.0,3.0,8.0,4.4,3.0,0.8,1.6,17.2,9.2,5.0,A
1261,2003-11-22,2003-04,Southampton,Chelsea,0.4,0.6,12.8,7.2,5.0,1.6,0.4,11.8,6.0,10.0,A
1262,2003-11-22,2003-04,Newcastle,Man City,1.6,1.6,10.2,6.8,10.0,1.6,1.4,12.2,7.4,6.0,H
1263,2003-11-22,2003-04,Middlesbrough,Liverpool,1.0,0.6,12.8,7.4,7.0,1.4,1.4,13.2,6.6,6.0,D
1264,2003-11-22,2003-04,Everton,Wolves,0.2,1.2,10.6,3.6,2.0,1.2,1.2,10.8,4.8,8.0,H
1265,2003-11-22,2003-04,Leicester,Charlton,1.8,1.6,9.4,6.0,6.0,1.8,0.8,10.4,6.2,13.0,D
1266,2003-11-22,2003-04,Birmingham,Arsenal,0.6,0.6,7.0,4.6,6.0,2.2,1.0,11.6,7.0,13.0,A
1267,2003-11-22,2003-04,Man United,Blackburn,2.0,0.8,12.2,7.0,12.0,0.6,1.6,13.2,6.4,3.0,H
1268,2003-11-23,2003-04,Tottenham,Aston Villa,1.2,0.8,9.4,5.4,7.0,0.4,0.8,11.0,5.0,4.0,H
1269,2003-11-24,2003-04,Fulham,Portsmouth,1.4,1.8,9.2,5.6,4.0,1.6,1.8,11.6,5.4,6.0,H
1270,2003-11-29,2003-04,Wolves,Newcastle,1.0,1.6,10.8,4.8,5.0,2.0,1.6,12.8,8.2,10.0,D
1271,2003-11-29,2003-04,Portsmouth,Leicester,1.4,1.8,10.8,5.0,6.0,2.0,1.4,10.4,6.6,7.0,A
1272,2003-11-29,2003-04,Charlton,Leeds,1.6,0.8,9.6,5.8,11.0,0.6,3.2,7.6,5.4,0.0,A
1273,2003-11-29,2003-04,Blackburn,Tottenham,0.6,1.6,12.4,5.8,3.0,1.0,1.0,8.8,5.0,7.0,H
1274,2003-11-29,2003-04,Aston Villa,Southampton,0.4,1.0,10.8,4.6,3.0,0.4,0.6,14.0,7.0,5.0,H
1275,2003-11-29,2003-04,Bolton,Everton,1.0,1.4,16.2,9.2,7.0,0.6,0.6,12.8,5.8,5.0,H
1276,2003-11-30,2003-04,Arsenal,Fulham,2.4,0.8,11.0,6.6,13.0,1.8,1.8,9.0,5.6,6.0,D
1277,2003-11-30,2003-04,Chelsea,Man United,1.8,0.4,10.8,5.2,12.0,1.8,1.0,13.0,7.0,12.0,H
1278,2003-11-30,2003-04,Liverpool,Birmingham,1.2,1.0,12.2,5.4,7.0,0.6,1.2,7.2,4.4,5.0,H
1279,2003-11-30,2003-04,Man City,Middlesbrough,1.6,1.8,11.4,6.6,6.0,0.8,0.2,11.4,6.8,8.0,A
1280,2003-12-06,2003-04,Leicester,Arsenal,2.2,1.0,7.4,4.2,10.0,2.0,0.6,12.8,7.6,11.0,D
1281,2003-12-06,2003-04,Tottenham,Wolves,0.6,1.0,9.2,4.8,4.0,1.2,1.8,10.0,4.4,5.0,H
1282,2003-12-06,2003-04,Newcastle,Liverpool,1.6,1.4,12.0,7.6,8.0,1.8,1.0,11.6,5.4,10.0,D
1283,2003-12-06,2003-04,Middlesbrough,Portsmouth,1.0,0.0,9.6,5.4,11.0,1.2,2.2,11.2,5.2,3.0,D
1284,2003-12-06,2003-04,Fulham,Bolton,1.4,1.2,9.6,5.0,7.0,1.0,0.2,16.4,8.8,10.0,H
1285,2003-12-06,2003-04,Leeds,Chelsea,0.8,3.0,9.4,6.2,3.0,1.8,0.0,11.8,5.4,15.0,D
1286,2003-12-06,2003-04,Birmingham,Blackburn,0.8,1.8,7.8,4.6,4.0,0.8,1.4,13.0,7.0,6.0,A
1287,2003-12-06,2003-04,Man United,Aston Villa,1.6,1.2,10.4,5.6,9.0,0.6,1.0,14.8,6.8,5.0,H
1288,2003-12-07,2003-04,Southampton,Charlton,0.4,0.8,11.6,6.2,4.0,1.4,1.0,10.2,6.0,8.0,H
1289,2003-12-07,2003-04,Everton,Man City,0.6,1.0,11.6,5.2,4.0,0.4,1.6,13.0,6.8,3.0,D
1290,2003-12-13,2003-04,Newcastle,Tottenham,1.2,1.6,12.6,7.2,6.0,1.6,1.4,9.2,5.2,6.0,H
1291,2003-12-13,2003-04,Liverpool,Southampton,1.4,1.0,9.0,4.2,8.0,0.6,1.2,10.8,6.0,4.0,A
1292,2003-12-13,2003-04,Portsmouth,Everton,1.2,1.6,10.6,4.8,4.0,0.6,1.0,11.8,5.2,4.0,A
1293,2003-12-13,2003-04,Middlesbrough,Charlton,1.0,0.0,7.4,4.0,11.0,1.6,1.4,13.0,8.0,7.0,D
1294,2003-12-13,2003-04,Chelsea,Bolton,1.8,0.2,14.2,6.6,13.0,1.2,0.4,15.2,8.4,10.0,A
1295,2003-12-13,2003-04,Leicester,Birmingham,1.8,0.4,6.8,3.4,11.0,0.6,2.6,7.6,4.4,1.0,A
1296,2003-12-13,2003-04,Man United,Man City,2.2,0.6,9.4,5.4,12.0,0.4,1.4,14.2,7.0,4.0,H
1297,2003-12-14,2003-04,Arsenal,Blackburn,2.0,0.6,12.2,7.4,11.0,1.6,1.0,14.0,7.8,9.0,H
1298,2003-12-14,2003-04,Aston Villa,Wolves,0.6,1.8,13.6,6.2,4.0,0.8,2.2,10.8,4.4,2.0,H
1299,2003-12-14,2003-04,Leeds,Fulham,0.8,2.6,9.6,6.0,4.0,1.2,1.2,9.2,4.2,7.0,H
1300,2003-12-20,2003-04,Blackburn,Aston Villa,1.6,0.8,13.0,7.6,9.0,1.0,2.0,13.6,6.6,6.0,A
1301,2003-12-20,2003-04,Bolton,Arsenal,1.4,0.6,11.0,5.8,10.0,1.4,0.4,11.8,7.0,11.0,D
1302,2003-12-20,2003-04,Charlton,Newcastle,1.2,1.2,12.4,6.8,5.0,1.8,1.4,12.0,6.8,8.0,D
1303,2003-12-20,2003-04,Everton,Leicester,1.0,1.0,11.2,5.2,7.0,1.4,0.8,7.6,3.8,8.0,H
1304,2003-12-20,2003-04,Fulham,Chelsea,1.4,1.4,9.2,4.4,7.0,1.8,0.6,12.6,6.2,10.0,A
1305,2003-12-21,2003-04,Southampton,Portsmouth,1.0,1.0,10.8,5.8,7.0,1.4,1.4,11.2,6.2,4.0,H
1306,2003-12-21,2003-04,Tottenham,Man United,1.6,2.0,8.0,4.8,6.0,2.2,0.8,9.4,6.0,12.0,A
1307,2003-12-22,2003-04,Man City,Leeds,0.2,2.0,14.0,7.0,1.0,1.2,2.2,10.6,7.2,7.0,D
1308,2003-12-26,2003-04,Man United,Everton,2.2,0.8,10.6,6.6,12.0,1.4,1.0,12.6,6.4,10.0,H
1309,2003-12-26,2003-04,Liverpool,Bolton,1.2,1.2,10.6,5.0,5.0,1.6,0.8,11.2,6.2,10.0,H
1310,2003-12-26,2003-04,Portsmouth,Tottenham,0.2,1.8,10.6,6.4,1.0,1.6,2.0,9.8,6.0,6.0,H
1311,2003-12-26,2003-04,Leicester,Newcastle,1.2,1.4,7.6,4.0,5.0,1.8,0.4,13.4,7.2,9.0,D
1312,2003-12-26,2003-04,Leeds,Aston Villa,1.2,1.2,10.6,7.0,8.0,1.4,1.6,14.2,7.2,9.0,D
1313,2003-12-26,2003-04,Fulham,Southampton,1.2,1.0,8.4,3.4,7.0,1.6,1.0,11.6,6.2,9.0,H
1314,2003-12-26,2003-04,Charlton,Chelsea,0.6,1.0,13.6,7.4,3.0,1.0,0.6,11.8,6.4,10.0,H
1315,2003-12-26,2003-04,Blackburn,Middlesbrough,1.2,1.0,11.8,6.2,6.0,0.6,0.0,7.0,3.0,9.0,D
1316,2003-12-26,2003-04,Birmingham,Man City,0.8,2.2,6.6,2.6,4.0,0.4,1.6,15.0,8.4,2.0,H
1317,2003-12-26,2003-04,Arsenal,Wolves,1.2,0.4,11.8,7.2,9.0,1.2,2.4,10.6,5.0,2.0,H
1318,2003-12-28,2003-04,Wolves,Leeds,1.0,2.8,9.4,4.4,1.0,1.2,0.8,9.2,5.6,9.0,H
1319,2003-12-28,2003-04,Tottenham,Charlton,1.2,2.2,8.8,5.6,3.0,1.2,1.2,13.8,7.4,5.0,A
1320,2003-12-28,2003-04,Newcastle,Blackburn,1.4,0.6,12.4,6.4,7.0,1.4,1.0,11.8,7.0,7.0,A
1321,2003-12-28,2003-04,Middlesbrough,Man United,0.6,0.4,6.4,3.0,7.0,2.4,1.0,11.6,7.2,12.0,A
1322,2003-12-28,2003-04,Man City,Liverpool,0.6,1.4,15.8,9.2,2.0,1.6,1.0,11.2,5.8,8.0,D
1323,2003-12-28,2003-04,Everton,Birmingham,1.4,1.6,10.0,4.6,7.0,1.0,2.2,6.8,2.8,6.0,H
1324,2003-12-28,2003-04,Chelsea,Portsmouth,1.2,1.4,13.2,7.2,7.0,0.6,1.4,10.2,6.8,4.0,H
1325,2003-12-28,2003-04,Bolton,Leicester,1.4,1.4,10.6,5.6,7.0,1.2,1.4,6.2,3.6,5.0,D
1326,2003-12-28,2003-04,Aston Villa,Fulham,1.2,1.2,14.2,6.8,10.0,1.2,1.0,9.6,4.0,7.0,H
1327,2003-12-29,2003-04,Southampton,Arsenal,1.6,1.2,10.2,6.0,9.0,1.2,0.4,13.0,8.0,9.0,A
1328,2004-01-06,2003-04,Aston Villa,Portsmouth,1.6,1.2,12.2,6.0,10.0,0.6,1.6,9.2,6.0,4.0,H
1329,2004-01-07,2003-04,Wolves,Blackburn,1.6,2.6,10.0,4.4,4.0,1.4,1.0,10.4,5.2,7.0,D
1330,2004-01-07,2003-04,Tottenham,Birmingham,1.2,2.2,10.6,6.8,3.0,1.0,1.8,6.4,3.0,6.0,H
1331,2004-01-07,2003-04,Southampton,Leicester,1.6,1.2,10.0,6.0,9.0,1.2,1.8,6.2,4.2,3.0,D
1332,2004-01-07,2003-04,Newcastle,Leeds,1.2,0.6,14.0,7.8,6.0,1.2,1.4,8.6,5.2,6.0,H
1333,2004-01-07,2003-04,Everton,Arsenal,1.6,1.2,11.8,5.2,10.0,1.4,0.4,12.0,7.0,11.0,D
1334,2004-01-07,2003-04,Man City,Charlton,1.0,1.6,14.2,8.0,3.0,1.4,1.0,13.2,7.8,8.0,D
1335,2004-01-07,2003-04,Chelsea,Liverpool,1.6,1.4,13.8,8.0,7.0,2.0,1.4,11.8,7.4,8.0,A
1336,2004-01-07,2003-04,Bolton,Man United,1.4,1.8,11.0,6.0,5.0,2.6,0.8,12.6,7.8,15.0,A
1337,2004-01-07,2003-04,Middlesbrough,Fulham,0.6,0.6,7.0,2.8,6.0,1.2,1.6,10.0,4.4,6.0,H
1338,2004-01-10,2003-04,Portsmouth,Man City,0.8,2.0,10.2,6.4,3.0,1.2,1.8,14.8,8.6,3.0,H
1339,2004-01-10,2003-04,Liverpool,Aston Villa,1.6,1.2,10.6,6.2,8.0,2.0,0.6,13.8,8.0,13.0,H
1340,2004-01-10,2003-04,Leeds,Tottenham,1.0,1.4,8.8,5.4,5.0,1.0,2.0,10.4,6.2,3.0,A
1341,2004-01-10,2003-04,Fulham,Everton,1.0,1.8,9.8,4.6,3.0,1.8,1.4,11.6,5.6,10.0,H
1342,2004-01-10,2003-04,Blackburn,Bolton,1.0,1.4,10.0,4.8,5.0,1.4,1.8,12.0,6.0,5.0,A
1343,2004-01-10,2003-04,Birmingham,Southampton,1.0,2.0,6.8,2.8,6.0,1.0,0.8,9.2,6.0,7.0,H
1344,2004-01-10,2003-04,Arsenal,Middlesbrough,1.4,0.4,12.2,7.0,11.0,0.8,0.8,8.6,3.8,6.0,H
1345,2004-01-10,2003-04,Charlton,Wolves,1.2,0.6,11.0,5.8,9.0,1.8,2.8,10.0,4.6,4.0,H
1346,2004-01-11,2003-04,Leicester,Chelsea,1.0,1.6,7.2,5.6,3.0,1.4,1.4,11.8,6.4,6.0,A
1347,2004-01-11,2003-04,Man United,Newcastle,2.2,1.0,12.4,7.6,15.0,1.2,0.4,14.0,7.8,8.0,D
1348,2004-01-17,2003-04,Tottenham,Liverpool,1.2,1.2,12.6,7.0,6.0,1.6,1.0,11.6,6.4,10.0,H
1349,2004-01-17,2003-04,Wolves,Man United,1.4,2.2,8.2,3.8,4.0,1.6,0.8,12.8,7.6,13.0,H
1350,2004-01-17,2003-04,Southampton,Leeds,0.8,1.0,9.4,6.4,4.0,0.4,1.2,7.4,3.4,2.0,H
1351,2004-01-17,2003-04,Man City,Blackburn,1.4,2.0,15.4,8.0,3.0,1.6,2.0,10.6,5.2,5.0,D
1352,2004-01-17,2003-04,Everton,Charlton,1.6,1.6,12.0,5.8,7.0,1.6,0.6,11.0,6.0,11.0,A
1353,2004-01-17,2003-04,Bolton,Portsmouth,1.8,2.2,14.4,7.6,5.0,1.4,2.0,10.0,6.0,6.0,H
1354,2004-01-17,2003-04,Middlesbrough,Leicester,1.0,1.6,8.6,4.0,5.0,1.0,2.0,6.8,5.2,3.0,D
1355,2004-01-18,2003-04,Aston Villa,Arsenal,1.4,0.4,13.2,6.8,10.0,2.0,0.6,14.0,8.2,11.0,A
1356,2004-01-18,2003-04,Chelsea,Birmingham,2.0,1.0,12.2,6.6,9.0,1.4,1.4,7.8,3.6,9.0,D
1357,2004-01-19,2003-04,Newcastle,Fulham,0.4,0.4,11.6,6.2,6.0,1.0,1.4,10.6,5.2,6.0,H
1358,2004-01-21,2003-04,Wolves,Liverpool,1.2,1.6,8.8,4.0,7.0,1.6,1.0,10.0,5.2,10.0,D
1359,2004-01-31,2003-04,Leeds,Middlesbrough,0.4,1.4,8.4,3.8,1.0,1.6,2.2,8.8,4.2,5.0,A
1360,2004-01-31,2003-04,Birmingham,Newcastle,1.0,1.4,6.4,3.0,7.0,1.0,0.6,11.4,7.0,8.0,D
1361,2004-01-31,2003-04,Charlton,Bolton,1.8,0.6,8.8,4.8,13.0,1.8,2.0,13.2,6.2,7.0,A
1362,2004-01-31,2003-04,Fulham,Tottenham,1.2,1.8,11.8,6.0,6.0,1.4,1.0,11.2,6.0,9.0,H
1363,2004-01-31,2003-04,Leicester,Aston Villa,1.2,2.0,8.4,6.0,4.0,1.0,0.8,12.6,6.4,7.0,A
1364,2004-01-31,2003-04,Liverpool,Everton,1.2,1.0,10.2,5.6,8.0,1.0,1.4,12.4,5.6,4.0,D
1365,2004-01-31,2003-04,Man United,Southampton,1.2,0.8,13.4,7.4,10.0,0.6,1.2,10.6,6.2,4.0,H
1366,2004-01-31,2003-04,Portsmouth,Wolves,1.4,1.6,9.4,5.2,6.0,1.4,1.2,9.6,5.0,8.0,D
1367,2004-02-01,2003-04,Blackburn,Chelsea,1.8,1.8,9.4,4.8,6.0,1.8,1.0,13.2,6.6,7.0,A
1368,2004-02-01,2003-04,Arsenal,Man City,2.2,0.4,14.8,9.2,13.0,1.4,2.0,13.6,7.2,3.0,H
1369,2004-02-07,2003-04,Tottenham,Portsmouth,1.6,1.0,11.0,6.2,9.0,1.0,1.6,10.8,5.6,4.0,H
1370,2004-02-07,2003-04,Southampton,Fulham,1.0,1.4,12.8,8.0,4.0,1.2,2.0,12.2,6.6,6.0,D
1371,2004-02-07,2003-04,Wolves,Arsenal,0.8,1.0,9.0,5.0,6.0,2.0,0.6,14.0,9.0,13.0,A
1372,2004-02-07,2003-04,Newcastle,Leicester,1.0,0.6,9.8,6.2,8.0,1.0,2.8,9.8,6.8,3.0,H
1373,2004-02-07,2003-04,Bolton,Liverpool,2.0,1.6,14.6,7.8,10.0,0.8,0.6,12.2,5.6,8.0,D
1374,2004-02-07,2003-04,Everton,Man United,0.6,0.8,11.6,5.2,5.0,1.2,0.8,12.0,6.6,10.0,A
1375,2004-02-07,2003-04,Aston Villa,Leeds,2.0,0.8,12.8,7.6,9.0,0.4,2.0,8.8,4.0,0.0,H
1376,2004-02-07,2003-04,Middlesbrough,Blackburn,1.8,1.8,10.8,4.8,7.0,1.8,2.0,9.4,4.2,5.0,A
1377,2004-02-08,2003-04,Chelsea,Charlton,2.0,0.6,13.6,6.8,10.0,1.2,0.6,10.0,5.4,10.0,H
1378,2004-02-08,2003-04,Man City,Birmingham,1.4,2.0,13.6,7.8,3.0,0.8,1.4,8.4,3.4,5.0,D
1379,2004-02-10,2003-04,Arsenal,Southampton,2.4,0.8,12.6,8.6,13.0,1.0,1.2,13.8,8.6,5.0,H
1380,2004-02-10,2003-04,Leeds,Wolves,0.2,1.8,8.4,4.0,0.0,0.6,1.2,9.4,5.0,5.0,H
1381,2004-02-10,2003-04,Leicester,Bolton,0.8,3.0,9.8,6.2,2.0,2.0,1.6,14.0,7.4,10.0,D
1382,2004-02-11,2003-04,Liverpool,Man City,1.0,1.0,13.6,6.6,6.0,1.0,1.6,14.6,8.6,3.0,H
1383,2004-02-11,2003-04,Fulham,Aston Villa,1.2,1.4,12.6,7.6,7.0,1.8,0.8,13.4,7.4,9.0,A
1384,2004-02-11,2003-04,Man United,Middlesbrough,1.8,1.4,13.8,7.2,10.0,1.8,1.8,11.6,5.8,7.0,A
1385,2004-02-11,2003-04,Blackburn,Newcastle,1.8,2.0,8.4,4.0,5.0,1.6,0.6,9.8,5.8,11.0,D
1386,2004-02-11,2003-04,Birmingham,Everton,0.8,1.2,8.8,3.4,6.0,1.0,1.6,10.8,5.6,2.0,H
1387,2004-02-11,2003-04,Charlton,Tottenham,1.0,0.8,9.0,3.8,7.0,2.4,1.4,10.4,7.0,12.0,A
1388,2004-02-11,2003-04,Portsmouth,Chelsea,1.6,1.8,12.6,6.8,4.0,1.6,0.6,13.8,6.4,10.0,A
1389,2004-02-21,2003-04,Southampton,Everton,1.0,1.6,13.0,7.0,4.0,0.8,2.0,10.2,5.4,1.0,D
1390,2004-02-21,2003-04,Wolves,Fulham,0.8,1.6,10.2,5.2,5.0,1.2,1.4,13.4,8.0,7.0,H
1391,2004-02-21,2003-04,Newcastle,Middlesbrough,1.6,0.8,10.0,6.0,9.0,2.0,2.0,12.0,6.4,7.0,H
1392,2004-02-21,2003-04,Bolton,Man City,2.0,1.4,12.8,8.2,11.0,1.0,1.8,12.2,7.2,2.0,A
1393,2004-02-21,2003-04,Chelsea,Arsenal,2.0,0.4,14.0,6.8,13.0,2.6,0.6,13.0,8.8,15.0,A
1394,2004-02-21,2003-04,Charlton,Blackburn,1.2,1.4,10.8,5.8,6.0,1.6,1.8,10.0,4.4,5.0,H
1395,2004-02-21,2003-04,Man United,Leeds,1.8,1.8,16.2,8.4,7.0,1.0,1.8,10.6,4.6,3.0,D
1396,2004-02-22,2003-04,Aston Villa,Birmingham,1.8,0.8,11.8,5.4,9.0,1.2,0.4,10.0,5.0,9.0,D
1397,2004-02-22,2003-04,Tottenham,Leicester,2.4,1.6,10.6,7.6,12.0,1.0,3.2,11.0,7.6,2.0,D
1398,2004-02-28,2003-04,Man City,Chelsea,1.2,1.2,12.6,8.6,5.0,1.4,0.8,13.8,6.4,10.0,A
1399,2004-02-28,2003-04,Leicester,Wolves,1.8,3.2,12.6,8.4,3.0,1.0,1.8,10.4,6.0,5.0,D
1400,2004-02-28,2003-04,Fulham,Man United,1.0,1.6,12.4,7.0,4.0,2.0,2.0,18.6,8.4,7.0,D
1401,2004-02-28,2003-04,Blackburn,Southampton,1.4,1.6,12.0,6.2,5.0,1.4,1.8,13.0,6.8,5.0,D
1402,2004-02-28,2003-04,Arsenal,Charlton,2.2,0.6,10.8,7.6,15.0,1.4,1.8,11.0,6.4,6.0,H
1403,2004-02-28,2003-04,Everton,Aston Villa,1.2,2.2,10.4,5.6,2.0,2.2,1.0,12.4,6.6,10.0,H
1404,2004-02-29,2003-04,Leeds,Liverpool,1.2,1.8,10.6,5.0,4.0,1.2,1.2,13.6,7.2,6.0,D
1405,2004-02-29,2003-04,Portsmouth,Newcastle,1.4,1.8,12.6,7.0,4.0,2.0,1.0,11.8,7.2,11.0,D
1406,2004-03-03,2003-04,Birmingham,Middlesbrough,1.2,0.6,10.4,5.6,7.0,2.0,1.6,12.6,6.4,7.0,H
1407,2004-03-06,2003-04,Birmingham,Bolton,1.8,0.8,11.8,6.4,9.0,1.4,1.4,12.8,8.4,8.0,H
1408,2004-03-09,2003-04,Middlesbrough,Tottenham,1.6,1.6,11.6,6.2,6.0,3.0,2.4,9.6,7.8,10.0,H
1409,2004-03-13,2003-04,Fulham,Leeds,1.0,1.2,11.2,6.4,5.0,1.4,1.8,10.8,5.0,5.0,H
1410,2004-03-13,2003-04,Everton,Portsmouth,1.6,2.0,10.0,5.6,5.0,0.8,1.6,14.0,7.0,2.0,H
1411,2004-03-13,2003-04,Charlton,Middlesbrough,1.4,2.2,10.8,6.2,3.0,1.2,1.6,10.6,6.2,6.0,H
1412,2004-03-13,2003-04,Blackburn,Arsenal,1.4,1.6,14.0,7.0,5.0,2.2,0.8,12.4,8.0,15.0,A
1413,2004-03-13,2003-04,Birmingham,Leicester,2.0,0.6,10.8,6.6,11.0,1.2,2.6,11.8,8.0,3.0,A
1414,2004-03-13,2003-04,Bolton,Chelsea,1.2,1.8,12.2,7.6,5.0,1.6,0.8,12.4,5.4,12.0,A
1415,2004-03-14,2003-04,Man City,Man United,1.0,1.2,13.4,8.0,4.0,2.2,2.0,18.2,8.6,8.0,H
1416,2004-03-14,2003-04,Southampton,Liverpool,1.2,1.8,11.4,6.8,3.0,1.4,1.2,16.0,9.0,7.0,H
1417,2004-03-14,2003-04,Tottenham,Newcastle,2.6,2.4,10.2,7.6,7.0,1.6,1.0,10.8,5.8,9.0,H
1418,2004-03-14,2003-04,Wolves,Aston Villa,0.8,1.6,9.8,5.4,5.0,2.2,1.0,12.4,7.2,10.0,A
1419,2004-03-17,2003-04,Liverpool,Portsmouth,1.2,1.4,16.8,9.4,6.0,0.8,1.6,13.4,7.0,2.0,H
1420,2004-03-20,2003-04,Chelsea,Fulham,1.4,0.4,11.4,5.2,12.0,1.0,1.0,11.8,6.4,5.0,H
1421,2004-03-20,2003-04,Newcastle,Charlton,1.4,1.0,11.2,6.2,8.0,1.4,1.8,10.8,6.2,6.0,H
1422,2004-03-20,2003-04,Middlesbrough,Birmingham,1.2,1.6,10.6,6.6,6.0,2.0,0.8,10.6,7.0,10.0,H
1423,2004-03-20,2003-04,Man United,Tottenham,1.8,2.4,19.2,9.0,5.0,2.6,2.0,11.6,7.6,10.0,H
1424,2004-03-20,2003-04,Arsenal,Bolton,2.2,0.6,13.0,7.2,15.0,0.8,2.0,13.4,7.8,2.0,H
1425,2004-03-20,2003-04,Leicester,Everton,1.4,1.6,10.0,6.6,6.0,1.8,2.0,11.4,6.0,7.0,D
1426,2004-03-20,2003-04,Aston Villa,Blackburn,2.0,1.0,12.6,6.6,10.0,1.0,1.4,13.4,6.6,5.0,A
1427,2004-03-20,2003-04,Liverpool,Wolves,1.8,1.4,16.6,10.2,8.0,0.8,2.4,10.0,4.8,4.0,H
1428,2004-03-21,2003-04,Portsmouth,Southampton,0.8,2.2,10.8,5.8,1.0,1.2,1.2,9.4,5.2,6.0,H
1429,2004-03-22,2003-04,Leeds,Man City,1.4,1.6,11.0,5.4,5.0,1.6,1.0,15.0,8.6,7.0,H
1430,2004-03-27,2003-04,Man City,Fulham,1.8,1.4,15.0,9.0,6.0,1.2,1.4,10.6,5.0,4.0,D
1431,2004-03-27,2003-04,Southampton,Tottenham,1.2,1.4,9.8,5.6,5.0,1.8,2.0,10.2,5.6,7.0,H
1432,2004-03-27,2003-04,Everton,Middlesbrough,1.4,1.4,10.4,5.0,8.0,1.6,1.8,10.8,6.8,6.0,D
1433,2004-03-27,2003-04,Charlton,Aston Villa,1.6,2.2,11.0,6.6,6.0,1.6,1.4,11.6,6.6,7.0,A
1434,2004-03-27,2003-04,Blackburn,Portsmouth,1.2,1.4,15.4,7.6,5.0,0.4,1.4,10.8,5.6,4.0,A
1435,2004-03-27,2003-04,Birmingham,Leeds,2.0,1.8,11.2,7.2,7.0,1.8,1.4,10.4,5.2,8.0,H
1436,2004-03-27,2003-04,Chelsea,Wolves,1.6,0.6,10.8,5.6,12.0,0.6,2.0,9.2,5.0,4.0,H
1437,2004-03-28,2003-04,Arsenal,Man United,2.0,0.6,13.2,7.4,15.0,1.6,1.8,17.6,8.4,5.0,D
1438,2004-03-28,2003-04,Bolton,Newcastle,0.6,2.0,12.6,7.0,1.0,1.4,1.0,11.2,6.4,8.0,H
1439,2004-03-28,2003-04,Leicester,Liverpool,1.4,1.2,10.6,6.8,7.0,1.6,1.0,16.8,9.8,10.0,D
1440,2004-04-03,2003-04,Tottenham,Chelsea,1.0,1.8,10.8,5.4,4.0,2.2,1.0,11.8,6.8,12.0,A
1441,2004-04-03,2003-04,Wolves,Southampton,0.8,2.2,8.8,4.8,4.0,1.4,1.0,11.4,6.6,8.0,A
1442,2004-04-03,2003-04,Newcastle,Everton,1.2,1.0,11.4,6.4,7.0,1.6,1.0,12.2,5.8,9.0,H
1443,2004-04-03,2003-04,Middlesbrough,Bolton,1.6,1.6,11.2,7.0,7.0,0.6,1.8,14.8,7.6,3.0,H
1444,2004-04-03,2003-04,Fulham,Birmingham,1.0,1.0,9.0,4.2,5.0,2.4,1.6,12.0,6.8,9.0,D
1445,2004-04-04,2003-04,Aston Villa,Man City,1.6,1.4,13.4,8.2,7.0,1.6,1.0,16.2,9.2,7.0,D
1446,2004-04-04,2003-04,Liverpool,Blackburn,1.2,0.8,18.2,10.8,8.0,1.2,1.6,14.8,8.0,4.0,H
1447,2004-04-05,2003-04,Leeds,Leicester,1.2,2.0,8.6,5.0,5.0,1.2,1.0,10.2,5.6,7.0,H
1448,2004-04-09,2003-04,Arsenal,Liverpool,1.8,0.8,14.4,8.2,13.0,1.6,0.4,18.6,10.4,10.0,H
1449,2004-04-09,2003-04,Everton,Tottenham,1.4,1.2,12.4,5.8,8.0,0.2,1.2,11.2,5.0,3.0,H
1450,2004-04-10,2003-04,Leicester,Fulham,0.8,0.8,10.2,6.0,6.0,0.8,0.6,8.4,4.2,6.0,A
1451,2004-04-10,2003-04,Bolton,Aston Villa,0.4,1.6,14.2,7.0,3.0,1.4,1.2,12.4,7.2,7.0,D
1452,2004-04-10,2003-04,Man City,Wolves,1.2,1.0,14.2,7.4,5.0,0.6,2.8,8.0,3.4,1.0,D
1453,2004-04-10,2003-04,Chelsea,Middlesbrough,2.2,0.6,11.8,7.4,15.0,1.8,1.0,11.6,7.0,10.0,D
1454,2004-04-10,2003-04,Blackburn,Leeds,0.8,1.8,13.0,6.0,4.0,1.6,2.2,10.2,6.4,7.0,A
1455,2004-04-10,2003-04,Birmingham,Man United,1.8,1.4,11.4,6.0,7.0,1.4,1.4,15.6,7.4,6.0,A
1456,2004-04-10,2003-04,Charlton,Portsmouth,1.4,1.8,9.6,5.6,6.0,0.8,1.2,10.2,5.4,7.0,D
1457,2004-04-11,2003-04,Newcastle,Arsenal,1.6,1.2,10.6,6.2,7.0,2.2,1.0,15.0,8.2,13.0,D
1458,2004-04-12,2003-04,Aston Villa,Chelsea,1.8,1.2,11.4,6.2,8.0,2.0,0.6,13.8,8.4,13.0,H
1459,2004-04-12,2003-04,Fulham,Blackburn,1.0,0.4,8.8,4.4,8.0,0.8,2.0,11.6,6.0,3.0,A
1460,2004-04-12,2003-04,Liverpool,Charlton,2.0,0.8,17.4,9.0,10.0,1.0,1.6,9.2,4.8,4.0,A
1461,2004-04-12,2003-04,Middlesbrough,Southampton,1.6,1.0,11.4,6.8,8.0,1.6,0.6,12.2,7.6,10.0,H
1462,2004-04-12,2003-04,Portsmouth,Birmingham,0.8,1.2,8.6,5.4,7.0,1.6,1.8,11.6,6.4,4.0,H
1463,2004-04-12,2003-04,Tottenham,Man City,0.4,1.6,11.6,6.0,3.0,1.8,1.4,14.2,8.2,6.0,D
1464,2004-04-12,2003-04,Wolves,Bolton,1.2,3.4,9.8,4.6,1.0,0.8,1.6,15.4,8.0,4.0,A
1465,2004-04-13,2003-04,Leeds,Everton,1.6,2.0,9.4,5.8,9.0,1.6,1.4,12.0,6.4,8.0,D
1466,2004-04-13,2003-04,Man United,Leicester,1.6,1.4,12.8,7.2,8.0,0.8,1.2,10.2,6.2,5.0,H
1467,2004-04-16,2003-04,Arsenal,Leeds,1.8,0.8,13.0,7.0,11.0,1.8,1.8,10.4,6.0,10.0,H
1468,2004-04-17,2003-04,Portsmouth,Man United,1.4,1.2,10.0,6.0,10.0,1.6,1.2,13.4,8.2,10.0,H
1469,2004-04-17,2003-04,Man City,Southampton,1.2,1.4,12.6,7.6,4.0,1.6,1.0,13.4,8.0,9.0,A
1470,2004-04-17,2003-04,Wolves,Middlesbrough,1.4,3.0,9.6,5.0,1.0,2.2,1.0,13.4,8.6,11.0,H
1471,2004-04-17,2003-04,Liverpool,Fulham,1.4,1.0,18.4,9.6,7.0,1.2,1.2,7.0,3.8,5.0,D
1472,2004-04-17,2003-04,Blackburn,Leicester,1.6,2.2,11.8,6.4,6.0,0.6,1.4,11.8,6.8,2.0,H
1473,2004-04-17,2003-04,Charlton,Birmingham,1.0,1.2,9.2,4.8,7.0,1.8,2.2,11.6,6.0,4.0,D
1474,2004-04-17,2003-04,Bolton,Tottenham,1.2,1.4,14.0,6.6,7.0,0.4,1.8,12.4,7.2,1.0,H
1475,2004-04-17,2003-04,Chelsea,Everton,2.0,1.2,12.6,7.2,10.0,1.6,1.6,11.0,6.0,6.0,D
1476,2004-04-18,2003-04,Aston Villa,Newcastle,1.6,1.6,9.4,5.4,8.0,1.4,1.0,11.4,6.8,7.0,D
1477,2004-04-20,2003-04,Man United,Charlton,1.4,0.6,13.8,8.8,10.0,1.0,1.4,8.8,4.4,5.0,H
1478,2004-04-24,2003-04,Southampton,Bolton,1.8,1.2,13.8,8.4,9.0,1.4,1.0,15.4,8.2,10.0,A
1479,2004-04-24,2003-04,Middlesbrough,Aston Villa,1.2,0.8,14.0,8.8,8.0,1.6,1.2,9.4,4.2,9.0,A
1480,2004-04-24,2003-04,Man United,Liverpool,1.2,0.6,13.6,8.8,10.0,1.2,1.0,19.6,10.8,5.0,A
1481,2004-04-24,2003-04,Fulham,Charlton,1.0,0.8,8.2,5.0,6.0,0.8,1.2,8.6,4.0,5.0,H
1482,2004-04-24,2003-04,Everton,Blackburn,1.4,1.4,10.6,6.2,6.0,1.4,2.2,11.0,5.8,6.0,A
1483,2004-04-24,2003-04,Leicester,Man City,0.4,1.4,11.4,6.8,1.0,1.2,1.6,11.4,6.2,4.0,D
1484,2004-04-25,2003-04,Birmingham,Wolves,1.4,1.4,9.4,4.4,5.0,1.8,2.8,10.4,5.4,4.0,D
1485,2004-04-25,2003-04,Leeds,Portsmouth,1.4,2.6,11.0,5.8,7.0,1.6,0.6,11.0,6.0,13.0,A
1486,2004-04-25,2003-04,Newcastle,Chelsea,1.4,0.8,11.2,6.8,8.0,1.6,1.0,13.2,6.8,8.0,H
1487,2004-04-25,2003-04,Tottenham,Arsenal,0.4,1.6,11.6,6.6,1.0,2.4,0.8,13.2,7.6,11.0,D
1488,2004-05-01,2003-04,Portsmouth,Fulham,1.8,0.8,9.2,5.4,13.0,1.4,0.8,8.8,5.8,8.0,D
1489,2004-05-01,2003-04,Wolves,Everton,1.8,2.2,10.8,6.0,5.0,1.2,1.4,11.0,6.6,5.0,H
1490,2004-05-01,2003-04,Man City,Newcastle,1.4,1.8,11.2,6.4,4.0,1.2,0.8,12.4,7.2,8.0,H
1491,2004-05-01,2003-04,Blackburn,Man United,1.4,1.8,10.2,5.4,9.0,1.0,0.6,13.2,8.0,9.0,H
1492,2004-05-01,2003-04,Charlton,Leicester,0.6,1.2,8.0,2.8,5.0,0.6,1.6,11.2,6.0,1.0,D
1493,2004-05-01,2003-04,Arsenal,Birmingham,2.4,1.0,12.8,7.4,9.0,1.0,1.6,8.8,4.8,3.0,D
1494,2004-05-01,2003-04,Chelsea,Southampton,0.8,1.0,13.6,6.0,5.0,2.0,1.4,13.0,7.4,9.0,H
1495,2004-05-02,2003-04,Aston Villa,Tottenham,1.6,1.2,8.0,3.8,9.0,0.8,1.8,11.2,6.2,2.0,H
1496,2004-05-02,2003-04,Bolton,Leeds,1.6,1.2,13.6,7.4,10.0,1.4,2.2,11.6,5.6,7.0,H
1497,2004-05-02,2003-04,Liverpool,Middlesbrough,1.4,1.0,17.6,9.2,7.0,1.2,1.0,18.2,12.0,7.0,H
1498,2004-05-04,2003-04,Portsmouth,Arsenal,1.6,0.8,10.4,6.0,11.0,2.2,0.8,10.8,5.6,9.0,D
1499,2004-05-08,2003-04,Southampton,Aston Villa,1.8,2.2,10.4,5.8,6.0,1.6,1.0,9.0,4.4,11.0,D
1500,2004-05-08,2003-04,Birmingham,Liverpool,1.0,1.6,8.2,5.2,3.0,1.0,1.0,15.8,8.6,7.0,A
1501,2004-05-08,2003-04,Everton,Bolton,1.0,1.0,10.4,6.6,5.0,2.4,1.0,15.2,8.6,13.0,A
1502,2004-05-08,2003-04,Leeds,Charlton,1.0,2.6,9.8,4.4,4.0,0.8,1.4,7.8,3.6,5.0,D
1503,2004-05-08,2003-04,Leicester,Portsmouth,0.6,1.4,10.4,5.2,2.0,1.6,0.8,10.6,5.6,11.0,H
1504,2004-05-08,2003-04,Man United,Chelsea,0.6,0.6,13.0,7.8,6.0,1.4,1.0,14.0,6.0,5.0,D
1505,2004-05-08,2003-04,Middlesbrough,Man City,0.8,1.4,18.6,12.0,4.0,1.4,1.6,11.2,6.2,6.0,H
1506,2004-05-08,2003-04,Tottenham,Blackburn,0.8,1.8,10.8,5.8,2.0,1.6,1.0,10.8,6.6,12.0,H
1507,2004-05-09,2003-04,Newcastle,Wolves,1.2,0.8,10.8,7.0,8.0,2.0,1.6,13.2,7.6,8.0,D
1508,2004-05-09,2003-04,Fulham,Arsenal,1.6,1.0,9.8,6.2,8.0,1.6,0.6,12.4,6.0,7.0,A
1509,2004-05-12,2003-04,Southampton,Newcastle,1.2,2.2,11.4,5.8,4.0,0.6,0.6,12.2,7.0,6.0,D
1510,2004-05-15,2003-04,Arsenal,Leicester,1.8,0.6,11.6,6.0,9.0,1.2,1.2,11.0,5.6,5.0,H
1511,2004-05-15,2003-04,Aston Villa,Man United,1.4,0.8,10.4,5.2,11.0,0.6,0.8,12.2,6.8,4.0,A
1512,2004-05-15,2003-04,Blackburn,Birmingham,1.4,0.8,11.8,5.6,12.0,0.8,1.8,6.6,4.0,3.0,D
1513,2004-05-15,2003-04,Bolton,Fulham,2.4,0.8,14.0,7.8,15.0,1.2,1.2,10.4,6.4,5.0,A
1514,2004-05-15,2003-04,Charlton,Southampton,1.2,2.0,9.0,4.2,3.0,1.6,2.2,11.2,6.6,5.0,H
1515,2004-05-15,2003-04,Chelsea,Leeds,1.6,1.2,12.4,5.6,5.0,1.2,3.0,10.8,5.2,2.0,H
1516,2004-05-15,2003-04,Liverpool,Newcastle,1.2,0.2,16.4,9.2,10.0,1.2,1.2,14.8,8.4,6.0,D
1517,2004-05-15,2003-04,Man City,Everton,1.0,1.4,11.2,5.8,5.0,0.6,1.2,11.0,6.4,2.0,H
1518,2004-05-15,2003-04,Portsmouth,Middlesbrough,1.2,1.2,11.0,5.8,8.0,1.2,1.6,19.2,12.4,6.0,H
1519,2004-05-15,2003-04,Wolves,Tottenham,1.6,1.2,13.2,7.2,8.0,0.8,1.2,11.6,7.0,5.0,A
1520,2004-08-14,2004-05,Portsmouth,Birmingham,2.0,1.4,12.4,7.0,8.0,0.8,1.4,7.2,4.6,4.0,D
1521,2004-08-14,2004-05,Tottenham,Liverpool,1.0,1.0,11.4,7.4,7.0,1.4,0.2,13.0,6.8,11.0,D
1523,2004-08-14,2004-05,Middlesbrough,Newcastle,0.8,2.4,18.0,9.6,3.0,1.4,1.4,15.0,8.6,6.0,D
1524,2004-08-14,2004-05,Bolton,Charlton,2.0,1.0,14.8,8.8,12.0,1.4,2.0,8.6,4.2,5.0,H
1525,2004-08-14,2004-05,Blackburn,West Brom,0.8,0.4,11.6,5.2,10.0,1.4,2.6,9.4,6.0,5.0,D
1526,2004-08-14,2004-05,Aston Villa,Southampton,0.8,0.8,12.6,6.2,8.0,1.2,2.4,11.8,6.4,2.0,H
1527,2004-08-14,2004-05,Man City,Fulham,1.8,1.4,12.0,6.4,7.0,1.0,0.4,10.4,6.2,8.0,D
1528,2004-08-15,2004-05,Chelsea,Man United,1.4,0.6,15.0,7.0,8.0,1.0,0.6,10.8,6.0,7.0,H
1529,2004-08-15,2004-05,Everton,Arsenal,0.6,2.0,9.8,5.6,1.0,1.2,0.8,12.0,6.4,9.0,A
1531,2004-08-21,2004-05,Birmingham,Chelsea,0.8,1.4,9.0,6.0,4.0,1.6,0.6,13.4,6.8,10.0,A
1532,2004-08-21,2004-05,Charlton,Portsmouth,1.6,2.4,9.4,5.2,5.0,1.8,1.4,13.8,7.6,6.0,H
1533,2004-08-21,2004-05,Fulham,Bolton,1.2,0.6,9.0,5.2,8.0,2.4,1.2,16.0,9.0,12.0,H
1534,2004-08-21,2004-05,Liverpool,Man City,1.6,0.4,12.6,6.4,11.0,1.8,1.0,11.4,6.0,8.0,H
1536,2004-08-21,2004-05,Newcastle,Tottenham,1.4,1.6,13.0,7.0,4.0,1.2,0.8,13.4,8.8,8.0,A
1537,2004-08-21,2004-05,Southampton,Blackburn,1.0,2.4,11.2,6.2,2.0,0.8,0.6,11.6,5.2,8.0,H
1538,2004-08-22,2004-05,Arsenal,Middlesbrough,1.6,0.6,13.8,7.8,11.0,1.2,2.4,17.8,9.2,4.0,H
1539,2004-08-22,2004-05,West Brom,Aston Villa,1.2,2.6,8.4,5.0,3.0,1.2,0.8,13.4,7.0,10.0,D
1540,2004-08-24,2004-05,Birmingham,Man City,0.4,1.2,8.0,4.8,3.0,1.8,1.2,10.6,5.8,7.0,H
1542,2004-08-25,2004-05,Southampton,Bolton,1.6,2.0,12.8,7.0,5.0,2.0,1.4,15.8,8.2,9.0,A
1543,2004-08-25,2004-05,West Brom,Tottenham,1.0,2.2,9.6,4.4,4.0,1.0,0.4,13.8,9.0,10.0,D
1545,2004-08-25,2004-05,Arsenal,Blackburn,2.6,1.2,15.6,9.8,13.0,1.0,1.2,11.6,5.0,5.0,H
1546,2004-08-25,2004-05,Charlton,Aston Villa,2.0,2.2,11.4,7.4,8.0,1.0,0.8,12.8,6.0,8.0,H
1547,2004-08-25,2004-05,Fulham,Middlesbrough,1.2,0.6,12.0,6.4,8.0,1.6,3.0,13.4,6.0,4.0,A
1548,2004-08-28,2004-05,Aston Villa,Newcastle,0.8,1.4,12.4,5.6,5.0,1.6,1.8,15.0,8.4,4.0,H
1549,2004-08-28,2004-05,Blackburn,Man United,0.8,1.8,9.8,3.4,2.0,1.0,0.8,12.2,6.0,7.0,D
1550,2004-08-28,2004-05,Chelsea,Southampton,1.2,0.2,12.2,6.8,13.0,1.6,2.2,11.2,6.2,4.0,H
1551,2004-08-28,2004-05,Everton,West Brom,1.4,2.8,10.2,5.4,3.0,1.2,1.2,8.6,3.8,5.0,H
1552,2004-08-28,2004-05,Man City,Charlton,1.6,1.4,10.0,5.4,4.0,2.2,1.8,11.2,7.0,10.0,H
1555,2004-08-28,2004-05,Tottenham,Birmingham,1.2,0.4,14.2,9.2,11.0,0.6,1.2,8.6,4.6,5.0,H
1556,2004-08-29,2004-05,Bolton,Liverpool,1.6,1.4,13.4,6.4,9.0,1.8,0.6,13.8,7.6,11.0,H
1557,2004-08-30,2004-05,Man United,Everton,1.2,0.8,15.2,8.0,8.0,1.6,2.6,11.4,6.2,6.0,D
1558,2004-08-30,2004-05,Portsmouth,Fulham,1.8,1.6,13.0,7.4,5.0,1.0,0.8,11.0,5.4,7.0,H
1560,2004-09-11,2004-05,Newcastle,Blackburn,1.4,2.0,13.0,8.0,3.0,1.0,1.8,8.6,3.8,3.0,H
1561,2004-09-11,2004-05,Middlesbrough,Birmingham,2.0,2.6,15.4,7.4,7.0,0.6,0.8,10.0,4.6,5.0,H
1562,2004-09-11,2004-05,Man City,Everton,2.2,1.0,10.4,6.2,7.0,1.4,2.2,9.6,4.8,7.0,A
1563,2004-09-11,2004-05,Fulham,Arsenal,1.6,1.4,12.2,6.4,7.0,3.6,1.2,16.8,11.8,15.0,A
1564,2004-09-11,2004-05,Bolton,Man United,1.4,1.2,13.4,7.4,9.0,1.0,0.6,15.6,7.8,8.0,D
1565,2004-09-11,2004-05,Aston Villa,Chelsea,1.4,1.6,12.8,6.8,7.0,1.4,0.2,13.2,6.8,15.0,D
1566,2004-09-11,2004-05,Liverpool,West Brom,1.4,0.8,12.2,6.4,8.0,1.2,1.4,8.4,4.0,4.0,H
1568,2004-09-13,2004-05,Charlton,Southampton,1.6,2.0,10.0,6.4,9.0,1.2,2.0,9.4,4.2,3.0,D
1569,2004-09-18,2004-05,Crystal Palace,Man City,0.8,2.2,9.6,5.2,1.0,1.2,1.0,10.4,4.8,4.0,A
1570,2004-09-18,2004-05,Arsenal,Bolton,3.8,1.0,15.8,11.2,15.0,1.8,1.2,12.4,7.0,10.0,D
1571,2004-09-18,2004-05,Birmingham,Charlton,0.6,1.0,9.2,4.2,4.0,1.2,1.8,9.6,6.2,7.0,D
1572,2004-09-18,2004-05,Blackburn,Portsmouth,0.8,2.2,7.6,3.0,2.0,2.8,1.6,15.4,8.8,10.0,H
1573,2004-09-18,2004-05,Norwich,Aston Villa,1.0,1.8,9.2,4.8,3.0,1.4,1.2,11.8,6.2,8.0,D
1574,2004-09-18,2004-05,West Brom,Fulham,0.8,1.6,8.6,4.4,3.0,1.2,2.0,12.0,6.6,4.0,D
1575,2004-09-19,2004-05,Chelsea,Tottenham,1.2,0.2,13.0,7.0,13.0,0.8,0.4,12.4,6.2,9.0,D
1576,2004-09-19,2004-05,Everton,Middlesbrough,1.4,1.2,10.4,5.8,10.0,2.2,1.8,14.4,7.8,10.0,H
1577,2004-09-19,2004-05,Southampton,Newcastle,1.0,1.6,9.4,4.8,4.0,1.8,1.8,13.2,7.8,5.0,A
1578,2004-09-20,2004-05,Man United,Liverpool,1.0,1.0,15.6,7.6,6.0,1.4,0.8,12.4,6.6,8.0,H
1579,2004-09-25,2004-05,Newcastle,West Brom,1.8,1.6,12.8,7.6,7.0,0.8,1.6,9.4,5.0,3.0,H
1580,2004-09-25,2004-05,Tottenham,Man United,0.6,0.2,10.8,5.4,9.0,1.4,1.0,16.2,8.8,9.0,A
1581,2004-09-25,2004-05,Man City,Arsenal,1.4,1.0,10.8,5.8,6.0,3.4,1.2,14.4,9.6,13.0,A
1582,2004-09-25,2004-05,Middlesbrough,Chelsea,1.8,1.6,14.6,8.4,9.0,1.0,0.2,15.4,7.6,11.0,A
1583,2004-09-25,2004-05,Fulham,Southampton,1.2,2.0,13.0,6.8,4.0,1.2,1.6,10.4,5.6,4.0,H
1584,2004-09-25,2004-05,Aston Villa,Crystal Palace,1.0,1.2,12.6,7.0,6.0,0.8,2.4,7.4,3.8,0.0,D
1585,2004-09-25,2004-05,Liverpool,Norwich,1.4,1.0,12.0,6.4,7.0,0.8,1.6,9.2,3.4,3.0,H
1586,2004-09-25,2004-05,Bolton,Birmingham,1.4,1.4,9.8,5.8,8.0,0.6,1.0,7.4,3.0,4.0,D
1587,2004-09-26,2004-05,Portsmouth,Everton,1.8,1.6,13.4,7.2,7.0,1.4,0.4,10.8,6.6,13.0,A
1588,2004-09-27,2004-05,Charlton,Blackburn,1.2,1.2,8.2,5.4,8.0,0.8,2.0,7.8,2.8,4.0,H
1589,2004-10-02,2004-05,West Brom,Bolton,0.8,2.0,8.0,4.6,2.0,1.6,1.2,11.0,7.4,9.0,H
1590,2004-10-02,2004-05,Southampton,Man City,0.6,1.4,10.8,5.2,1.0,1.2,0.8,11.6,6.4,6.0,D
1591,2004-10-02,2004-05,Norwich,Portsmouth,0.6,1.8,8.2,3.2,3.0,1.6,1.6,12.8,6.8,6.0,D
1592,2004-10-02,2004-05,Blackburn,Aston Villa,0.4,1.6,8.2,3.0,4.0,1.0,1.2,12.8,7.2,6.0,D
1593,2004-10-02,2004-05,Arsenal,Charlton,2.6,0.6,13.6,9.2,13.0,1.0,1.0,5.8,3.2,8.0,H
1594,2004-10-02,2004-05,Everton,Tottenham,1.0,0.2,9.8,5.6,13.0,0.4,0.4,10.0,4.8,6.0,A
1595,2004-10-03,2004-05,Birmingham,Newcastle,0.8,1.0,6.8,2.8,5.0,2.4,1.6,16.4,8.4,10.0,D
1596,2004-10-03,2004-05,Chelsea,Liverpool,1.0,0.2,17.4,9.4,11.0,1.8,0.8,12.8,7.2,9.0,H
1597,2004-10-03,2004-05,Man United,Middlesbrough,1.2,0.8,14.0,8.2,9.0,1.2,0.8,14.4,8.2,9.0,D
1598,2004-10-04,2004-05,Crystal Palace,Fulham,0.8,2.0,7.0,3.6,1.0,1.0,2.0,10.6,5.6,4.0,H
1599,2004-10-16,2004-05,Everton,Southampton,0.6,0.2,8.6,4.4,10.0,0.4,1.0,12.0,6.2,2.0,H
1600,2004-10-16,2004-05,Man City,Chelsea,1.2,0.6,15.0,8.4,7.0,0.8,0.2,16.8,8.4,11.0,H
1601,2004-10-16,2004-05,Fulham,Liverpool,1.0,2.0,11.0,6.2,4.0,1.4,0.8,10.8,5.8,6.0,A
1602,2004-10-16,2004-05,West Brom,Norwich,1.0,2.0,9.8,5.6,4.0,0.6,1.8,9.0,4.0,3.0,D
1603,2004-10-16,2004-05,Bolton,Crystal Palace,1.4,1.4,12.4,7.8,6.0,1.2,1.6,9.6,4.8,4.0,H
1604,2004-10-16,2004-05,Birmingham,Man United,1.0,1.4,7.6,3.6,3.0,1.2,0.8,13.6,7.2,9.0,D
1605,2004-10-16,2004-05,Arsenal,Aston Villa,2.8,0.6,13.6,9.2,13.0,1.4,1.0,14.0,8.2,7.0,H
1606,2004-10-16,2004-05,Blackburn,Middlesbrough,0.8,1.4,10.2,4.4,5.0,1.0,1.0,15.0,9.0,7.0,A
1607,2004-10-17,2004-05,Charlton,Newcastle,0.4,1.8,5.2,2.2,5.0,2.4,1.6,13.0,6.0,10.0,D
1608,2004-10-18,2004-05,Portsmouth,Tottenham,1.8,1.6,13.4,6.6,7.0,0.4,0.2,9.2,4.0,8.0,H
1609,2004-10-23,2004-05,Tottenham,Bolton,0.2,0.4,11.2,4.8,5.0,1.4,1.4,14.6,7.6,6.0,A
1610,2004-10-23,2004-05,Liverpool,Charlton,2.2,1.0,11.4,6.0,9.0,0.6,1.2,6.2,2.8,6.0,H
1611,2004-10-23,2004-05,Norwich,Everton,0.4,1.0,10.4,4.0,4.0,0.8,0.2,10.0,5.0,12.0,A
1612,2004-10-23,2004-05,Chelsea,Blackburn,0.4,0.2,15.4,7.6,8.0,0.6,2.0,11.0,4.6,4.0,H
1613,2004-10-23,2004-05,Aston Villa,Fulham,0.8,1.2,11.8,6.0,4.0,0.8,2.0,8.4,4.8,4.0,H
1614,2004-10-23,2004-05,Crystal Palace,West Brom,1.0,1.4,9.8,4.8,4.0,0.8,1.6,9.2,4.4,5.0,H
1615,2004-10-24,2004-05,Man United,Arsenal,1.2,0.8,13.2,7.4,9.0,2.6,0.6,13.6,9.2,13.0,H
1616,2004-10-24,2004-05,Middlesbrough,Portsmouth,1.4,0.8,13.4,8.0,7.0,1.2,1.0,11.4,5.2,7.0,D
1617,2004-10-24,2004-05,Newcastle,Man City,2.2,1.0,13.6,5.6,11.0,0.6,0.6,12.6,6.6,7.0,H
1618,2004-10-24,2004-05,Southampton,Birmingham,0.2,0.8,12.4,6.6,2.0,1.0,1.2,8.4,4.4,4.0,D
1619,2004-10-30,2004-05,Fulham,Tottenham,0.8,1.8,8.0,3.6,4.0,0.4,0.8,9.8,4.4,4.0,H
1620,2004-10-30,2004-05,West Brom,Chelsea,0.8,1.6,9.6,4.6,5.0,1.2,0.2,15.2,8.2,10.0,A
1621,2004-10-30,2004-05,Portsmouth,Man United,0.8,1.0,8.8,4.0,5.0,1.2,0.4,13.0,7.0,11.0,H
1622,2004-10-30,2004-05,Everton,Aston Villa,1.2,0.6,11.4,5.8,12.0,1.2,1.2,11.8,6.0,6.0,D
1623,2004-10-30,2004-05,Blackburn,Liverpool,0.6,2.2,11.4,5.2,4.0,2.0,1.0,11.6,5.6,9.0,D
1624,2004-10-30,2004-05,Charlton,Middlesbrough,0.6,1.6,5.2,2.2,5.0,1.2,0.8,15.8,9.0,5.0,A
1625,2004-10-30,2004-05,Birmingham,Crystal Palace,0.8,0.8,9.0,4.2,5.0,1.4,0.8,10.8,5.0,7.0,A
1626,2004-10-30,2004-05,Arsenal,Southampton,2.0,1.0,13.6,9.0,10.0,0.2,0.8,11.2,5.4,2.0,D
1627,2004-10-31,2004-05,Bolton,Newcastle,1.4,1.2,13.4,7.0,8.0,2.4,1.6,15.4,7.0,11.0,H
1628,2004-11-01,2004-05,Man City,Norwich,1.2,1.2,12.2,7.0,7.0,0.8,1.6,13.4,5.6,3.0,D
1629,2004-11-06,2004-05,Tottenham,Charlton,0.4,1.2,9.6,4.0,3.0,0.6,1.8,6.4,3.4,4.0,A
1630,2004-11-06,2004-05,Southampton,West Brom,0.4,0.8,10.4,5.0,3.0,0.8,2.2,10.4,5.4,4.0,D
1631,2004-11-06,2004-05,Liverpool,Birmingham,2.2,1.0,13.0,6.8,10.0,0.6,0.8,10.8,5.4,4.0,A
1632,2004-11-06,2004-05,Norwich,Blackburn,1.0,1.8,12.6,6.0,3.0,0.8,2.6,10.4,6.0,2.0,D
1633,2004-11-06,2004-05,Chelsea,Everton,2.0,0.4,15.0,8.4,12.0,1.2,0.8,13.2,5.6,10.0,H
1634,2004-11-06,2004-05,Aston Villa,Portsmouth,1.4,1.4,10.0,5.2,6.0,1.2,0.8,9.8,5.0,8.0,H
1635,2004-11-06,2004-05,Crystal Palace,Arsenal,1.4,0.4,11.0,5.0,10.0,2.0,1.0,14.2,9.6,10.0,D
1636,2004-11-07,2004-05,Man United,Man City,0.8,0.6,14.2,7.0,8.0,1.0,1.2,13.2,7.2,5.0,D
1637,2004-11-07,2004-05,Middlesbrough,Bolton,1.6,0.8,14.8,8.2,8.0,1.4,1.0,15.2,8.2,10.0,D
1638,2004-11-07,2004-05,Newcastle,Fulham,2.2,1.8,14.6,7.2,8.0,1.0,1.6,7.8,3.8,6.0,A
1639,2004-11-13,2004-05,Man City,Blackburn,1.0,1.0,11.6,6.0,6.0,1.0,2.6,11.0,6.4,3.0,D
1640,2004-11-13,2004-05,Tottenham,Arsenal,0.8,1.6,11.2,5.2,3.0,2.0,1.2,15.6,10.4,8.0,A
1641,2004-11-13,2004-05,Southampton,Portsmouth,0.8,1.0,9.6,5.2,4.0,1.2,1.2,9.0,4.2,8.0,H
1642,2004-11-13,2004-05,Fulham,Chelsea,1.6,1.8,7.8,4.0,6.0,2.0,0.4,14.0,6.6,12.0,A
1643,2004-11-13,2004-05,Bolton,Aston Villa,1.4,1.0,13.4,6.6,10.0,1.8,1.2,10.0,6.0,8.0,A
1644,2004-11-13,2004-05,Charlton,Norwich,1.0,2.2,5.8,3.4,4.0,1.2,1.4,14.6,6.8,4.0,H
1645,2004-11-13,2004-05,Birmingham,Everton,0.6,0.6,10.8,5.2,6.0,1.0,1.0,12.0,5.4,7.0,A
1646,2004-11-13,2004-05,Liverpool,Crystal Palace,1.6,1.2,12.4,6.0,7.0,1.4,0.4,9.0,3.6,10.0,H
1647,2004-11-14,2004-05,Newcastle,Man United,1.8,2.4,13.6,9.2,5.0,0.6,0.6,16.0,8.2,6.0,A
1648,2004-11-14,2004-05,West Brom,Middlesbrough,1.0,2.0,11.0,5.8,5.0,1.8,0.8,16.0,8.4,9.0,A
1649,2004-11-20,2004-05,Norwich,Southampton,0.8,1.8,12.8,5.8,3.0,1.2,1.2,8.6,4.0,6.0,H
1650,2004-11-20,2004-05,Arsenal,West Brom,2.2,2.0,14.6,9.8,8.0,0.8,2.2,11.6,5.6,2.0,D
1651,2004-11-20,2004-05,Chelsea,Bolton,2.6,0.6,14.6,7.8,12.0,1.4,1.0,13.2,6.6,10.0,D
1652,2004-11-20,2004-05,Crystal Palace,Newcastle,1.4,1.0,5.8,2.4,7.0,1.6,2.6,15.0,10.0,4.0,A
1653,2004-11-20,2004-05,Everton,Fulham,1.2,0.8,11.8,6.2,10.0,1.8,2.2,7.6,3.4,6.0,H
1654,2004-11-20,2004-05,Man United,Charlton,1.0,0.6,14.0,7.6,8.0,1.8,1.4,8.2,5.6,7.0,H
1655,2004-11-20,2004-05,Middlesbrough,Liverpool,2.0,0.8,15.6,8.0,11.0,2.2,1.4,15.0,6.4,10.0,H
1656,2004-11-20,2004-05,Portsmouth,Man City,1.0,1.2,9.0,4.4,7.0,1.2,1.2,9.0,5.2,6.0,A
1657,2004-11-21,2004-05,Blackburn,Birmingham,0.8,2.4,10.6,5.4,3.0,0.2,0.4,11.8,4.8,5.0,D
1658,2004-11-22,2004-05,Aston Villa,Tottenham,1.8,1.0,9.0,5.2,10.0,1.4,2.6,11.6,6.2,0.0,H
1659,2004-11-27,2004-05,Southampton,Crystal Palace,1.4,1.4,9.8,4.6,6.0,1.4,1.2,5.8,3.0,7.0,D
1660,2004-11-27,2004-05,West Brom,Man United,1.0,2.4,10.6,5.6,2.0,1.4,0.6,15.6,8.4,10.0,A
1661,2004-11-27,2004-05,Man City,Aston Villa,1.6,1.4,11.8,7.6,6.0,1.8,0.4,9.8,5.8,13.0,H
1662,2004-11-27,2004-05,Bolton,Portsmouth,1.6,1.4,11.0,6.2,8.0,1.0,1.8,8.6,4.6,4.0,A
1663,2004-11-27,2004-05,Charlton,Chelsea,1.6,1.6,7.0,4.8,6.0,3.0,0.8,16.2,9.4,13.0,A
1664,2004-11-27,2004-05,Birmingham,Norwich,0.8,1.0,10.6,4.6,5.0,1.2,2.0,12.2,6.4,5.0,D
1665,2004-11-27,2004-05,Fulham,Blackburn,1.4,1.6,7.8,3.6,6.0,1.4,2.2,11.2,6.4,4.0,A
1666,2004-11-28,2004-05,Liverpool,Arsenal,1.4,1.4,16.4,7.8,7.0,1.8,2.0,13.2,7.6,6.0,H
1667,2004-11-28,2004-05,Newcastle,Everton,1.8,2.4,15.4,10.2,6.0,1.2,0.8,11.6,6.6,10.0,D
1668,2004-11-28,2004-05,Tottenham,Middlesbrough,1.4,2.6,10.6,6.0,0.0,1.6,0.8,15.2,7.2,11.0,H
1669,2004-12-04,2004-05,Arsenal,Birmingham,2.0,2.0,11.4,6.8,6.0,1.0,1.2,12.2,6.2,5.0,H
1670,2004-12-04,2004-05,Aston Villa,Liverpool,1.4,0.8,9.0,5.4,10.0,1.4,1.6,15.2,7.8,7.0,D
1671,2004-12-04,2004-05,Blackburn,Tottenham,1.8,1.4,13.2,6.4,7.0,1.6,2.2,11.8,6.8,3.0,A
1672,2004-12-04,2004-05,Chelsea,Newcastle,3.0,0.8,16.0,9.2,13.0,1.2,2.0,16.0,9.8,4.0,H
1673,2004-12-04,2004-05,Everton,Bolton,0.8,0.6,10.4,5.4,8.0,1.2,1.4,13.6,7.4,5.0,H
1674,2004-12-04,2004-05,Man United,Southampton,1.6,0.6,17.0,9.2,10.0,1.8,1.8,11.6,6.0,6.0,H
1675,2004-12-04,2004-05,Norwich,Fulham,1.0,1.6,9.2,5.0,6.0,1.4,1.6,8.8,4.6,6.0,A
1676,2004-12-04,2004-05,Portsmouth,West Brom,1.0,1.6,9.6,5.2,6.0,1.0,2.4,9.0,4.8,2.0,H
1677,2004-12-05,2004-05,Crystal Palace,Charlton,1.2,1.6,5.8,3.8,5.0,1.6,2.0,8.0,5.4,6.0,A
1678,2004-12-06,2004-05,Middlesbrough,Man City,1.4,1.0,11.6,5.6,10.0,1.4,0.6,11.8,7.6,9.0,H
1679,2004-12-11,2004-05,Crystal Palace,Blackburn,1.0,1.8,6.0,4.2,2.0,1.4,1.2,14.0,6.4,6.0,D
1680,2004-12-11,2004-05,Everton,Liverpool,1.2,0.8,8.8,4.4,10.0,1.2,1.4,15.0,7.4,7.0,H
1681,2004-12-11,2004-05,Man City,Tottenham,1.6,1.0,9.8,6.6,8.0,1.8,1.8,12.8,8.2,6.0,A
1682,2004-12-11,2004-05,Newcastle,Portsmouth,1.0,2.4,16.8,10.0,4.0,1.2,2.0,10.2,5.8,6.0,D
1683,2004-12-11,2004-05,Norwich,Bolton,0.8,1.6,9.2,4.8,5.0,1.2,1.8,12.2,6.4,2.0,H
1684,2004-12-11,2004-05,Southampton,Middlesbrough,1.4,2.0,11.0,5.2,5.0,1.6,1.2,11.6,5.6,10.0,D
1685,2004-12-11,2004-05,West Brom,Charlton,1.2,2.2,8.6,3.8,2.0,1.6,1.6,8.6,5.4,9.0,A
1686,2004-12-12,2004-05,Arsenal,Chelsea,2.2,1.6,10.0,5.8,8.0,3.0,0.6,15.0,9.2,13.0,D
1687,2004-12-12,2004-05,Aston Villa,Birmingham,1.4,0.8,7.8,4.8,10.0,1.0,1.6,9.4,4.2,5.0,A
1688,2004-12-13,2004-05,Fulham,Man United,1.2,1.6,10.2,5.6,6.0,2.2,0.2,19.8,10.2,13.0,D
1689,2004-12-14,2004-05,Liverpool,Portsmouth,1.2,1.4,14.8,6.8,7.0,1.4,1.6,10.0,6.0,7.0,D
1690,2004-12-18,2004-05,Man United,Crystal Palace,2.4,0.4,19.6,9.4,13.0,0.8,1.6,7.0,4.2,2.0,H
1691,2004-12-18,2004-05,Chelsea,Norwich,3.2,1.0,14.6,9.6,11.0,1.2,1.8,8.6,4.6,7.0,H
1692,2004-12-18,2004-05,Middlesbrough,Aston Villa,1.8,1.4,11.8,6.0,10.0,1.0,1.2,7.6,3.6,7.0,H
1693,2004-12-18,2004-05,Blackburn,Everton,1.2,1.0,14.2,6.2,6.0,1.4,0.6,9.4,4.6,13.0,D
1694,2004-12-18,2004-05,Birmingham,West Brom,1.2,1.8,10.0,5.0,5.0,0.8,2.0,8.0,3.6,1.0,H
1695,2004-12-18,2004-05,Bolton,Man City,1.4,2.2,11.6,6.2,1.0,1.6,1.2,10.8,7.0,7.0,A
1696,2004-12-18,2004-05,Tottenham,Southampton,1.6,1.2,10.0,6.4,9.0,1.4,2.0,12.0,5.0,5.0,H
1697,2004-12-19,2004-05,Portsmouth,Arsenal,1.4,1.4,8.8,5.6,8.0,2.4,1.8,8.2,4.2,8.0,A
1698,2004-12-19,2004-05,Liverpool,Newcastle,0.8,1.2,13.6,7.2,5.0,1.0,1.8,14.6,6.4,5.0,H
1699,2004-12-20,2004-05,Charlton,Fulham,1.2,1.2,9.6,5.2,9.0,0.6,1.6,9.4,4.8,4.0,H
1700,2004-12-26,2004-05,Arsenal,Fulham,1.6,1.0,8.8,4.0,8.0,0.6,1.2,9.2,5.2,4.0,H
1701,2004-12-26,2004-05,Birmingham,Middlesbrough,2.0,1.6,8.4,5.2,8.0,2.0,1.2,11.4,6.2,10.0,H
1702,2004-12-26,2004-05,Blackburn,Newcastle,1.0,0.8,14.6,7.6,6.0,1.0,1.8,13.4,5.6,5.0,D
1703,2004-12-26,2004-05,Chelsea,Aston Villa,3.2,0.8,13.8,9.0,11.0,0.6,1.6,8.4,3.8,4.0,H
1704,2004-12-26,2004-05,Crystal Palace,Portsmouth,0.8,2.0,7.0,4.0,2.0,1.2,1.0,9.2,5.2,8.0,A
1705,2004-12-26,2004-05,Everton,Man City,1.2,0.6,8.6,3.4,11.0,1.6,1.0,10.4,6.0,9.0,H
1706,2004-12-26,2004-05,Man United,Bolton,2.8,0.6,21.0,10.8,13.0,1.2,2.0,11.4,6.0,1.0,H
1707,2004-12-26,2004-05,Norwich,Tottenham,1.2,1.8,7.2,3.8,7.0,1.8,0.4,11.6,7.4,12.0,A
1708,2004-12-26,2004-05,Southampton,Charlton,1.2,2.8,11.2,4.8,2.0,0.8,1.4,8.0,4.0,9.0,D
1709,2004-12-26,2004-05,West Brom,Liverpool,0.6,2.4,7.0,4.2,1.0,1.4,1.0,13.2,6.2,8.0,A
1710,2004-12-28,2004-05,Tottenham,Crystal Palace,2.2,0.2,12.6,8.0,15.0,0.8,1.8,9.2,5.0,2.0,D
1711,2004-12-28,2004-05,Portsmouth,Chelsea,1.2,1.0,9.8,5.6,8.0,3.0,0.4,13.2,8.2,13.0,A
1712,2004-12-28,2004-05,Man City,West Brom,1.2,1.2,8.8,4.6,6.0,0.4,3.2,6.6,4.0,0.0,D
1713,2004-12-28,2004-05,Liverpool,Southampton,2.0,0.8,14.2,6.4,8.0,1.0,2.4,10.8,4.2,3.0,H
1714,2004-12-28,2004-05,Middlesbrough,Norwich,1.6,1.6,10.4,6.2,7.0,0.8,2.0,8.0,3.8,4.0,H
1715,2004-12-28,2004-05,Charlton,Everton,0.8,1.0,10.0,4.6,10.0,1.4,0.8,7.8,3.2,11.0,H
1716,2004-12-28,2004-05,Bolton,Blackburn,0.8,2.0,11.0,5.2,0.0,0.8,0.6,15.8,7.8,6.0,A
1717,2004-12-28,2004-05,Aston Villa,Man United,0.4,1.8,8.4,4.2,1.0,2.8,0.6,19.8,10.0,13.0,A
1718,2004-12-28,2004-05,Fulham,Birmingham,0.6,1.4,8.4,4.6,4.0,1.8,1.0,9.0,6.2,10.0,A
1719,2004-12-29,2004-05,Newcastle,Arsenal,1.0,2.2,11.0,4.4,3.0,1.8,0.8,8.8,4.8,10.0,A
1720,2005-01-01,2004-05,Tottenham,Everton,2.0,0.4,13.2,9.0,13.0,1.2,1.0,7.4,3.2,10.0,H
1721,2005-01-01,2004-05,Portsmouth,Norwich,0.6,1.0,7.8,4.0,5.0,0.6,2.2,8.6,3.6,3.0,D
1722,2005-01-01,2004-05,Newcastle,Birmingham,0.8,2.2,9.0,3.6,2.0,2.2,1.2,7.0,5.2,12.0,H
1723,2005-01-01,2004-05,Middlesbrough,Man United,2.0,1.2,12.2,7.8,10.0,2.4,0.6,19.2,9.6,13.0,A
1724,2005-01-01,2004-05,Man City,Southampton,1.0,1.4,8.8,4.2,4.0,0.6,2.2,8.4,3.0,2.0,H
1725,2005-01-01,2004-05,Fulham,Crystal Palace,1.0,1.6,8.0,4.8,4.0,0.6,1.6,9.2,4.8,2.0,H
1726,2005-01-01,2004-05,Charlton,Arsenal,1.2,0.2,10.8,5.4,13.0,1.8,0.4,10.8,5.6,13.0,A
1727,2005-01-01,2004-05,Bolton,West Brom,0.8,2.0,9.8,4.2,0.0,0.6,2.8,6.0,3.6,1.0,D
1728,2005-01-01,2004-05,Aston Villa,Blackburn,0.4,1.6,8.6,4.8,1.0,0.6,0.6,13.8,8.0,6.0,H
1729,2005-01-01,2004-05,Liverpool,Chelsea,2.0,0.6,15.6,7.2,10.0,2.6,0.4,12.4,7.6,13.0,A
1730,2005-01-03,2004-05,Blackburn,Charlton,0.6,0.6,13.2,7.4,6.0,1.2,0.8,10.0,4.8,10.0,H
1731,2005-01-03,2004-05,Crystal Palace,Aston Villa,0.8,2.0,9.6,4.8,2.0,0.4,1.4,10.2,5.0,3.0,H
1732,2005-01-03,2004-05,Norwich,Liverpool,0.8,2.2,7.8,3.8,4.0,2.0,0.6,15.2,7.6,10.0,A
1733,2005-01-03,2004-05,West Brom,Newcastle,0.4,2.4,6.2,4.2,2.0,1.2,1.6,8.8,3.4,5.0,D
1734,2005-01-04,2004-05,Man United,Tottenham,2.2,0.6,15.0,8.2,13.0,2.8,0.8,14.0,9.8,13.0,D
1735,2005-01-04,2004-05,Everton,Portsmouth,1.0,1.6,6.2,3.2,7.0,0.6,1.0,9.4,4.6,5.0,H
1736,2005-01-04,2004-05,Birmingham,Bolton,2.4,1.0,8.6,6.6,12.0,0.6,1.6,12.8,6.0,1.0,A
1737,2005-01-04,2004-05,Arsenal,Man City,1.8,0.6,11.0,5.8,13.0,1.0,1.0,10.0,4.6,7.0,D
1738,2005-01-04,2004-05,Chelsea,Middlesbrough,2.0,0.4,11.2,7.2,13.0,1.4,1.2,11.2,6.8,7.0,H
1739,2005-01-05,2004-05,Southampton,Fulham,0.8,2.0,8.8,3.2,2.0,1.4,1.8,7.4,4.2,4.0,D
1740,2005-01-15,2004-05,Newcastle,Southampton,1.0,1.4,8.2,4.4,5.0,1.0,2.2,7.2,3.2,2.0,H
1741,2005-01-15,2004-05,Aston Villa,Norwich,0.2,1.4,10.8,5.6,3.0,0.4,2.2,7.4,3.8,1.0,H
1742,2005-01-15,2004-05,Bolton,Arsenal,0.6,1.2,14.2,6.6,4.0,1.6,0.4,11.6,6.6,13.0,H
1743,2005-01-15,2004-05,Charlton,Birmingham,1.0,1.0,10.2,5.6,7.0,2.2,1.2,9.6,7.2,9.0,H
1744,2005-01-15,2004-05,Liverpool,Man United,2.2,0.6,15.0,7.4,12.0,2.0,0.4,16.8,10.2,13.0,A
1745,2005-01-15,2004-05,Man City,Crystal Palace,1.2,1.0,9.4,4.8,8.0,1.2,2.0,10.8,6.4,4.0,H
1746,2005-01-15,2004-05,Portsmouth,Blackburn,0.6,1.2,9.8,5.0,4.0,0.8,0.6,13.2,8.0,8.0,A
1747,2005-01-15,2004-05,Tottenham,Chelsea,2.6,0.8,14.4,10.4,11.0,2.0,0.0,12.0,8.2,15.0,A
1748,2005-01-16,2004-05,Fulham,West Brom,1.8,2.2,8.4,5.0,4.0,0.4,2.2,6.4,4.4,3.0,H
1749,2005-01-16,2004-05,Middlesbrough,Everton,1.0,1.2,8.6,5.6,6.0,1.2,1.8,8.4,4.2,7.0,D
1750,2005-01-22,2004-05,Southampton,Liverpool,1.0,1.6,7.6,3.6,2.0,1.6,0.6,14.6,7.4,9.0,H
1751,2005-01-22,2004-05,Norwich,Middlesbrough,0.4,2.0,8.6,4.0,1.0,0.6,1.4,10.4,6.4,4.0,D
1752,2005-01-22,2004-05,West Brom,Man City,0.4,1.6,5.6,3.8,3.0,1.6,1.2,11.4,6.2,8.0,H
1753,2005-01-22,2004-05,Man United,Aston Villa,1.2,0.0,14.0,7.8,13.0,0.8,0.8,12.4,6.4,6.0,H
1754,2005-01-22,2004-05,Everton,Charlton,1.4,2.0,10.0,4.8,7.0,1.2,1.0,10.6,5.8,7.0,A
1755,2005-01-22,2004-05,Crystal Palace,Tottenham,1.0,1.6,11.4,6.2,4.0,1.6,1.0,13.2,8.8,8.0,H
1756,2005-01-22,2004-05,Chelsea,Portsmouth,1.6,0.0,12.0,7.6,15.0,0.6,1.2,9.8,4.2,4.0,H
1757,2005-01-22,2004-05,Birmingham,Fulham,1.6,1.8,10.2,7.4,6.0,1.8,1.8,8.8,5.0,7.0,A
1758,2005-01-23,2004-05,Arsenal,Newcastle,1.4,0.6,11.2,7.0,10.0,1.2,1.0,11.2,7.2,8.0,H
1759,2005-01-24,2004-05,Blackburn,Bolton,1.0,0.6,13.4,7.4,10.0,0.8,1.0,13.2,6.0,7.0,A
1760,2005-02-01,2004-05,Arsenal,Man United,1.2,0.6,11.6,7.0,10.0,1.4,0.2,14.8,8.6,13.0,A
1761,2005-02-01,2004-05,Bolton,Tottenham,1.0,0.6,12.8,6.4,10.0,1.2,1.6,12.4,8.2,5.0,H
1762,2005-02-01,2004-05,Charlton,Liverpool,1.4,1.0,8.4,5.4,9.0,0.6,1.0,13.6,6.2,6.0,A
1763,2005-02-01,2004-05,Portsmouth,Middlesbrough,0.4,1.8,9.4,4.0,1.0,1.4,1.8,13.0,8.2,5.0,H
1764,2005-02-01,2004-05,West Brom,Crystal Palace,0.8,0.6,7.8,4.8,6.0,1.6,1.4,9.4,5.6,7.0,D
1765,2005-02-02,2004-05,Birmingham,Southampton,1.4,2.2,9.6,6.4,3.0,1.4,1.6,7.4,4.2,4.0,H
1766,2005-02-02,2004-05,Blackburn,Chelsea,0.6,0.4,11.0,6.0,9.0,2.0,0.0,12.0,8.0,15.0,A
1767,2005-02-02,2004-05,Everton,Norwich,1.0,2.0,10.6,5.0,4.0,1.2,2.4,9.4,4.2,2.0,H
1768,2005-02-02,2004-05,Fulham,Aston Villa,2.2,1.6,9.6,5.4,10.0,1.0,1.2,12.6,6.2,6.0,D
1769,2005-02-02,2004-05,Man City,Newcastle,1.4,1.2,11.6,6.0,8.0,0.8,0.8,11.0,6.8,7.0,D
1770,2005-02-05,2004-05,Norwich,West Brom,1.2,2.2,9.6,5.0,2.0,1.0,0.8,10.2,6.2,6.0,H
1771,2005-02-05,2004-05,Newcastle,Charlton,1.0,0.8,9.8,6.0,8.0,1.2,1.4,6.8,4.4,6.0,D
1772,2005-02-05,2004-05,Tottenham,Portsmouth,1.2,2.0,11.2,6.4,4.0,0.8,1.6,11.4,4.6,4.0,H
1773,2005-02-05,2004-05,Middlesbrough,Blackburn,1.2,2.2,11.4,6.4,2.0,0.4,0.6,11.8,5.4,6.0,H
1774,2005-02-05,2004-05,Liverpool,Fulham,0.8,1.2,13.6,5.4,6.0,2.0,1.2,10.0,4.6,11.0,H
1775,2005-02-05,2004-05,Man United,Birmingham,2.0,0.6,13.8,9.0,13.0,1.2,2.0,10.8,6.2,3.0,H
1776,2005-02-05,2004-05,Crystal Palace,Bolton,1.8,1.6,8.0,5.0,7.0,1.6,0.6,13.2,7.2,13.0,A
1777,2005-02-05,2004-05,Aston Villa,Arsenal,1.2,1.2,13.4,5.4,7.0,1.4,1.4,11.2,7.8,7.0,A
1778,2005-02-06,2004-05,Chelsea,Man City,1.8,0.0,10.8,6.8,15.0,1.4,1.2,10.4,5.4,8.0,D
1779,2005-02-06,2004-05,Southampton,Everton,1.6,1.8,8.0,4.4,4.0,1.2,1.6,13.2,5.2,7.0,D
1780,2005-02-12,2004-05,Everton,Chelsea,1.2,1.0,13.6,5.4,8.0,1.6,0.0,11.4,7.0,13.0,A
1781,2005-02-12,2004-05,Bolton,Middlesbrough,1.6,0.4,10.0,5.4,15.0,1.4,1.8,12.8,7.4,5.0,D
1782,2005-02-12,2004-05,Portsmouth,Aston Villa,0.8,2.0,9.8,4.0,3.0,1.2,1.8,12.2,5.0,4.0,A
1783,2005-02-12,2004-05,Birmingham,Liverpool,1.0,2.0,10.2,4.8,3.0,1.4,1.2,12.8,5.4,9.0,H
1784,2005-02-12,2004-05,Blackburn,Norwich,0.4,0.6,11.2,5.2,6.0,1.6,2.4,11.0,5.4,4.0,H
1785,2005-02-13,2004-05,Man City,Man United,1.0,1.0,8.4,4.2,6.0,2.0,0.6,14.6,9.8,13.0,A
1786,2005-02-14,2004-05,Arsenal,Crystal Palace,1.4,1.4,12.6,8.0,7.0,1.6,1.2,10.0,5.8,7.0,H
1787,2005-02-22,2004-05,West Brom,Southampton,1.2,1.2,11.0,6.4,5.0,1.8,1.8,11.0,6.0,5.0,D
1788,2005-02-26,2004-05,Aston Villa,Everton,1.6,1.6,11.0,4.6,7.0,0.8,1.0,11.0,4.4,5.0,A
1789,2005-02-26,2004-05,Crystal Palace,Birmingham,1.4,2.2,8.4,4.6,4.0,1.2,1.6,8.4,3.8,6.0,H
1790,2005-02-26,2004-05,Man United,Portsmouth,2.4,0.6,12.0,7.2,15.0,0.8,2.0,9.8,3.4,3.0,H
1791,2005-02-26,2004-05,Southampton,Arsenal,1.2,1.2,11.6,6.4,5.0,2.2,1.4,13.4,8.6,9.0,D
1792,2005-02-26,2004-05,Tottenham,Fulham,0.8,1.8,12.0,6.0,4.0,1.6,1.6,8.8,3.8,8.0,H
1793,2005-02-27,2004-05,Newcastle,Bolton,0.8,0.8,12.4,7.2,6.0,1.2,0.2,10.4,5.8,13.0,H
1794,2005-02-27,2004-05,Middlesbrough,Charlton,1.4,1.4,13.4,7.6,6.0,1.2,1.0,7.0,4.0,7.0,D
1795,2005-02-28,2004-05,Norwich,Man City,1.4,2.6,11.4,5.8,4.0,0.8,1.2,9.2,4.0,5.0,A
1796,2005-03-05,2004-05,Arsenal,Portsmouth,2.4,1.4,14.6,9.6,10.0,1.0,2.2,9.2,4.0,3.0,H
1797,2005-03-05,2004-05,Aston Villa,Middlesbrough,1.2,2.2,8.4,3.8,4.0,1.6,1.6,14.0,8.8,6.0,H
1798,2005-03-05,2004-05,Crystal Palace,Man United,1.6,1.6,8.6,4.6,7.0,2.6,0.8,13.6,8.0,15.0,D
1799,2005-03-05,2004-05,Fulham,Charlton,1.0,1.4,8.0,3.4,7.0,1.6,1.2,6.2,3.2,8.0,D
1800,2005-03-05,2004-05,Newcastle,Liverpool,1.2,1.0,12.8,7.6,8.0,1.0,1.4,11.8,4.6,6.0,H
1801,2005-03-05,2004-05,Norwich,Chelsea,1.8,2.6,11.0,6.4,4.0,1.4,0.0,13.6,7.2,13.0,A
1802,2005-03-05,2004-05,Southampton,Tottenham,1.2,1.0,11.8,5.8,6.0,1.2,1.8,14.2,6.6,6.0,H
1803,2005-03-06,2004-05,Everton,Blackburn,1.2,1.0,11.4,5.2,7.0,0.8,0.6,11.6,5.6,6.0,A
1804,2005-03-06,2004-05,West Brom,Birmingham,1.2,1.2,11.2,6.2,5.0,1.0,1.4,8.2,3.6,6.0,H
1805,2005-03-07,2004-05,Man City,Bolton,0.8,1.4,9.4,4.2,5.0,1.2,0.6,9.4,5.6,10.0,A
1806,2005-03-15,2004-05,Chelsea,West Brom,1.6,0.2,15.8,8.8,13.0,1.6,1.0,12.2,6.4,8.0,H
1807,2005-03-16,2004-05,Charlton,Tottenham,1.0,1.0,6.0,3.2,6.0,1.2,1.6,14.4,7.4,6.0,H
1808,2005-03-16,2004-05,Liverpool,Blackburn,1.0,1.4,10.4,4.2,6.0,0.8,0.6,11.0,5.4,6.0,D
1809,2005-03-19,2004-05,Portsmouth,Newcastle,1.0,2.2,8.4,3.4,3.0,1.0,0.8,11.0,5.0,8.0,D
1810,2005-03-19,2004-05,Charlton,West Brom,1.2,1.0,6.2,3.0,6.0,1.2,1.2,11.0,6.0,5.0,A
1811,2005-03-19,2004-05,Tottenham,Man City,1.2,1.4,13.4,7.0,6.0,0.8,1.2,8.8,3.8,5.0,H
1812,2005-03-19,2004-05,Man United,Fulham,2.0,0.6,13.2,7.6,13.0,0.8,1.4,8.4,3.6,5.0,H
1813,2005-03-19,2004-05,Blackburn,Arsenal,0.8,0.4,10.2,5.0,7.0,2.8,1.4,14.2,9.2,10.0,A
1814,2005-03-19,2004-05,Bolton,Norwich,1.2,0.6,10.4,5.6,10.0,1.2,2.4,9.2,5.6,3.0,H
1815,2005-03-19,2004-05,Chelsea,Crystal Palace,1.2,0.2,17.6,9.2,13.0,1.0,1.6,7.4,3.4,5.0,H
1816,2005-03-20,2004-05,Birmingham,Aston Villa,0.8,1.4,8.0,2.6,6.0,1.4,1.6,8.0,3.4,7.0,H
1817,2005-03-20,2004-05,Liverpool,Everton,1.0,1.0,9.6,4.2,7.0,1.2,1.0,11.4,4.6,7.0,H
1818,2005-03-20,2004-05,Middlesbrough,Southampton,0.8,1.2,10.6,6.0,5.0,1.0,1.0,11.4,5.2,6.0,A
1819,2005-04-02,2004-05,Southampton,Chelsea,1.4,0.8,12.6,6.0,9.0,1.8,0.4,20.4,11.2,13.0,A
1820,2005-04-02,2004-05,Newcastle,Aston Villa,1.2,0.8,12.4,6.0,9.0,1.2,1.8,6.6,3.8,6.0,A
1821,2005-04-02,2004-05,Man United,Blackburn,1.4,0.2,15.0,8.2,13.0,0.8,0.4,9.8,5.0,7.0,D
1822,2005-04-02,2004-05,Liverpool,Bolton,1.0,1.0,8.8,4.4,7.0,0.8,0.4,10.6,5.8,10.0,H
1823,2005-04-02,2004-05,Crystal Palace,Middlesbrough,0.8,2.0,7.8,3.2,4.0,0.8,1.4,11.6,7.2,5.0,A
1824,2005-04-02,2004-05,Charlton,Man City,1.2,1.4,7.0,3.4,6.0,0.8,1.4,10.0,5.0,4.0,D
1825,2005-04-02,2004-05,Birmingham,Tottenham,0.8,1.2,7.6,2.6,6.0,1.4,1.0,13.6,7.8,9.0,D
1826,2005-04-02,2004-05,Arsenal,Norwich,2.6,0.6,14.0,8.8,13.0,1.2,2.4,8.2,4.8,3.0,H
1827,2005-04-03,2004-05,Fulham,Portsmouth,0.4,1.4,9.2,4.2,2.0,0.8,2.2,8.2,3.6,1.0,H
1828,2005-04-03,2004-05,West Brom,Everton,1.6,1.0,11.4,6.4,7.0,1.2,1.4,8.6,4.2,4.0,H
1829,2005-04-09,2004-05,Portsmouth,Charlton,0.8,2.2,8.6,3.8,1.0,1.4,1.6,7.2,3.6,6.0,H
1830,2005-04-09,2004-05,Norwich,Man United,0.8,2.8,6.2,3.6,0.0,1.0,0.2,16.2,7.8,11.0,H
1831,2005-04-09,2004-05,Middlesbrough,Arsenal,0.8,1.4,10.4,6.8,5.0,2.8,0.6,15.2,10.6,13.0,A
1832,2005-04-09,2004-05,Blackburn,Southampton,0.8,0.2,10.4,5.0,8.0,1.2,1.0,9.2,4.8,8.0,H
1833,2005-04-09,2004-05,Chelsea,Birmingham,2.4,0.6,20.6,11.2,15.0,1.0,1.0,9.0,3.8,7.0,D
1834,2005-04-09,2004-05,Bolton,Fulham,0.6,0.6,11.4,5.6,7.0,0.8,1.4,9.2,5.0,4.0,H
1835,2005-04-09,2004-05,Man City,Liverpool,1.2,1.8,12.2,6.2,4.0,0.6,0.8,8.8,4.4,7.0,H
1836,2005-04-10,2004-05,Aston Villa,West Brom,1.6,1.2,7.2,4.6,9.0,1.4,0.4,10.0,5.6,10.0,D
1837,2005-04-10,2004-05,Everton,Crystal Palace,0.8,1.2,8.6,3.8,3.0,0.8,2.0,9.0,4.4,4.0,H
1838,2005-04-10,2004-05,Tottenham,Newcastle,1.0,1.0,11.8,6.8,7.0,1.0,1.2,15.8,8.2,8.0,H
1839,2005-04-16,2004-05,Liverpool,Tottenham,0.6,0.6,8.8,4.2,7.0,0.8,1.0,12.0,6.4,7.0,D
1840,2005-04-16,2004-05,Birmingham,Portsmouth,0.8,1.2,8.4,3.4,5.0,1.4,2.2,9.4,5.0,4.0,D
1841,2005-04-16,2004-05,Charlton,Bolton,1.4,2.0,7.8,4.0,5.0,1.2,0.8,11.8,6.0,9.0,A
1842,2005-04-16,2004-05,Crystal Palace,Norwich,0.6,1.8,10.0,4.4,4.0,1.2,2.2,5.8,3.4,3.0,D
1843,2005-04-16,2004-05,Fulham,Man City,0.8,1.4,9.4,5.4,4.0,1.4,1.4,12.6,7.2,7.0,D
1844,2005-04-16,2004-05,Southampton,Aston Villa,1.2,1.6,8.8,4.0,7.0,1.4,1.2,8.8,5.2,7.0,A
1845,2005-04-19,2004-05,Middlesbrough,Fulham,0.8,1.6,11.2,7.6,4.0,1.0,1.2,9.4,5.0,5.0,D
1846,2005-04-19,2004-05,Bolton,Southampton,1.4,0.6,13.2,6.6,12.0,1.4,2.0,10.0,5.0,6.0,D
1847,2005-04-20,2004-05,Tottenham,West Brom,1.2,1.2,11.2,6.0,8.0,1.6,0.6,9.6,5.8,10.0,D
1848,2005-04-20,2004-05,Norwich,Newcastle,1.4,2.2,7.2,4.2,4.0,0.8,1.2,12.8,6.8,7.0,H
1849,2005-04-20,2004-05,Portsmouth,Liverpool,1.2,1.8,8.8,5.0,5.0,1.0,0.8,11.2,5.0,8.0,A
1850,2005-04-20,2004-05,Man City,Birmingham,1.0,1.2,10.6,5.8,5.0,0.8,0.8,8.4,3.2,6.0,H
1851,2005-04-20,2004-05,Blackburn,Crystal Palace,0.8,0.2,9.8,4.0,8.0,0.8,2.4,10.8,6.0,2.0,H
1852,2005-04-20,2004-05,Chelsea,Arsenal,2.4,0.8,19.4,11.4,13.0,2.0,0.4,13.2,8.4,13.0,D
1853,2005-04-20,2004-05,Aston Villa,Charlton,1.8,1.0,9.2,5.4,10.0,1.6,2.4,9.6,4.8,4.0,D
1854,2005-04-20,2004-05,Everton,Man United,1.6,1.0,10.4,5.0,6.0,0.6,0.6,17.4,8.8,8.0,H
1855,2005-04-23,2004-05,Norwich,Charlton,1.6,1.8,8.6,4.8,7.0,1.2,2.4,11.0,5.0,2.0,H
1856,2005-04-23,2004-05,Everton,Birmingham,1.2,0.8,8.8,3.8,6.0,0.8,1.0,8.0,3.4,6.0,D
1857,2005-04-23,2004-05,Crystal Palace,Liverpool,0.8,2.6,11.2,6.4,1.0,1.4,1.0,13.6,7.0,10.0,H
1858,2005-04-23,2004-05,Middlesbrough,West Brom,0.6,1.4,8.6,4.8,4.0,1.4,0.8,9.2,5.2,8.0,H
1859,2005-04-23,2004-05,Blackburn,Man City,0.8,0.2,11.2,4.4,8.0,1.6,1.0,10.6,6.0,8.0,D
1860,2005-04-23,2004-05,Aston Villa,Bolton,1.4,1.0,10.2,5.6,8.0,1.4,0.8,15.4,9.2,10.0,D
1861,2005-04-23,2004-05,Chelsea,Fulham,1.8,0.6,16.6,9.4,11.0,1.2,1.4,8.8,4.4,5.0,H
1862,2005-04-24,2004-05,Man United,Newcastle,0.2,0.6,18.0,9.8,5.0,0.6,1.4,14.8,7.0,4.0,H
1863,2005-04-24,2004-05,Portsmouth,Southampton,1.4,1.6,9.4,5.8,5.0,1.4,2.2,9.2,5.0,4.0,H
1864,2005-04-25,2004-05,Arsenal,Tottenham,1.8,0.2,11.0,6.8,13.0,1.4,1.0,12.8,6.2,9.0,H
1865,2005-04-26,2004-05,West Brom,Blackburn,1.4,1.4,10.8,6.2,8.0,0.8,0.2,12.4,5.0,8.0,D
1866,2005-04-27,2004-05,Newcastle,Middlesbrough,0.6,1.8,14.4,7.2,1.0,1.4,1.0,10.0,6.2,7.0,D
1867,2005-04-30,2004-05,Man City,Portsmouth,1.4,0.6,9.8,4.8,9.0,2.0,1.6,10.4,6.2,7.0,H
1868,2005-04-30,2004-05,Newcastle,Crystal Palace,0.4,1.6,14.4,7.0,1.0,0.8,1.8,11.2,6.4,4.0,D
1869,2005-04-30,2004-05,Liverpool,Middlesbrough,1.0,1.0,12.4,6.8,7.0,1.2,0.4,8.2,5.2,8.0,D
1870,2005-04-30,2004-05,Southampton,Norwich,1.0,2.8,9.0,5.2,1.0,1.8,1.6,10.0,5.6,10.0,H
1871,2005-04-30,2004-05,Bolton,Chelsea,1.4,1.0,14.6,8.4,8.0,2.2,0.8,14.4,8.6,11.0,A
1872,2005-04-30,2004-05,Birmingham,Blackburn,0.6,1.2,7.8,3.4,4.0,1.0,0.2,13.4,6.0,9.0,H
1873,2005-04-30,2004-05,Fulham,Everton,1.4,1.8,8.8,4.0,5.0,1.4,0.8,8.6,4.2,7.0,H
1874,2005-05-01,2004-05,Charlton,Man United,1.0,1.8,11.6,5.2,2.0,0.6,0.8,18.4,10.0,7.0,A
1875,2005-05-01,2004-05,Tottenham,Aston Villa,1.0,1.0,11.8,4.6,6.0,1.6,0.8,11.8,6.8,9.0,H
1876,2005-05-02,2004-05,West Brom,Arsenal,0.8,1.4,9.8,5.0,6.0,1.4,0.2,11.2,6.2,13.0,A
1877,2005-05-04,2004-05,Fulham,Newcastle,1.2,1.6,8.6,3.8,5.0,0.4,1.0,13.6,6.4,2.0,A
1878,2005-05-07,2004-05,Portsmouth,Bolton,1.8,1.4,10.2,6.0,7.0,1.4,1.2,14.8,8.6,8.0,D
1879,2005-05-07,2004-05,Norwich,Birmingham,2.2,1.6,12.2,6.8,10.0,0.8,1.2,7.0,3.2,6.0,H
1880,2005-05-07,2004-05,Middlesbrough,Tottenham,1.2,0.6,8.0,4.8,6.0,1.8,1.0,14.0,6.4,8.0,H
1881,2005-05-07,2004-05,Man United,West Brom,1.2,0.8,18.2,10.0,7.0,0.6,1.8,9.6,4.8,3.0,D
1882,2005-05-07,2004-05,Everton,Newcastle,1.2,0.8,10.0,4.6,7.0,1.0,1.0,13.2,6.4,5.0,H
1883,2005-05-07,2004-05,Chelsea,Charlton,1.8,0.6,12.0,7.0,11.0,0.6,2.2,11.0,5.4,1.0,H
1884,2005-05-07,2004-05,Blackburn,Fulham,1.2,0.6,12.6,5.6,8.0,1.2,1.6,8.4,3.6,5.0,A
1885,2005-05-07,2004-05,Aston Villa,Man City,1.2,1.8,11.0,6.4,6.0,1.4,0.2,9.2,4.6,11.0,A
1886,2005-05-07,2004-05,Crystal Palace,Southampton,0.8,1.6,8.0,4.4,5.0,1.6,2.8,11.2,6.4,4.0,D
1887,2005-05-08,2004-05,Arsenal,Liverpool,1.6,0.2,10.8,5.6,13.0,1.0,1.2,12.8,6.6,5.0,H
1888,2005-05-10,2004-05,Man United,Chelsea,1.4,1.0,19.0,11.0,7.0,1.4,0.4,12.6,6.6,11.0,A
1889,2005-05-11,2004-05,Arsenal,Everton,1.4,0.2,8.8,4.2,13.0,1.6,0.6,10.0,5.4,10.0,H
1890,2005-05-15,2004-05,Newcastle,Chelsea,0.8,1.0,10.2,5.2,5.0,1.8,0.4,10.2,5.4,13.0,D
1891,2005-05-15,2004-05,West Brom,Portsmouth,0.6,1.8,8.6,3.8,3.0,1.2,1.2,9.4,5.0,5.0,H
1892,2005-05-15,2004-05,Tottenham,Blackburn,1.6,1.2,11.2,5.6,5.0,0.8,1.2,12.2,5.2,5.0,D
1893,2005-05-15,2004-05,Southampton,Man United,2.0,2.6,10.8,6.4,5.0,1.6,1.2,18.8,11.2,7.0,A
1894,2005-05-15,2004-05,Man City,Middlesbrough,1.6,0.4,9.0,3.8,11.0,1.4,0.4,9.4,5.2,9.0,D
1895,2005-05-15,2004-05,Birmingham,Arsenal,0.6,1.2,11.0,4.8,5.0,2.6,0.2,11.2,6.4,13.0,H
1896,2005-05-15,2004-05,Fulham,Norwich,1.6,1.6,8.4,4.2,7.0,2.0,1.6,12.4,6.6,10.0,H
1897,2005-05-15,2004-05,Charlton,Crystal Palace,0.2,1.6,10.6,5.2,1.0,1.2,1.2,8.6,5.0,6.0,D
1898,2005-05-15,2004-05,Bolton,Everton,1.0,1.2,14.2,7.4,6.0,0.8,2.0,8.8,4.4,7.0,H
1899,2005-05-15,2004-05,Liverpool,Aston Villa,1.2,1.6,13.8,7.6,5.0,1.2,2.0,11.2,6.6,5.0,H
1900,2005-08-13,2005-06,West Ham,Blackburn,1.0,0.6,12.0,7.2,10.0,0.6,1.2,11.0,5.4,3.0,H
1901,2005-08-13,2005-06,Sunderland,Charlton,0.2,2.2,10.8,6.8,0.0,0.4,1.6,8.6,4.2,2.0,A
1902,2005-08-13,2005-06,Portsmouth,Tottenham,1.2,1.6,10.0,4.6,4.0,1.2,0.8,11.6,5.8,5.0,A
1903,2005-08-13,2005-06,Middlesbrough,Liverpool,1.4,0.4,8.6,5.0,9.0,1.2,1.4,13.2,7.6,7.0,D
1904,2005-08-13,2005-06,Fulham,Birmingham,2.6,1.4,9.6,5.6,9.0,1.0,1.4,11.0,4.8,7.0,D
1905,2005-08-13,2005-06,Everton,Man United,1.0,2.6,9.4,4.8,4.0,2.0,1.2,18.8,10.6,10.0,A
1906,2005-08-13,2005-06,Aston Villa,Bolton,0.8,2.0,11.6,6.0,2.0,1.2,1.4,15.2,8.2,6.0,D
1907,2005-08-13,2005-06,Man City,West Brom,1.6,0.4,9.6,4.2,11.0,0.8,1.6,8.4,4.0,5.0,D
1908,2005-08-14,2005-06,Arsenal,Newcastle,2.8,0.6,12.2,6.6,12.0,0.8,0.8,9.6,5.0,6.0,H
1910,2005-08-20,2005-06,West Brom,Portsmouth,0.8,0.8,8.0,2.8,6.0,1.0,1.6,10.6,4.8,4.0,H
1911,2005-08-20,2005-06,Tottenham,Middlesbrough,1.4,0.6,10.8,6.0,7.0,0.6,0.4,7.0,3.8,7.0,H
1912,2005-08-20,2005-06,Newcastle,West Ham,0.8,1.2,7.8,4.2,5.0,1.6,0.6,12.8,7.6,13.0,D
1913,2005-08-20,2005-06,Man United,Aston Villa,2.0,1.0,17.6,9.6,10.0,1.2,2.4,9.6,5.4,2.0,H
1915,2005-08-20,2005-06,Blackburn,Fulham,0.8,1.8,11.0,5.4,2.0,2.4,0.8,10.6,6.2,10.0,H
1916,2005-08-20,2005-06,Birmingham,Man City,1.0,0.8,11.4,5.4,8.0,1.0,0.4,11.0,5.0,9.0,A
1917,2005-08-20,2005-06,Liverpool,Sunderland,0.8,1.2,12.6,6.6,5.0,0.2,2.4,9.2,5.8,0.0,H
1918,2005-08-21,2005-06,Bolton,Everton,1.4,1.6,13.4,6.2,6.0,0.8,2.8,9.2,4.6,3.0,A
1919,2005-08-21,2005-06,Chelsea,Arsenal,1.6,0.4,12.4,6.6,13.0,3.0,0.6,12.8,8.4,12.0,H
1920,2005-08-23,2005-06,Birmingham,Middlesbrough,1.0,1.0,11.4,5.0,7.0,0.6,0.8,8.4,3.8,6.0,A
1921,2005-08-23,2005-06,Portsmouth,Aston Villa,0.4,1.8,9.0,3.6,1.0,1.0,2.4,7.6,4.0,1.0,D
1922,2005-08-23,2005-06,Sunderland,Man City,0.2,2.0,8.8,5.2,0.0,1.4,0.6,11.4,6.0,11.0,A
1923,2005-08-24,2005-06,Arsenal,Fulham,2.6,0.8,13.0,8.0,9.0,2.2,1.2,10.0,5.8,7.0,H
1924,2005-08-24,2005-06,Blackburn,Tottenham,1.0,1.8,11.4,5.8,4.0,1.8,0.4,13.0,7.4,10.0,D
1925,2005-08-24,2005-06,Bolton,Newcastle,1.2,1.6,14.2,6.2,5.0,0.8,1.2,7.4,3.6,5.0,H
1926,2005-08-24,2005-06,Chelsea,West Brom,1.4,0.4,12.6,6.8,13.0,1.0,0.8,7.4,2.6,8.0,H
1927,2005-08-27,2005-06,West Ham,Bolton,1.4,0.6,11.4,6.0,11.0,1.6,1.2,14.2,6.2,8.0,A
1929,2005-08-27,2005-06,West Brom,Birmingham,1.0,1.2,6.0,2.0,8.0,0.6,1.4,12.2,5.4,4.0,A
1930,2005-08-27,2005-06,Aston Villa,Blackburn,1.0,1.6,8.2,4.0,2.0,0.8,1.4,12.6,7.0,5.0,H
1931,2005-08-27,2005-06,Man City,Portsmouth,1.4,0.8,11.2,6.0,11.0,0.6,1.6,11.6,5.2,2.0,H
1932,2005-08-27,2005-06,Tottenham,Chelsea,0.8,0.2,9.2,4.8,8.0,2.0,0.4,11.8,7.2,13.0,A
1933,2005-08-27,2005-06,Fulham,Everton,2.2,1.4,10.4,5.8,7.0,1.0,2.4,7.6,4.0,6.0,H
1934,2005-08-28,2005-06,Middlesbrough,Charlton,1.0,0.6,8.8,3.8,8.0,1.2,1.6,11.0,5.2,7.0,A
1935,2005-08-28,2005-06,Newcastle,Man United,0.2,1.4,8.0,3.8,2.0,1.4,1.0,17.6,9.6,10.0,A
1936,2005-09-10,2005-06,Birmingham,Charlton,1.2,1.6,9.4,5.0,7.0,1.8,0.8,12.2,6.0,10.0,A
1937,2005-09-10,2005-06,Chelsea,Sunderland,1.8,0.2,13.0,7.4,13.0,0.4,2.2,9.0,5.6,0.0,H
1938,2005-09-10,2005-06,Everton,Portsmouth,0.6,2.6,7.2,3.2,3.0,0.6,1.8,11.2,4.8,1.0,A
1939,2005-09-10,2005-06,Man United,Man City,1.6,0.8,14.4,7.8,12.0,1.4,0.8,12.4,7.0,11.0,D
1940,2005-09-10,2005-06,Middlesbrough,Arsenal,0.8,1.2,7.6,3.4,5.0,2.8,0.8,14.8,9.2,9.0,H
1941,2005-09-10,2005-06,Newcastle,Fulham,0.2,1.4,8.0,3.8,2.0,1.8,1.2,10.6,5.4,7.0,D
1942,2005-09-10,2005-06,Tottenham,Liverpool,0.8,0.4,10.4,5.6,8.0,1.0,1.0,13.8,6.4,8.0,D
1944,2005-09-11,2005-06,Bolton,Blackburn,1.8,1.2,13.8,6.6,10.0,0.6,1.0,11.8,6.2,5.0,D
1945,2005-09-12,2005-06,West Ham,Aston Villa,1.4,1.0,11.8,5.8,8.0,1.0,1.2,7.2,3.0,5.0,H
1946,2005-09-17,2005-06,Sunderland,West Brom,0.4,1.8,8.0,5.4,0.0,1.0,2.0,8.8,3.6,4.0,D
1947,2005-09-17,2005-06,Fulham,West Ham,0.8,1.4,10.6,5.2,5.0,2.0,1.0,12.4,6.2,8.0,A
1948,2005-09-17,2005-06,Portsmouth,Birmingham,0.8,1.4,12.0,6.0,4.0,0.8,1.6,11.2,5.2,4.0,D
1949,2005-09-17,2005-06,Aston Villa,Tottenham,0.8,1.6,7.4,3.8,5.0,0.8,0.4,10.2,5.6,8.0,D
1950,2005-09-17,2005-06,Charlton,Chelsea,2.0,0.6,12.6,6.2,13.0,2.0,0.0,12.4,7.2,15.0,A
1951,2005-09-18,2005-06,Blackburn,Newcastle,0.6,1.0,10.8,5.2,5.0,0.2,1.4,9.4,5.0,2.0,A
1952,2005-09-18,2005-06,Liverpool,Man United,0.8,0.8,13.6,6.4,8.0,1.6,0.4,12.8,6.4,13.0,D
1953,2005-09-18,2005-06,Man City,Bolton,1.4,0.8,11.4,6.6,11.0,1.2,0.8,13.0,6.0,8.0,A
1955,2005-09-19,2005-06,Arsenal,Everton,1.6,1.2,13.6,8.4,6.0,0.6,1.4,8.0,3.8,3.0,H
1956,2005-09-24,2005-06,Chelsea,Aston Villa,2.2,0.0,11.6,7.6,15.0,0.6,1.4,9.4,4.6,5.0,H
1957,2005-09-24,2005-06,West Ham,Arsenal,2.0,0.8,11.2,4.8,10.0,1.8,0.8,13.6,8.2,9.0,D
1958,2005-09-24,2005-06,West Brom,Charlton,1.2,2.2,8.8,4.2,4.0,1.6,0.6,13.2,6.0,12.0,A
1959,2005-09-24,2005-06,Newcastle,Man City,0.8,1.0,9.8,5.4,5.0,1.4,1.0,11.8,6.6,10.0,H
1960,2005-09-24,2005-06,Bolton,Portsmouth,1.0,0.4,11.4,5.0,10.0,1.0,1.2,12.6,6.4,5.0,H
1961,2005-09-24,2005-06,Everton,Wigan,0.2,1.2,6.8,3.2,3.0,0.8,0.8,9.4,3.6,7.0,A
1962,2005-09-24,2005-06,Birmingham,Liverpool,1.0,1.8,10.4,4.8,4.0,0.6,0.2,13.2,5.8,9.0,D
1963,2005-09-24,2005-06,Man United,Blackburn,1.2,0.2,10.4,5.0,11.0,0.4,1.0,12.0,6.2,5.0,A
1964,2005-09-25,2005-06,Middlesbrough,Sunderland,1.2,1.4,9.2,4.0,7.0,0.4,1.4,7.8,5.0,1.0,A
1965,2005-09-26,2005-06,Tottenham,Fulham,0.6,0.6,10.6,5.8,6.0,1.0,1.8,9.4,5.0,4.0,H
1966,2005-10-01,2005-06,Portsmouth,Newcastle,0.8,1.0,11.8,6.8,5.0,1.0,1.0,8.6,5.4,7.0,D
1967,2005-10-01,2005-06,Sunderland,West Ham,0.8,1.2,8.2,5.4,4.0,1.4,0.6,9.8,3.8,8.0,D
1968,2005-10-01,2005-06,Charlton,Tottenham,1.4,0.6,12.0,6.0,12.0,0.4,0.6,8.8,5.0,6.0,A
1969,2005-10-01,2005-06,Blackburn,West Brom,0.4,1.0,10.8,6.4,5.0,1.0,2.4,11.2,5.8,1.0,H
1970,2005-10-01,2005-06,Fulham,Man United,0.8,1.6,9.4,5.2,4.0,1.0,0.6,13.4,5.6,8.0,A
1971,2005-10-02,2005-06,Arsenal,Birmingham,1.4,0.8,12.2,6.2,7.0,1.2,1.8,9.4,5.2,5.0,H
1972,2005-10-02,2005-06,Aston Villa,Middlesbrough,0.8,1.6,9.4,4.4,5.0,1.2,1.4,10.8,5.6,7.0,A
1973,2005-10-02,2005-06,Liverpool,Chelsea,0.6,0.4,13.0,5.6,7.0,2.4,0.2,13.4,7.6,15.0,A
1974,2005-10-02,2005-06,Man City,Everton,1.0,1.0,11.6,6.2,7.0,0.2,1.0,7.6,3.6,3.0,H
1975,2005-10-02,2005-06,Wigan,Bolton,1.0,0.6,9.2,3.2,10.0,1.2,0.2,10.4,4.2,13.0,H
1976,2005-10-15,2005-06,Wigan,Newcastle,1.4,0.6,11.6,5.0,13.0,1.0,0.6,8.4,5.2,8.0,H
1977,2005-10-15,2005-06,West Brom,Arsenal,1.0,2.0,12.4,6.4,1.0,1.6,0.6,13.6,8.2,10.0,H
1978,2005-10-15,2005-06,Tottenham,Everton,1.0,1.0,11.2,6.2,8.0,0.0,1.4,8.0,4.2,0.0,H
1979,2005-10-15,2005-06,Middlesbrough,Portsmouth,1.2,1.8,11.8,7.0,7.0,0.6,0.8,9.8,5.8,5.0,D
1980,2005-10-15,2005-06,Liverpool,Blackburn,0.8,1.2,12.0,5.2,6.0,0.8,1.0,12.6,7.2,7.0,H
1981,2005-10-15,2005-06,Chelsea,Bolton,2.4,0.4,12.6,7.0,15.0,1.0,0.6,10.2,3.8,10.0,H
1982,2005-10-15,2005-06,Sunderland,Man United,0.8,1.0,8.4,5.0,5.0,1.4,1.0,12.0,4.6,8.0,A
1983,2005-10-16,2005-06,Birmingham,Aston Villa,1.2,1.4,7.0,4.0,5.0,1.0,2.0,10.6,5.0,4.0,A
1984,2005-10-16,2005-06,Man City,West Ham,1.0,0.8,12.0,5.8,7.0,1.6,0.8,9.8,4.2,8.0,H
1985,2005-10-17,2005-06,Charlton,Fulham,1.6,1.2,9.6,4.8,9.0,1.0,1.4,10.0,5.8,4.0,D
1986,2005-10-22,2005-06,Man United,Tottenham,1.6,1.2,12.8,5.4,8.0,1.4,0.6,10.4,6.0,11.0,D
1987,2005-10-22,2005-06,Portsmouth,Charlton,0.6,0.6,10.2,6.2,6.0,1.2,1.4,10.0,3.8,7.0,A
1988,2005-10-22,2005-06,Fulham,Liverpool,1.0,1.6,10.8,5.2,2.0,0.8,1.2,12.8,5.0,6.0,H
1989,2005-10-22,2005-06,Arsenal,Man City,1.0,0.8,12.4,7.4,7.0,1.0,0.8,13.2,7.4,7.0,H
1990,2005-10-22,2005-06,Aston Villa,Wigan,1.0,2.0,9.4,4.6,4.0,1.4,0.6,11.8,5.2,13.0,A
1991,2005-10-22,2005-06,Blackburn,Birmingham,0.8,1.0,11.6,7.0,7.0,0.6,1.2,7.0,3.6,2.0,H
1992,2005-10-23,2005-06,Bolton,West Brom,0.8,1.4,9.0,3.0,7.0,1.0,1.6,10.4,5.6,4.0,H
1993,2005-10-23,2005-06,Everton,Chelsea,0.0,1.6,8.4,4.6,0.0,3.0,0.6,13.4,7.2,15.0,D
1994,2005-10-23,2005-06,Newcastle,Sunderland,1.0,0.4,8.8,5.8,8.0,1.0,1.4,8.8,4.8,5.0,H
1995,2005-10-23,2005-06,West Ham,Middlesbrough,1.6,0.8,8.4,3.6,8.0,1.4,1.4,12.6,7.2,8.0,H
1996,2005-10-29,2005-06,Tottenham,Arsenal,1.6,0.8,10.2,6.0,11.0,1.0,0.4,10.6,6.2,10.0,D
1997,2005-10-29,2005-06,Birmingham,Everton,0.6,1.4,4.0,3.0,2.0,0.2,1.6,7.0,4.2,1.0,A
1998,2005-10-29,2005-06,Charlton,Bolton,1.4,1.6,10.6,4.4,7.0,1.2,1.4,10.4,4.2,9.0,A
1999,2005-10-29,2005-06,Chelsea,Blackburn,2.8,0.8,16.4,8.4,13.0,1.2,1.0,12.4,7.4,9.0,H
2000,2005-10-29,2005-06,Liverpool,West Ham,0.8,1.6,13.4,5.0,5.0,1.2,1.0,8.6,3.4,8.0,H
2001,2005-10-29,2005-06,Middlesbrough,Man United,1.2,1.6,15.2,8.0,5.0,1.6,1.2,14.0,6.8,8.0,H
2002,2005-10-29,2005-06,Sunderland,Portsmouth,1.4,1.6,10.4,5.4,5.0,0.6,1.0,10.8,5.8,3.0,A
2003,2005-10-29,2005-06,Wigan,Fulham,1.4,0.4,11.2,5.6,13.0,1.2,1.4,9.4,4.2,4.0,H
2004,2005-10-30,2005-06,West Brom,Newcastle,0.8,1.6,8.8,4.8,4.0,1.4,0.6,8.2,5.6,10.0,A
2005,2005-10-31,2005-06,Man City,Aston Villa,0.8,0.8,13.6,7.6,6.0,1.0,1.6,9.8,4.0,4.0,H
2006,2005-11-05,2005-06,Arsenal,Sunderland,0.8,0.6,10.4,6.8,8.0,1.4,2.2,9.2,4.6,4.0,H
2007,2005-11-05,2005-06,Aston Villa,Liverpool,1.0,2.0,9.4,3.8,3.0,1.2,1.6,15.0,6.2,7.0,A
2008,2005-11-05,2005-06,Blackburn,Charlton,1.6,1.2,10.2,6.2,9.0,1.4,1.4,9.8,4.4,7.0,H
2009,2005-11-05,2005-06,Fulham,Man City,1.0,1.2,9.0,3.2,4.0,1.4,0.8,12.8,7.0,9.0,H
2010,2005-11-05,2005-06,Newcastle,Birmingham,1.4,0.6,9.6,6.6,10.0,0.4,1.4,7.0,4.2,1.0,H
2011,2005-11-05,2005-06,Portsmouth,Wigan,1.2,1.0,9.0,5.0,5.0,1.4,0.2,11.4,6.0,15.0,A
2012,2005-11-05,2005-06,West Ham,West Brom,0.8,1.2,7.4,3.2,5.0,0.6,2.0,7.8,4.4,3.0,H
2013,2005-11-06,2005-06,Everton,Middlesbrough,0.4,1.2,8.4,5.0,4.0,1.8,1.6,14.6,8.2,7.0,H
2014,2005-11-06,2005-06,Man United,Chelsea,1.8,2.0,15.8,8.2,7.0,3.2,1.2,17.0,8.2,13.0,H
2015,2005-11-07,2005-06,Bolton,Tottenham,1.2,1.4,11.6,5.4,9.0,1.6,0.8,9.8,5.2,11.0,H
2016,2005-11-19,2005-06,Wigan,Arsenal,1.6,0.2,10.6,6.4,15.0,1.4,0.8,11.2,8.2,10.0,A
2017,2005-11-19,2005-06,Sunderland,Aston Villa,1.2,2.8,8.6,4.4,1.0,0.8,2.0,10.0,3.8,3.0,A
2018,2005-11-19,2005-06,Man City,Blackburn,1.6,1.0,12.0,6.6,9.0,2.0,1.2,10.0,4.8,9.0,D
2019,2005-11-19,2005-06,West Brom,Everton,0.4,1.8,6.2,3.6,3.0,0.6,1.0,8.0,5.2,7.0,H
2020,2005-11-19,2005-06,Chelsea,Newcastle,2.8,1.2,17.6,9.2,10.0,1.4,0.6,10.0,6.4,10.0,H
2021,2005-11-19,2005-06,Charlton,Man United,1.2,2.0,10.2,5.4,4.0,1.8,1.6,12.4,7.6,10.0,A
2022,2005-11-19,2005-06,Liverpool,Portsmouth,1.2,1.2,14.2,6.2,9.0,1.2,1.2,9.2,5.0,5.0,H
2023,2005-11-20,2005-06,Middlesbrough,Fulham,1.8,1.4,14.0,7.8,7.0,1.4,1.2,9.2,3.2,7.0,H
2024,2005-11-20,2005-06,Tottenham,West Ham,1.4,1.0,9.8,5.8,8.0,1.0,1.2,8.2,4.4,7.0,D
2025,2005-11-26,2005-06,Wigan,Tottenham,1.6,0.6,9.6,5.6,12.0,1.0,0.8,10.2,6.0,6.0,A
2026,2005-11-26,2005-06,Portsmouth,Chelsea,1.2,1.8,8.6,4.8,4.0,2.6,1.0,18.6,9.0,10.0,A
2027,2005-11-26,2005-06,Sunderland,Birmingham,1.2,3.2,7.0,4.0,0.0,0.0,1.2,8.0,4.0,0.0,A
2028,2005-11-26,2005-06,Aston Villa,Charlton,1.0,1.6,10.6,4.8,6.0,1.0,2.0,12.0,6.8,4.0,H
2029,2005-11-26,2005-06,Arsenal,Blackburn,1.8,1.2,10.6,7.2,10.0,1.6,1.2,7.0,3.4,7.0,H
2030,2005-11-26,2005-06,Man City,Liverpool,1.2,1.0,11.6,6.4,7.0,1.6,0.4,15.0,7.4,12.0,A
2031,2005-11-27,2005-06,Everton,Newcastle,0.6,1.4,9.2,5.6,7.0,1.4,1.2,9.4,6.2,9.0,H
2032,2005-11-27,2005-06,Fulham,Bolton,1.4,1.2,8.8,3.2,7.0,1.2,1.4,11.2,6.6,9.0,H
2033,2005-11-27,2005-06,Middlesbrough,West Brom,1.8,1.4,15.4,8.0,7.0,1.2,1.4,7.2,4.6,6.0,D
2034,2005-11-27,2005-06,West Ham,Man United,1.0,1.2,8.6,4.6,7.0,1.8,1.4,12.8,7.6,10.0,A
2035,2005-11-30,2005-06,Sunderland,Liverpool,1.0,2.8,5.6,3.4,0.0,1.6,0.4,12.8,7.6,12.0,A
2036,2005-12-03,2005-06,Newcastle,Aston Villa,1.4,1.2,10.4,6.8,9.0,1.0,1.6,13.0,6.6,6.0,D
2037,2005-12-03,2005-06,West Brom,Fulham,1.2,1.6,8.0,5.0,4.0,1.6,1.2,8.2,4.4,9.0,D
2038,2005-12-03,2005-06,Man United,Portsmouth,1.6,1.4,13.0,7.8,10.0,1.0,2.0,8.0,4.4,3.0,H
2039,2005-12-03,2005-06,Tottenham,Sunderland,1.0,1.0,10.2,6.0,6.0,0.6,2.6,5.2,3.2,0.0,H
2040,2005-12-03,2005-06,Chelsea,Middlesbrough,2.0,0.8,17.6,8.6,10.0,2.0,1.6,15.2,8.2,7.0,H
2041,2005-12-03,2005-06,Bolton,Arsenal,1.2,1.4,9.6,6.4,9.0,2.2,0.8,10.4,7.2,13.0,H
2042,2005-12-03,2005-06,Blackburn,Everton,1.6,1.6,9.2,5.0,7.0,0.8,1.0,10.4,6.6,10.0,A
2043,2005-12-03,2005-06,Liverpool,Wigan,2.0,0.0,13.0,8.6,15.0,1.6,1.0,9.4,5.0,9.0,H
2044,2005-12-04,2005-06,Charlton,Man City,0.8,2.0,10.2,6.8,3.0,0.8,1.0,7.8,3.2,4.0,A
2045,2005-12-05,2005-06,Birmingham,West Ham,0.2,1.0,9.6,5.0,3.0,1.0,1.2,9.4,4.6,7.0,A
2046,2005-12-10,2005-06,West Brom,Man City,1.2,1.2,8.6,5.6,5.0,1.8,1.2,9.8,4.2,7.0,H
2047,2005-12-10,2005-06,Newcastle,Arsenal,1.0,1.0,9.6,5.4,7.0,2.0,1.2,11.2,7.4,10.0,H
2048,2005-12-10,2005-06,Liverpool,Middlesbrough,2.2,0.0,12.8,9.2,15.0,1.8,1.4,13.4,7.4,7.0,H
2049,2005-12-10,2005-06,Chelsea,Wigan,2.0,0.6,16.2,8.0,12.0,1.2,1.6,10.2,5.0,6.0,H
2050,2005-12-10,2005-06,Bolton,Aston Villa,1.4,0.4,10.8,7.8,12.0,1.2,1.4,11.6,6.8,7.0,D
2051,2005-12-10,2005-06,Blackburn,West Ham,1.2,2.0,10.0,5.4,4.0,1.0,1.2,8.4,3.8,7.0,H
2052,2005-12-10,2005-06,Birmingham,Fulham,0.4,1.2,10.8,5.2,3.0,1.2,1.2,8.6,4.0,7.0,H
2053,2005-12-10,2005-06,Charlton,Sunderland,0.8,2.8,10.0,6.2,0.0,0.8,2.4,5.2,3.2,0.0,H
2054,2005-12-11,2005-06,Man United,Everton,2.0,1.2,14.2,8.4,12.0,1.0,0.8,11.2,6.8,12.0,D
2055,2005-12-12,2005-06,Tottenham,Portsmouth,1.4,1.2,11.2,6.2,8.0,0.8,2.2,6.6,4.0,3.0,H
2056,2005-12-14,2005-06,Everton,West Ham,1.0,1.0,10.4,6.6,10.0,1.4,1.4,8.8,4.0,7.0,A
2057,2005-12-14,2005-06,Man United,Wigan,2.0,0.6,15.8,9.2,13.0,1.0,1.8,8.6,4.0,3.0,H
2058,2005-12-17,2005-06,Wigan,Charlton,0.6,2.6,10.2,4.4,0.0,1.2,2.6,11.4,7.0,3.0,H
2059,2005-12-17,2005-06,West Ham,Newcastle,1.6,1.6,8.2,3.2,7.0,0.6,1.0,9.0,4.6,7.0,A
2060,2005-12-17,2005-06,Portsmouth,West Brom,0.2,2.6,7.2,4.0,0.0,1.6,0.6,9.2,5.6,8.0,H
2061,2005-12-17,2005-06,Everton,Bolton,1.0,1.4,10.4,5.6,7.0,1.2,0.6,9.6,6.8,10.0,A
2062,2005-12-17,2005-06,Fulham,Blackburn,1.2,1.2,8.6,4.4,7.0,1.4,1.6,11.6,5.6,7.0,H
2063,2005-12-17,2005-06,Aston Villa,Man United,1.2,1.0,10.6,6.4,8.0,2.6,0.6,16.2,10.0,13.0,A
2064,2005-12-17,2005-06,Man City,Birmingham,1.2,1.4,8.8,3.6,4.0,0.6,0.8,12.4,6.2,6.0,H
2065,2005-12-18,2005-06,Arsenal,Chelsea,1.8,1.2,10.4,6.6,9.0,1.4,0.2,14.6,7.6,12.0,A
2066,2005-12-18,2005-06,Middlesbrough,Tottenham,1.0,1.6,13.2,7.2,4.0,1.8,1.2,12.2,7.4,10.0,D
2067,2005-12-26,2005-06,Wigan,Man City,0.8,2.0,11.6,5.8,3.0,1.8,1.2,11.4,5.0,7.0,H
2068,2005-12-26,2005-06,Tottenham,Birmingham,2.4,1.6,12.0,7.0,11.0,0.8,1.4,10.0,5.0,6.0,H
2069,2005-12-26,2005-06,Sunderland,Bolton,0.6,2.2,7.8,4.2,0.0,1.8,0.6,8.8,6.4,10.0,D
2070,2005-12-26,2005-06,Portsmouth,West Ham,0.4,2.2,6.8,4.0,3.0,1.8,2.2,8.8,3.8,6.0,D
2071,2005-12-26,2005-06,Middlesbrough,Blackburn,1.6,2.0,12.0,7.0,5.0,0.8,1.8,11.8,5.8,4.0,A
2072,2005-12-26,2005-06,Liverpool,Newcastle,2.2,0.0,15.4,10.6,15.0,1.2,1.4,9.0,5.0,7.0,H
2073,2005-12-26,2005-06,Chelsea,Fulham,1.8,0.0,12.6,7.0,15.0,1.2,1.2,8.4,4.4,7.0,H
2074,2005-12-26,2005-06,Charlton,Arsenal,1.0,2.4,10.4,5.6,3.0,1.2,1.4,9.4,5.8,6.0,A
2075,2005-12-26,2005-06,Aston Villa,Everton,1.2,1.0,11.6,7.4,8.0,1.0,1.4,10.8,6.4,7.0,H
2076,2005-12-26,2005-06,Man United,West Brom,2.4,0.4,17.0,10.6,13.0,1.6,0.6,8.0,4.8,8.0,H
2077,2005-12-28,2005-06,West Brom,Tottenham,0.8,1.2,6.8,3.8,5.0,2.6,1.4,10.8,6.2,13.0,H
2078,2005-12-28,2005-06,West Ham,Wigan,1.8,2.0,9.6,4.0,7.0,1.4,2.2,11.4,6.2,6.0,A
2079,2005-12-28,2005-06,Man City,Chelsea,2.4,2.0,13.2,7.0,6.0,1.8,0.4,13.2,8.4,15.0,A
2080,2005-12-28,2005-06,Fulham,Aston Villa,1.2,1.2,8.4,4.0,7.0,1.4,0.8,10.8,6.6,8.0,D
2081,2005-12-28,2005-06,Everton,Liverpool,0.8,2.2,10.0,5.6,4.0,2.0,0.0,16.6,10.6,15.0,A
2082,2005-12-28,2005-06,Birmingham,Man United,0.8,1.6,9.6,5.2,6.0,2.6,0.2,17.2,10.4,13.0,D
2083,2005-12-28,2005-06,Arsenal,Portsmouth,0.8,1.0,10.4,6.4,6.0,0.6,1.8,7.6,4.8,4.0,H
2084,2005-12-31,2005-06,Aston Villa,Arsenal,1.8,1.4,9.4,5.4,6.0,1.0,1.0,9.0,5.2,6.0,D
2085,2005-12-31,2005-06,Charlton,West Ham,0.8,2.0,8.4,3.4,3.0,1.4,2.2,8.4,3.4,4.0,H
2086,2005-12-31,2005-06,Chelsea,Birmingham,1.6,0.4,13.0,8.0,15.0,1.0,2.0,9.8,4.8,4.0,H
2087,2005-12-31,2005-06,Liverpool,West Brom,2.4,0.2,17.4,10.4,15.0,0.8,0.8,6.2,3.6,7.0,H
2088,2005-12-31,2005-06,Man United,Bolton,2.4,0.6,15.6,9.0,11.0,1.6,0.6,8.6,5.0,8.0,H
2089,2005-12-31,2005-06,Middlesbrough,Man City,1.0,2.0,9.6,5.8,2.0,2.4,2.0,13.6,7.2,6.0,D
2090,2005-12-31,2005-06,Portsmouth,Fulham,0.6,2.2,7.6,5.2,4.0,1.4,1.6,7.6,3.2,5.0,H
2091,2005-12-31,2005-06,Sunderland,Everton,0.4,1.6,8.4,4.4,1.0,0.6,2.8,10.4,5.8,1.0,A
2092,2005-12-31,2005-06,Tottenham,Newcastle,2.2,1.6,10.8,6.6,10.0,1.2,1.2,8.8,5.0,7.0,H
2093,2005-12-31,2005-06,Wigan,Blackburn,1.8,1.6,11.0,5.8,9.0,1.2,1.8,12.2,5.8,6.0,A
2094,2006-01-02,2005-06,West Ham,Chelsea,1.0,2.0,8.8,3.4,4.0,1.8,0.4,12.0,7.8,15.0,A
2095,2006-01-02,2005-06,West Brom,Aston Villa,0.8,1.0,6.0,2.8,6.0,1.6,1.2,9.8,5.2,6.0,A
2096,2006-01-02,2005-06,Newcastle,Middlesbrough,1.2,1.4,7.4,3.8,7.0,0.6,1.6,9.4,5.0,2.0,D
2097,2006-01-02,2005-06,Fulham,Sunderland,1.4,1.8,7.8,3.8,4.0,0.4,1.6,10.2,5.0,1.0,H
2098,2006-01-02,2005-06,Bolton,Liverpool,1.6,1.0,8.4,4.8,8.0,2.2,0.2,19.8,10.8,15.0,D
2099,2006-01-02,2005-06,Blackburn,Portsmouth,1.8,1.2,11.8,5.4,9.0,0.8,1.6,9.4,5.8,7.0,H
2100,2006-01-02,2005-06,Birmingham,Wigan,0.8,2.0,8.8,4.2,4.0,1.8,2.0,12.0,6.4,9.0,H
2101,2006-01-02,2005-06,Everton,Charlton,0.6,2.6,10.8,5.8,3.0,1.2,1.8,10.2,4.2,6.0,H
2102,2006-01-03,2005-06,Arsenal,Man United,1.0,0.6,9.4,5.2,7.0,3.0,0.6,15.0,8.4,13.0,D
2103,2006-01-04,2005-06,Man City,Tottenham,1.4,1.6,11.8,6.0,4.0,2.0,1.2,10.6,5.6,10.0,A
2104,2006-01-14,2005-06,Charlton,Birmingham,1.0,1.4,10.4,4.2,6.0,1.0,2.0,8.2,3.6,4.0,H
2105,2006-01-14,2005-06,Arsenal,Middlesbrough,1.0,0.4,9.8,5.6,8.0,1.0,1.8,9.0,4.6,3.0,H
2106,2006-01-14,2005-06,Aston Villa,West Ham,1.8,1.2,11.2,6.0,8.0,0.8,2.4,8.6,3.6,1.0,A
2107,2006-01-14,2005-06,Blackburn,Bolton,2.2,1.0,11.2,5.4,12.0,1.6,1.4,8.8,4.4,6.0,D
2108,2006-01-14,2005-06,Fulham,Newcastle,1.8,1.8,8.8,5.0,7.0,1.4,1.6,7.8,4.4,7.0,H
2109,2006-01-14,2005-06,Liverpool,Tottenham,2.0,0.6,19.6,9.8,13.0,1.8,1.0,9.0,4.2,10.0,H
2110,2006-01-14,2005-06,Man City,Man United,1.4,1.6,12.8,6.2,4.0,2.2,0.6,15.8,7.8,11.0,H
2111,2006-01-14,2005-06,Portsmouth,Everton,0.8,1.4,9.4,5.6,7.0,1.0,2.4,11.0,6.4,6.0,A
2112,2006-01-15,2005-06,Sunderland,Chelsea,0.6,1.6,10.6,5.6,1.0,2.2,0.6,13.2,8.2,15.0,A
2113,2006-01-15,2005-06,Wigan,West Brom,1.8,1.6,10.2,5.4,9.0,0.6,1.4,5.6,3.0,3.0,A
2114,2006-01-21,2005-06,Tottenham,Aston Villa,1.2,0.6,8.6,3.6,9.0,2.0,1.2,11.8,6.2,8.0,D
2115,2006-01-21,2005-06,West Brom,Sunderland,0.8,1.2,6.2,3.8,6.0,0.4,1.4,11.6,6.6,1.0,A
2116,2006-01-21,2005-06,Middlesbrough,Wigan,1.0,2.8,8.8,4.4,3.0,1.2,1.8,12.0,5.4,6.0,A
2117,2006-01-21,2005-06,Newcastle,Blackburn,1.2,1.8,7.4,4.4,4.0,1.6,0.6,12.0,5.0,10.0,A
2118,2006-01-21,2005-06,Everton,Arsenal,1.2,1.6,10.2,5.0,9.0,2.4,0.0,13.2,8.0,11.0,H
2119,2006-01-21,2005-06,Bolton,Man City,1.4,1.2,6.8,3.2,6.0,1.2,1.6,11.8,5.8,4.0,H
2120,2006-01-21,2005-06,Birmingham,Portsmouth,0.8,1.6,9.8,4.2,4.0,0.6,1.6,11.2,6.4,4.0,H
2121,2006-01-22,2005-06,Chelsea,Charlton,2.2,0.8,15.2,9.2,15.0,1.0,1.4,9.8,3.4,6.0,D
2122,2006-01-22,2005-06,Man United,Liverpool,2.0,1.2,15.0,6.6,8.0,1.8,0.6,18.2,9.6,13.0,H
2123,2006-01-23,2005-06,West Ham,Fulham,0.8,1.8,8.4,3.6,4.0,1.6,1.6,9.6,5.0,7.0,H
2124,2006-01-31,2005-06,Sunderland,Middlesbrough,0.6,1.0,10.2,5.8,4.0,0.8,2.8,8.0,3.6,2.0,A
2125,2006-01-31,2005-06,Wigan,Everton,1.0,1.6,13.2,6.4,6.0,1.4,0.8,10.0,4.6,12.0,D
2126,2006-01-31,2005-06,Charlton,West Brom,1.2,1.0,10.6,4.0,7.0,0.8,0.8,7.2,4.2,6.0,D
2127,2006-01-31,2005-06,Fulham,Tottenham,1.4,1.4,10.2,5.4,7.0,0.8,0.6,11.0,5.4,7.0,H
2128,2006-02-01,2005-06,Arsenal,West Ham,2.2,0.2,12.4,6.8,8.0,1.0,1.8,7.4,3.8,6.0,A
2129,2006-02-01,2005-06,Aston Villa,Chelsea,1.2,1.2,10.2,5.0,6.0,1.8,0.6,14.6,8.4,13.0,D
2130,2006-02-01,2005-06,Blackburn,Man United,1.6,0.2,11.2,4.6,13.0,1.6,1.2,13.0,5.6,8.0,H
2131,2006-02-01,2005-06,Liverpool,Birmingham,1.4,0.8,16.2,8.8,10.0,1.8,1.2,10.2,4.6,7.0,D
2132,2006-02-01,2005-06,Man City,Newcastle,0.6,1.2,9.4,3.4,4.0,0.4,1.6,7.8,3.6,1.0,H
2133,2006-02-01,2005-06,Portsmouth,Bolton,0.4,2.4,11.0,5.4,3.0,1.0,1.2,7.6,3.4,6.0,D
2134,2006-02-04,2005-06,Newcastle,Portsmouth,0.4,1.8,8.2,3.4,1.0,0.6,1.8,12.4,5.6,4.0,H
2135,2006-02-04,2005-06,West Ham,Sunderland,1.6,1.8,7.4,4.4,9.0,0.6,1.6,10.8,5.8,3.0,H
2136,2006-02-04,2005-06,West Brom,Blackburn,0.4,0.8,8.4,4.4,4.0,2.0,0.8,11.2,4.6,13.0,H
2137,2006-02-04,2005-06,Man United,Fulham,1.8,1.6,13.2,5.8,7.0,1.0,0.8,11.4,6.4,9.0,H
2138,2006-02-04,2005-06,Everton,Man City,1.4,0.4,9.6,4.6,13.0,1.2,1.0,11.2,4.6,7.0,H
2139,2006-02-04,2005-06,Bolton,Wigan,1.2,1.4,7.6,3.6,6.0,0.8,1.8,14.4,6.8,4.0,D
2140,2006-02-04,2005-06,Birmingham,Arsenal,1.6,1.0,8.6,4.0,7.0,1.8,0.8,14.4,8.0,5.0,A
2141,2006-02-04,2005-06,Middlesbrough,Aston Villa,1.4,2.4,7.8,3.4,5.0,0.8,0.8,9.6,4.6,6.0,A
2142,2006-02-05,2005-06,Chelsea,Liverpool,1.8,0.8,14.6,8.6,11.0,1.0,0.8,18.6,9.8,8.0,H
2143,2006-02-05,2005-06,Tottenham,Charlton,0.8,0.4,11.0,4.6,7.0,1.2,0.8,11.4,5.8,8.0,H
2144,2006-02-08,2005-06,Charlton,Liverpool,1.0,1.4,10.0,5.4,5.0,0.8,1.2,15.6,7.6,5.0,H
2145,2006-02-11,2005-06,Arsenal,Bolton,2.2,0.8,14.2,8.6,7.0,1.2,0.8,9.2,5.0,7.0,D
2146,2006-02-11,2005-06,Aston Villa,Newcastle,1.6,0.8,9.4,4.6,8.0,0.8,1.4,9.2,4.6,4.0,A
2147,2006-02-11,2005-06,Everton,Blackburn,1.4,0.4,9.8,4.6,13.0,1.4,1.2,10.6,4.0,10.0,H
2148,2006-02-11,2005-06,Fulham,West Brom,1.4,1.4,11.6,7.0,9.0,0.8,0.6,9.4,5.4,7.0,H
2149,2006-02-11,2005-06,Middlesbrough,Chelsea,1.4,3.2,7.2,3.4,4.0,1.8,0.8,14.2,8.2,11.0,H
2150,2006-02-11,2005-06,Portsmouth,Man United,0.4,2.2,9.6,4.4,1.0,1.8,1.8,13.8,6.8,7.0,A
2151,2006-02-11,2005-06,Wigan,Liverpool,1.0,1.4,14.0,6.8,5.0,0.4,1.2,15.2,7.2,4.0,A
2152,2006-02-12,2005-06,Sunderland,Tottenham,0.6,1.8,9.6,5.2,3.0,1.0,0.6,11.2,6.0,7.0,D
2153,2006-02-12,2005-06,Man City,Charlton,1.2,1.2,11.0,4.6,6.0,1.2,0.8,9.0,5.0,8.0,H
2154,2006-02-13,2005-06,West Ham,Birmingham,2.0,1.4,8.0,5.2,12.0,1.6,1.0,9.4,4.4,7.0,H
2155,2006-02-14,2005-06,Liverpool,Arsenal,0.4,1.2,13.4,6.0,4.0,2.4,1.0,15.8,9.6,7.0,H
2156,2006-02-15,2005-06,Blackburn,Sunderland,1.0,1.2,11.8,3.6,7.0,0.6,1.6,9.4,4.8,4.0,H
2157,2006-02-19,2005-06,Tottenham,Wigan,0.8,0.8,11.6,7.0,5.0,1.0,1.2,13.8,6.6,5.0,D
2158,2006-02-22,2005-06,Newcastle,Charlton,0.8,1.2,9.0,4.8,6.0,1.2,1.4,9.2,5.6,5.0,D
2159,2006-02-25,2005-06,Birmingham,Sunderland,1.2,1.6,11.2,5.0,4.0,0.4,1.6,8.4,3.6,4.0,H
2160,2006-02-25,2005-06,Blackburn,Arsenal,1.4,1.2,10.6,4.2,9.0,1.0,1.2,12.2,6.6,4.0,H
2161,2006-02-25,2005-06,Charlton,Aston Villa,1.0,1.2,8.8,5.4,5.0,1.4,1.0,9.4,4.6,5.0,D
2162,2006-02-25,2005-06,Chelsea,Portsmouth,1.2,1.2,14.2,8.2,8.0,0.4,2.4,11.0,4.8,1.0,H
2163,2006-02-25,2005-06,Newcastle,Everton,0.8,1.0,10.4,5.6,7.0,1.0,0.2,8.2,3.8,13.0,H
2164,2006-02-26,2005-06,Liverpool,Man City,0.6,1.0,15.6,6.4,7.0,1.8,1.2,11.6,6.0,9.0,H
2165,2006-02-26,2005-06,West Brom,Middlesbrough,0.8,1.4,9.8,5.6,7.0,1.6,2.8,7.0,4.0,6.0,A
2166,2006-02-26,2005-06,Bolton,Fulham,1.0,0.6,7.8,4.2,7.0,2.2,1.4,11.4,6.6,9.0,H
2167,2006-03-04,2005-06,West Ham,Everton,2.4,0.8,9.4,6.2,15.0,0.8,0.6,8.8,4.4,10.0,D
2168,2006-03-04,2005-06,Aston Villa,Portsmouth,1.2,0.6,8.8,4.4,6.0,0.4,2.6,9.2,3.4,1.0,H
2169,2006-03-04,2005-06,Fulham,Arsenal,2.2,1.8,11.0,6.8,6.0,1.0,1.2,11.4,6.2,4.0,A
2170,2006-03-04,2005-06,Liverpool,Charlton,0.6,0.8,14.8,6.8,9.0,1.0,1.2,9.0,4.8,5.0,D
2171,2006-03-04,2005-06,Middlesbrough,Birmingham,2.0,1.4,7.0,4.4,9.0,1.4,1.2,11.2,5.4,7.0,H
2172,2006-03-04,2005-06,Newcastle,Bolton,1.2,0.8,11.6,7.0,10.0,1.4,0.8,9.8,5.0,9.0,H
2173,2006-03-04,2005-06,West Brom,Chelsea,0.6,1.8,11.8,6.2,4.0,1.2,1.0,13.4,7.2,8.0,A
2174,2006-03-05,2005-06,Tottenham,Blackburn,1.2,1.0,12.4,7.4,6.0,1.4,1.2,10.6,4.2,9.0,H
2175,2006-03-05,2005-06,Man City,Sunderland,1.2,1.2,10.4,5.2,6.0,0.2,1.8,8.6,4.0,1.0,H
2176,2006-03-06,2005-06,Wigan,Man United,1.4,1.4,10.0,5.2,6.0,2.4,2.0,11.8,6.4,9.0,A
2177,2006-03-11,2005-06,Birmingham,West Brom,0.4,1.4,12.2,5.2,4.0,0.8,2.0,11.0,5.6,4.0,D
2178,2006-03-11,2005-06,Blackburn,Aston Villa,1.0,1.2,10.4,4.2,6.0,1.4,0.6,11.4,5.8,8.0,H
2179,2006-03-11,2005-06,Bolton,West Ham,1.2,1.4,9.8,4.4,6.0,2.4,1.0,8.8,5.4,13.0,H
2180,2006-03-11,2005-06,Chelsea,Tottenham,1.4,1.0,12.4,6.8,10.0,1.8,1.4,10.2,5.8,8.0,H
2181,2006-03-11,2005-06,Everton,Fulham,1.0,1.0,9.6,4.8,8.0,2.0,2.2,10.0,6.4,6.0,H
2182,2006-03-11,2005-06,Portsmouth,Man City,0.4,1.8,9.4,3.8,1.0,1.6,1.0,11.6,6.2,9.0,H
2183,2006-03-11,2005-06,Sunderland,Wigan,0.4,1.6,7.0,3.2,1.0,1.0,1.4,10.4,4.6,3.0,A
2184,2006-03-12,2005-06,Arsenal,Liverpool,1.4,0.6,11.8,6.4,7.0,0.6,0.4,16.6,8.4,10.0,H
2185,2006-03-12,2005-06,Charlton,Middlesbrough,0.8,0.6,8.2,4.0,6.0,1.8,0.8,8.0,4.8,12.0,H
2186,2006-03-12,2005-06,Man United,Newcastle,2.6,1.6,11.0,6.0,12.0,1.8,0.4,12.6,7.8,13.0,H
2187,2006-03-15,2005-06,Liverpool,Fulham,0.8,0.4,15.6,8.0,10.0,2.0,2.8,9.2,5.4,3.0,H
2188,2006-03-18,2005-06,West Brom,Man United,1.0,2.2,10.6,5.2,4.0,2.8,1.6,15.2,7.6,12.0,A
2189,2006-03-18,2005-06,Man City,Wigan,1.2,1.4,10.6,5.4,6.0,1.0,1.2,8.6,3.8,5.0,A
2190,2006-03-18,2005-06,Everton,Aston Villa,1.4,1.0,11.0,5.0,10.0,1.2,0.8,12.6,6.4,7.0,H
2191,2006-03-18,2005-06,West Ham,Portsmouth,2.2,1.6,8.8,5.4,10.0,0.6,1.8,9.2,3.8,3.0,A
2192,2006-03-18,2005-06,Blackburn,Middlesbrough,1.4,0.8,10.8,4.4,9.0,1.4,1.2,8.4,5.4,9.0,H
2193,2006-03-18,2005-06,Birmingham,Tottenham,0.4,1.4,12.8,5.0,4.0,2.0,1.6,9.6,5.8,8.0,A
2194,2006-03-18,2005-06,Arsenal,Charlton,1.4,0.8,12.2,6.0,7.0,0.8,0.8,8.0,4.2,6.0,H
2195,2006-03-18,2005-06,Bolton,Sunderland,1.8,1.4,12.0,6.0,8.0,0.4,1.4,8.2,4.4,1.0,H
2196,2006-03-19,2005-06,Fulham,Chelsea,1.8,3.0,8.8,4.8,3.0,1.6,1.0,12.8,7.8,12.0,H
2197,2006-03-19,2005-06,Newcastle,Liverpool,1.4,0.8,10.8,6.2,10.0,1.6,0.6,18.0,8.8,10.0,A
2198,2006-03-25,2005-06,Wigan,West Ham,1.0,1.0,9.2,3.8,7.0,2.0,2.0,10.6,5.8,7.0,A
2199,2006-03-25,2005-06,Liverpool,Everton,2.0,0.8,16.0,8.2,10.0,2.0,1.2,11.4,5.4,10.0,H
2200,2006-03-25,2005-06,Sunderland,Blackburn,0.2,1.6,7.6,4.0,0.0,2.0,1.0,8.2,4.0,12.0,A
2201,2006-03-25,2005-06,Aston Villa,Fulham,0.6,1.6,12.4,6.8,4.0,0.8,2.8,8.0,4.2,3.0,D
2202,2006-03-25,2005-06,Chelsea,Man City,1.2,1.2,12.8,7.4,9.0,1.2,1.4,10.6,5.0,6.0,H
2203,2006-03-26,2005-06,Charlton,Newcastle,0.4,0.8,6.0,3.0,6.0,1.2,1.2,10.6,5.8,7.0,H
2204,2006-03-26,2005-06,Man United,Birmingham,2.6,1.0,16.8,8.2,15.0,0.4,1.4,11.4,4.8,4.0,H
2205,2006-03-26,2005-06,Middlesbrough,Bolton,1.8,1.0,8.0,5.6,9.0,2.0,1.2,12.8,5.6,10.0,H
2206,2006-03-27,2005-06,Tottenham,West Brom,1.8,1.4,8.6,5.0,8.0,0.8,2.6,10.4,4.8,1.0,H
2207,2006-03-29,2005-06,Man United,West Ham,2.4,0.6,14.2,6.4,15.0,2.0,2.2,9.4,5.0,7.0,H
2208,2006-04-01,2005-06,West Brom,Liverpool,0.8,1.8,10.8,5.2,1.0,2.4,1.0,15.4,7.8,10.0,A
2209,2006-04-01,2005-06,Newcastle,Tottenham,1.4,1.8,11.0,5.8,6.0,2.0,1.4,8.8,5.2,10.0,H
2210,2006-04-01,2005-06,Everton,Sunderland,2.0,1.8,12.0,6.0,7.0,0.2,1.4,8.6,5.0,0.0,D
2211,2006-04-01,2005-06,Fulham,Portsmouth,0.6,2.4,7.8,3.6,4.0,1.4,1.8,11.0,5.2,6.0,A
2212,2006-04-01,2005-06,Birmingham,Chelsea,0.4,1.4,9.4,4.4,4.0,1.6,0.6,13.2,7.4,12.0,D
2213,2006-04-01,2005-06,Arsenal,Aston Villa,1.8,0.6,12.2,5.8,9.0,0.4,1.2,11.8,6.6,5.0,H
2214,2006-04-01,2005-06,Bolton,Man United,2.4,1.8,14.0,6.2,9.0,2.0,0.4,17.6,8.2,15.0,A
2215,2006-04-02,2005-06,Man City,Middlesbrough,0.6,1.4,8.4,3.8,3.0,2.0,1.6,9.6,6.4,9.0,A
2216,2006-04-02,2005-06,West Ham,Charlton,1.4,2.4,8.6,4.0,4.0,1.0,1.0,6.8,3.2,8.0,D
2217,2006-04-03,2005-06,Blackburn,Wigan,1.8,1.0,7.2,3.6,12.0,1.2,1.2,10.6,5.2,7.0,D
2218,2006-04-04,2005-06,Birmingham,Bolton,0.2,1.4,7.4,3.2,2.0,2.2,2.0,12.8,5.6,6.0,H
2219,2006-04-08,2005-06,Tottenham,Man City,1.8,1.6,8.8,5.4,9.0,0.6,1.4,9.0,3.6,3.0,H
2220,2006-04-08,2005-06,Wigan,Birmingham,1.0,1.0,11.4,5.0,7.0,0.4,1.2,6.0,2.6,5.0,D
2221,2006-04-08,2005-06,Charlton,Everton,1.0,1.0,5.8,2.4,8.0,2.4,1.8,12.8,6.4,8.0,D
2222,2006-04-08,2005-06,Portsmouth,Blackburn,1.8,1.4,10.0,5.4,9.0,1.8,1.2,8.2,4.2,10.0,D
2223,2006-04-09,2005-06,Aston Villa,West Brom,0.4,2.2,11.4,6.0,4.0,0.8,1.8,9.0,4.2,1.0,D
2224,2006-04-09,2005-06,Chelsea,West Ham,1.2,0.6,12.4,6.6,10.0,1.0,2.0,10.4,4.8,4.0,H
2225,2006-04-09,2005-06,Liverpool,Bolton,2.8,1.0,13.8,6.6,12.0,2.0,1.6,12.2,5.2,6.0,H
2226,2006-04-09,2005-06,Man United,Arsenal,2.0,0.4,18.6,9.8,15.0,2.8,0.4,15.0,8.6,12.0,H
2227,2006-04-09,2005-06,Middlesbrough,Newcastle,1.8,1.6,11.8,7.4,9.0,1.6,2.0,10.2,6.0,6.0,A
2228,2006-04-12,2005-06,Portsmouth,Arsenal,2.2,1.4,13.4,7.6,10.0,2.8,0.6,15.0,8.6,12.0,D
2229,2006-04-14,2005-06,Man United,Sunderland,2.0,0.4,15.8,9.0,15.0,0.6,1.6,10.2,5.8,1.0,D
2230,2006-04-15,2005-06,Portsmouth,Middlesbrough,2.4,1.4,13.2,7.2,11.0,1.8,2.0,12.0,7.8,6.0,H
2231,2006-04-15,2005-06,West Ham,Man City,1.0,2.0,9.8,4.6,4.0,0.4,1.6,8.8,3.4,0.0,H
2232,2006-04-15,2005-06,Fulham,Charlton,0.8,2.2,8.4,3.6,4.0,1.0,1.0,7.0,3.0,8.0,H
2233,2006-04-15,2005-06,Newcastle,Wigan,1.4,2.0,11.2,6.0,6.0,1.0,0.8,10.4,4.8,8.0,H
2234,2006-04-15,2005-06,Bolton,Chelsea,1.2,1.6,9.8,4.0,3.0,1.6,0.6,13.8,6.6,10.0,A
2235,2006-04-15,2005-06,Arsenal,West Brom,2.2,0.8,13.2,7.0,10.0,0.6,1.4,9.2,4.6,2.0,H
2236,2006-04-15,2005-06,Everton,Tottenham,2.0,1.4,11.6,6.0,8.0,1.6,1.4,11.4,8.2,9.0,A
2237,2006-04-16,2005-06,Aston Villa,Birmingham,0.2,2.2,9.2,5.0,2.0,0.4,1.2,7.0,3.4,5.0,H
2238,2006-04-16,2005-06,Blackburn,Liverpool,1.8,1.0,7.8,4.0,11.0,2.8,0.6,15.6,7.4,15.0,A
2239,2006-04-17,2005-06,Tottenham,Man United,1.6,1.0,12.6,8.8,12.0,1.6,0.2,16.6,9.4,13.0,A
2240,2006-04-17,2005-06,West Brom,Bolton,0.6,1.8,8.8,4.0,1.0,0.8,2.0,8.0,3.4,0.0,D
2241,2006-04-17,2005-06,Sunderland,Newcastle,0.4,1.2,11.4,5.8,2.0,2.0,1.8,12.4,7.2,9.0,A
2242,2006-04-17,2005-06,Chelsea,Everton,1.6,0.4,12.2,5.2,10.0,1.4,1.4,10.2,5.4,5.0,H
2243,2006-04-17,2005-06,Charlton,Portsmouth,0.8,1.2,8.0,3.8,5.0,2.2,1.2,14.0,8.4,11.0,H
2244,2006-04-17,2005-06,Middlesbrough,West Ham,1.6,1.8,12.6,8.0,6.0,0.8,1.2,8.8,4.6,7.0,H
2245,2006-04-18,2005-06,Wigan,Aston Villa,1.0,1.4,12.0,5.4,5.0,0.8,2.0,8.6,5.4,5.0,H
2246,2006-04-19,2005-06,Birmingham,Blackburn,0.6,1.4,8.2,4.2,5.0,1.4,1.2,6.6,3.6,8.0,H
2247,2006-04-22,2005-06,Newcastle,West Brom,2.6,1.4,12.6,7.2,12.0,0.4,1.4,9.0,3.6,2.0,H
2248,2006-04-22,2005-06,Arsenal,Tottenham,2.4,0.8,14.2,8.2,10.0,1.4,1.4,13.8,9.2,9.0,D
2249,2006-04-22,2005-06,Bolton,Charlton,0.2,1.2,7.4,2.8,1.0,1.2,0.8,10.8,5.4,8.0,H
2250,2006-04-22,2005-06,Everton,Birmingham,0.6,1.8,8.6,4.4,2.0,1.0,1.0,9.2,4.4,8.0,D
2251,2006-04-22,2005-06,Portsmouth,Sunderland,1.6,1.2,13.8,7.8,8.0,0.6,1.8,11.2,5.2,2.0,H
2252,2006-04-24,2005-06,Fulham,Wigan,1.0,1.8,8.0,3.8,7.0,1.4,1.8,13.6,6.8,5.0,H
2253,2006-04-25,2005-06,Aston Villa,Man City,1.0,1.8,8.6,4.8,5.0,0.2,1.4,8.2,3.0,0.0,A
2254,2006-04-26,2005-06,West Ham,Liverpool,0.4,1.4,10.6,5.2,4.0,2.0,0.4,13.2,5.8,15.0,A
2255,2006-04-29,2005-06,Birmingham,Newcastle,1.0,1.0,9.6,4.6,8.0,3.0,0.8,12.4,7.4,15.0,D
2256,2006-04-29,2005-06,Charlton,Blackburn,0.8,1.4,9.6,5.0,5.0,1.0,1.2,8.0,4.2,5.0,A
2257,2006-04-29,2005-06,Chelsea,Man United,2.2,0.2,13.2,6.0,13.0,1.4,0.4,17.2,9.4,13.0,H
2258,2006-04-29,2005-06,Liverpool,Aston Villa,1.8,0.4,13.4,6.0,15.0,1.0,2.0,8.6,4.6,4.0,H
2259,2006-04-29,2005-06,Man City,Fulham,0.4,1.2,9.8,4.0,3.0,1.0,0.8,8.8,4.2,10.0,A
2260,2006-04-29,2005-06,Middlesbrough,Everton,1.6,1.2,13.6,8.6,9.0,0.4,1.2,10.4,5.2,3.0,A
2261,2006-04-29,2005-06,Wigan,Portsmouth,1.2,1.6,15.4,7.2,5.0,1.4,1.2,16.4,9.4,8.0,A
2262,2006-04-30,2005-06,Tottenham,Bolton,1.2,1.4,13.4,8.8,7.0,0.8,1.0,8.6,4.6,4.0,H
2263,2006-05-01,2005-06,Man United,Middlesbrough,1.2,1.0,14.0,7.2,10.0,0.8,0.8,12.8,7.2,6.0,D
2264,2006-05-01,2005-06,Sunderland,Arsenal,0.8,1.8,11.4,5.8,2.0,2.0,1.0,12.8,7.6,8.0,A
2265,2006-05-01,2005-06,West Brom,West Ham,0.2,1.6,7.4,2.2,2.0,0.6,1.6,11.0,6.0,4.0,A
2266,2006-05-02,2005-06,Blackburn,Chelsea,1.2,1.2,8.6,4.2,5.0,2.4,0.2,11.6,5.0,13.0,H
2267,2006-05-03,2005-06,Bolton,Middlesbrough,0.8,1.0,9.8,5.6,4.0,0.6,0.8,11.6,6.6,4.0,D
2268,2006-05-04,2005-06,Man City,Arsenal,0.6,1.2,12.6,5.2,3.0,1.6,1.0,10.2,5.2,8.0,A
2269,2006-05-04,2005-06,Sunderland,Fulham,0.8,2.2,10.8,5.0,2.0,1.2,1.0,9.8,4.8,10.0,H
2270,2006-05-07,2005-06,Portsmouth,Liverpool,1.4,1.0,15.2,8.6,10.0,1.8,0.4,13.0,5.8,15.0,A
2271,2006-05-07,2005-06,Blackburn,Man City,1.2,1.0,7.6,3.4,7.0,0.8,1.6,12.8,6.4,3.0,H
2272,2006-05-07,2005-06,Newcastle,Chelsea,2.4,0.6,10.4,5.2,13.0,2.4,0.4,10.4,4.6,12.0,H
2273,2006-05-07,2005-06,West Ham,Tottenham,0.8,1.6,9.8,5.6,6.0,1.2,0.8,13.2,8.6,10.0,H
2274,2006-05-07,2005-06,Man United,Charlton,0.8,0.8,14.6,6.4,8.0,0.8,1.8,9.4,5.2,4.0,H
2275,2006-05-07,2005-06,Aston Villa,Sunderland,1.2,1.6,8.2,4.4,4.0,0.8,2.0,8.2,4.0,4.0,H
2276,2006-05-07,2005-06,Everton,West Brom,0.2,0.8,8.8,4.4,5.0,0.2,1.4,9.0,2.2,2.0,D
2277,2006-05-07,2005-06,Bolton,Birmingham,1.0,1.0,11.8,6.6,5.0,0.8,1.0,11.2,5.2,6.0,H
2278,2006-05-07,2005-06,Fulham,Middlesbrough,1.4,1.4,10.0,4.6,9.0,0.6,0.6,10.0,5.6,5.0,H
2279,2006-05-07,2005-06,Arsenal,Wigan,2.2,0.8,11.6,7.0,11.0,1.2,1.8,15.6,7.8,4.0,H
2280,2006-08-19,2006-07,West Ham,Charlton,1.0,1.0,11.0,6.2,9.0,0.8,2.6,9.2,5.0,3.0,H
2282,2006-08-19,2006-07,Portsmouth,Blackburn,1.4,1.4,14.4,8.6,9.0,1.2,0.6,8.0,3.2,9.0,H
2285,2006-08-19,2006-07,Bolton,Tottenham,1.2,0.6,13.6,7.0,8.0,1.0,1.0,11.4,6.0,7.0,H
2286,2006-08-19,2006-07,Arsenal,Aston Villa,2.8,1.0,12.4,7.8,13.0,1.6,1.8,10.2,5.6,6.0,D
2287,2006-08-19,2006-07,Newcastle,Wigan,2.2,0.4,10.8,5.8,13.0,1.4,2.4,14.6,7.2,3.0,H
2288,2006-08-20,2006-07,Chelsea,Man City,1.6,0.4,9.6,4.6,9.0,0.6,1.6,12.2,6.0,3.0,H
2289,2006-08-20,2006-07,Man United,Fulham,1.2,0.8,15.8,7.0,8.0,1.4,0.8,9.6,4.4,12.0,H
2292,2006-08-23,2006-07,Man City,Portsmouth,0.6,2.0,12.0,6.0,3.0,1.8,1.4,15.4,9.6,9.0,D
2293,2006-08-23,2006-07,Middlesbrough,Chelsea,0.6,1.2,7.8,4.0,2.0,1.8,0.4,10.6,4.8,9.0,H
2294,2006-08-23,2006-07,Fulham,Bolton,1.2,1.6,10.8,5.2,9.0,1.6,0.6,13.6,7.6,10.0,D
2296,2006-08-23,2006-07,Blackburn,Everton,1.2,1.0,8.6,4.0,9.0,1.0,1.2,11.4,7.0,8.0,D
2297,2006-08-23,2006-07,Charlton,Man United,0.8,2.8,8.0,4.0,3.0,2.2,1.0,14.0,6.2,10.0,A
2298,2006-08-26,2006-07,Charlton,Bolton,0.4,3.2,6.4,2.6,0.0,1.0,0.6,11.8,5.6,8.0,H
2300,2006-08-26,2006-07,Liverpool,West Ham,2.0,0.8,11.0,5.8,13.0,1.6,1.0,11.4,5.6,10.0,H
2301,2006-08-26,2006-07,Man City,Arsenal,0.4,2.0,10.2,5.4,1.0,2.4,1.0,13.0,8.0,11.0,H
2302,2006-08-26,2006-07,Tottenham,Everton,1.0,1.0,11.8,7.0,7.0,1.2,0.8,12.6,7.4,9.0,A
2305,2006-08-27,2006-07,Aston Villa,Newcastle,1.2,1.4,9.8,5.2,7.0,2.0,0.4,10.4,5.8,13.0,H
2306,2006-08-27,2006-07,Blackburn,Chelsea,1.2,0.8,8.2,3.8,10.0,1.4,0.8,9.2,4.2,6.0,A
2307,2006-08-28,2006-07,Middlesbrough,Portsmouth,1.0,1.2,7.4,3.8,5.0,1.6,1.0,13.8,8.8,10.0,A
2308,2006-09-09,2006-07,Portsmouth,Wigan,2.0,0.8,11.2,7.2,10.0,1.0,1.8,14.2,6.8,3.0,H
2309,2006-09-09,2006-07,Newcastle,Fulham,1.2,0.6,10.2,6.0,10.0,1.0,1.6,10.2,4.4,7.0,A
2311,2006-09-09,2006-07,Man United,Tottenham,2.8,0.4,18.4,9.0,13.0,0.8,1.2,13.0,7.0,6.0,H
2312,2006-09-09,2006-07,Chelsea,Charlton,1.2,0.8,9.8,4.8,6.0,0.6,2.4,7.2,3.0,3.0,H
2313,2006-09-09,2006-07,Everton,Liverpool,1.6,0.8,10.4,6.0,11.0,2.2,1.0,13.4,7.0,13.0,H
2315,2006-09-09,2006-07,Arsenal,Middlesbrough,2.2,1.0,14.6,8.0,10.0,1.0,2.0,9.2,4.2,4.0,D
2316,2006-09-10,2006-07,West Ham,Aston Villa,1.6,1.0,10.8,4.8,10.0,1.6,1.2,9.6,5.6,10.0,D
2319,2006-09-16,2006-07,Everton,Wigan,2.0,0.8,10.4,6.4,11.0,1.0,1.8,12.2,5.8,3.0,D
2321,2006-09-16,2006-07,Bolton,Middlesbrough,1.0,0.6,8.4,3.4,10.0,1.0,2.0,8.4,3.8,4.0,D
2322,2006-09-16,2006-07,Charlton,Portsmouth,0.8,2.4,6.4,2.8,3.0,1.8,0.6,9.8,7.0,10.0,A
2323,2006-09-17,2006-07,Blackburn,Man City,0.6,1.2,9.8,3.6,5.0,0.2,1.2,9.4,4.0,4.0,H
2324,2006-09-17,2006-07,Chelsea,Liverpool,1.6,0.8,12.2,5.6,9.0,1.8,1.4,15.0,6.6,10.0,H
2325,2006-09-17,2006-07,Man United,Arsenal,3.0,0.4,17.0,8.8,15.0,1.8,1.2,17.2,9.6,8.0,A
2326,2006-09-17,2006-07,Tottenham,Fulham,0.6,1.4,13.0,7.0,3.0,1.2,1.4,9.8,5.0,10.0,D
2327,2006-09-17,2006-07,West Ham,Newcastle,1.6,1.2,10.2,4.0,8.0,0.8,1.0,10.4,5.6,7.0,A
2328,2006-09-20,2006-07,Liverpool,Newcastle,1.2,1.4,13.8,6.0,7.0,1.2,1.0,12.8,7.4,9.0,H
2329,2006-09-23,2006-07,Middlesbrough,Blackburn,1.0,1.8,10.0,4.6,5.0,1.0,1.6,10.8,4.2,5.0,A
2330,2006-09-23,2006-07,Wigan,Watford,1.2,1.8,11.6,5.8,4.0,0.6,1.2,11.6,6.0,2.0,D
2331,2006-09-23,2006-07,Reading,Man United,1.4,1.2,8.8,4.8,9.0,2.2,0.6,16.4,8.4,12.0,D
2332,2006-09-23,2006-07,Man City,West Ham,0.6,1.6,10.2,4.8,4.0,1.2,1.4,9.8,4.0,5.0,H
2333,2006-09-23,2006-07,Liverpool,Tottenham,1.0,1.2,16.6,7.4,7.0,0.4,1.0,13.8,7.4,4.0,H
2334,2006-09-23,2006-07,Fulham,Chelsea,1.0,1.4,9.8,5.0,8.0,1.8,0.6,11.0,5.2,12.0,A
2335,2006-09-23,2006-07,Aston Villa,Charlton,1.2,0.6,8.8,5.2,9.0,0.8,1.8,8.4,3.2,3.0,H
2336,2006-09-23,2006-07,Arsenal,Sheffield United,1.4,1.0,16.6,8.6,8.0,0.4,1.2,9.6,4.6,2.0,H
2337,2006-09-24,2006-07,Newcastle,Everton,1.0,1.4,11.8,7.0,6.0,2.0,0.8,8.8,4.6,11.0,D
2338,2006-09-25,2006-07,Portsmouth,Bolton,1.8,0.0,11.0,7.2,13.0,0.8,0.6,7.8,2.8,8.0,A
2339,2006-09-30,2006-07,Everton,Man City,1.8,0.8,10.0,5.2,9.0,1.0,1.0,12.6,6.0,7.0,D
2340,2006-09-30,2006-07,Chelsea,Aston Villa,1.6,0.6,11.6,5.4,12.0,1.4,0.4,10.2,5.6,11.0,D
2341,2006-09-30,2006-07,Sheffield United,Middlesbrough,0.2,1.6,9.6,4.8,1.0,0.6,1.4,11.2,5.0,5.0,H
2342,2006-09-30,2006-07,Bolton,Liverpool,0.6,0.6,7.0,2.2,8.0,1.4,1.0,17.0,7.2,9.0,H
2343,2006-09-30,2006-07,Charlton,Arsenal,0.6,1.6,9.2,3.4,3.0,1.2,0.6,16.8,9.4,8.0,A
2344,2006-10-01,2006-07,Blackburn,Wigan,1.2,1.0,11.6,4.2,8.0,1.0,1.2,11.6,6.0,5.0,H
2345,2006-10-01,2006-07,Man United,Newcastle,1.4,0.6,17.0,8.6,10.0,0.8,1.4,14.2,8.0,4.0,H
2346,2006-10-01,2006-07,Tottenham,Portsmouth,0.4,1.2,13.0,6.4,4.0,1.2,0.2,9.4,5.0,10.0,H
2347,2006-10-01,2006-07,West Ham,Reading,0.6,1.6,7.4,3.0,2.0,1.0,1.0,6.6,3.2,7.0,A
2348,2006-10-02,2006-07,Watford,Fulham,0.6,1.0,11.2,5.2,3.0,0.8,0.8,8.8,4.2,8.0,D
2349,2006-10-14,2006-07,Portsmouth,West Ham,1.4,0.6,10.6,6.0,9.0,0.4,1.6,8.4,3.8,1.0,H
2350,2006-10-14,2006-07,Wigan,Man United,1.0,1.2,11.0,5.4,5.0,1.2,0.6,17.6,8.6,10.0,A
2351,2006-10-14,2006-07,Reading,Chelsea,1.0,0.6,6.0,2.8,10.0,1.6,0.4,13.6,6.4,13.0,A
2352,2006-10-14,2006-07,Middlesbrough,Everton,0.4,1.6,10.8,5.0,2.0,1.8,0.8,10.8,6.4,9.0,H
2353,2006-10-14,2006-07,Aston Villa,Tottenham,1.2,0.4,9.8,5.4,9.0,0.4,1.4,11.0,5.0,4.0,D
2354,2006-10-14,2006-07,Liverpool,Blackburn,1.0,1.2,15.8,6.8,6.0,1.4,1.0,12.0,4.8,10.0,D
2355,2006-10-14,2006-07,Man City,Sheffield United,1.2,1.2,13.6,6.4,7.0,0.6,1.4,11.0,5.6,4.0,D
2356,2006-10-14,2006-07,Arsenal,Watford,1.4,0.6,17.2,9.6,10.0,1.0,1.4,10.8,5.2,3.0,H
2357,2006-10-15,2006-07,Newcastle,Bolton,0.8,1.4,13.2,7.6,4.0,0.8,0.4,7.0,2.6,10.0,A
2358,2006-10-16,2006-07,Fulham,Charlton,1.2,1.2,8.4,4.0,8.0,0.8,1.4,9.6,4.2,3.0,H
2359,2006-10-21,2006-07,Everton,Sheffield United,1.6,1.2,12.0,7.6,6.0,0.6,1.2,10.6,6.0,5.0,H
2360,2006-10-21,2006-07,Chelsea,Portsmouth,1.4,0.4,12.2,5.6,13.0,1.0,0.6,12.2,5.8,9.0,H
2361,2006-10-21,2006-07,Wigan,Man City,1.0,1.8,9.2,4.8,2.0,1.0,1.2,14.4,7.0,5.0,H
2362,2006-10-21,2006-07,Aston Villa,Fulham,1.0,0.6,10.4,5.2,7.0,1.4,1.4,8.6,4.2,8.0,D
2363,2006-10-21,2006-07,Charlton,Watford,0.6,1.8,9.8,3.8,0.0,0.8,1.6,11.0,4.4,3.0,D
2364,2006-10-22,2006-07,Blackburn,Bolton,1.6,0.8,10.6,4.8,11.0,1.2,0.2,7.0,3.2,13.0,A
2365,2006-10-22,2006-07,Man United,Liverpool,1.4,0.6,16.2,7.6,10.0,1.2,0.8,15.2,7.6,7.0,H
2366,2006-10-22,2006-07,Middlesbrough,Newcastle,0.8,1.0,8.8,4.6,5.0,0.8,1.4,12.2,6.8,4.0,H
2367,2006-10-22,2006-07,Reading,Arsenal,1.0,0.6,6.0,2.2,10.0,2.0,0.4,16.8,9.8,13.0,A
2368,2006-10-22,2006-07,Tottenham,West Ham,0.6,1.2,10.0,4.8,5.0,0.2,1.6,8.0,3.8,1.0,H
2369,2006-10-28,2006-07,Portsmouth,Reading,1.0,1.0,12.4,4.6,6.0,0.8,1.4,4.2,1.0,7.0,H
2370,2006-10-28,2006-07,Sheffield United,Chelsea,0.6,1.6,9.8,5.0,4.0,1.4,0.4,13.6,8.0,13.0,A
2371,2006-10-28,2006-07,Watford,Tottenham,0.8,1.4,9.6,3.8,4.0,0.8,1.0,10.8,5.0,8.0,D
2372,2006-10-28,2006-07,Newcastle,Charlton,0.4,1.6,11.6,5.8,1.0,0.4,1.4,12.4,5.0,1.0,D
2373,2006-10-28,2006-07,Bolton,Man United,1.2,0.2,7.2,4.2,13.0,1.6,0.6,16.2,8.2,10.0,A
2374,2006-10-28,2006-07,Fulham,Wigan,1.2,1.4,8.0,3.6,6.0,1.8,1.6,9.4,4.8,5.0,A
2375,2006-10-28,2006-07,Arsenal,Everton,2.6,0.2,16.0,9.2,15.0,1.4,1.2,13.0,7.4,6.0,D
2376,2006-10-28,2006-07,Liverpool,Aston Villa,1.2,1.0,16.0,7.4,7.0,1.0,0.6,9.0,4.2,7.0,H
2377,2006-10-29,2006-07,West Ham,Blackburn,0.0,1.6,7.6,4.0,0.0,1.6,1.0,13.0,6.8,10.0,H
2378,2006-10-30,2006-07,Man City,Middlesbrough,1.0,1.8,13.2,6.2,5.0,0.8,0.8,12.4,6.0,7.0,H
2379,2006-11-04,2006-07,Bolton,Wigan,1.2,1.0,6.2,4.2,12.0,1.6,1.2,10.4,4.8,7.0,A
2380,2006-11-04,2006-07,Charlton,Man City,0.4,1.2,10.4,4.8,2.0,0.8,1.0,13.0,5.6,8.0,H
2381,2006-11-04,2006-07,Fulham,Everton,1.2,1.6,7.2,3.2,5.0,1.2,1.0,10.6,6.0,6.0,H
2382,2006-11-04,2006-07,Liverpool,Reading,1.4,1.2,15.4,6.4,7.0,0.6,1.8,4.2,1.4,4.0,H
2383,2006-11-04,2006-07,Man United,Portsmouth,2.4,0.4,15.8,8.4,13.0,1.4,1.2,13.6,6.0,6.0,H
2384,2006-11-04,2006-07,Newcastle,Sheffield United,0.4,1.2,13.4,6.6,2.0,0.4,1.6,8.2,4.0,4.0,A
2385,2006-11-04,2006-07,Watford,Middlesbrough,0.8,1.4,9.0,3.2,4.0,0.8,1.0,10.4,4.6,6.0,H
2386,2006-11-05,2006-07,West Ham,Arsenal,0.4,1.4,7.4,3.6,3.0,2.6,0.4,18.4,10.2,13.0,H
2387,2006-11-05,2006-07,Tottenham,Chelsea,0.8,1.0,9.4,5.0,8.0,1.6,0.4,14.8,8.8,13.0,H
2388,2006-11-05,2006-07,Aston Villa,Blackburn,1.2,1.2,8.6,4.4,6.0,1.0,1.0,13.4,7.2,7.0,H
2389,2006-11-11,2006-07,Blackburn,Man United,0.8,1.4,11.8,6.4,4.0,2.8,0.2,15.8,9.0,15.0,A
2390,2006-11-11,2006-07,Chelsea,Watford,1.4,0.8,15.6,9.8,10.0,1.0,1.2,9.8,3.6,6.0,H
2391,2006-11-11,2006-07,Everton,Aston Villa,1.0,1.0,9.2,5.6,5.0,1.2,1.2,7.8,4.4,6.0,A
2392,2006-11-11,2006-07,Man City,Newcastle,0.4,1.2,12.6,5.8,5.0,0.2,1.2,11.4,4.6,1.0,D
2393,2006-11-11,2006-07,Middlesbrough,West Ham,0.8,1.2,8.8,3.6,6.0,0.6,1.0,8.8,4.6,6.0,H
2394,2006-11-11,2006-07,Portsmouth,Fulham,1.4,1.6,12.6,6.0,6.0,1.4,1.2,6.8,3.0,8.0,D
2395,2006-11-11,2006-07,Sheffield United,Bolton,0.6,1.0,9.6,4.4,7.0,1.0,1.2,8.0,4.6,9.0,D
2396,2006-11-11,2006-07,Wigan,Charlton,1.6,1.0,10.6,4.6,9.0,0.6,0.8,12.4,6.4,5.0,H
2397,2006-11-12,2006-07,Reading,Tottenham,0.4,2.0,4.6,1.6,3.0,1.2,0.6,10.0,5.4,11.0,H
2398,2006-11-12,2006-07,Arsenal,Liverpool,2.0,0.6,17.8,9.0,10.0,1.2,1.2,16.8,7.2,7.0,H
2399,2006-11-18,2006-07,Sheffield United,Man United,0.6,1.2,8.6,3.8,5.0,2.6,0.2,13.8,8.2,15.0,A
2400,2006-11-18,2006-07,Arsenal,Newcastle,2.2,0.4,15.0,8.0,10.0,0.2,0.8,12.4,4.6,2.0,D
2401,2006-11-18,2006-07,Chelsea,West Ham,2.0,0.6,14.8,9.4,12.0,0.6,1.0,8.4,4.4,6.0,H
2402,2006-11-18,2006-07,Everton,Bolton,0.8,1.0,8.4,4.4,4.0,1.0,1.6,8.4,4.8,7.0,H
2403,2006-11-18,2006-07,Man City,Fulham,0.2,1.0,13.4,6.4,5.0,1.0,0.8,6.4,3.2,8.0,H
2404,2006-11-18,2006-07,Middlesbrough,Liverpool,0.8,0.8,9.6,4.8,9.0,1.2,1.4,16.2,6.8,7.0,D
2405,2006-11-18,2006-07,Portsmouth,Watford,1.4,1.4,15.4,7.2,7.0,0.4,1.4,8.4,3.0,5.0,H
2406,2006-11-18,2006-07,Reading,Charlton,0.8,2.2,5.8,2.2,3.0,0.8,1.0,11.8,6.0,5.0,H
2407,2006-11-19,2006-07,Wigan,Aston Villa,2.0,1.0,10.0,4.4,12.0,1.2,1.0,9.4,5.2,8.0,D
2408,2006-11-19,2006-07,Blackburn,Tottenham,0.4,1.4,11.2,5.6,1.0,1.0,1.0,10.2,4.8,8.0,D
2409,2006-11-25,2006-07,Aston Villa,Middlesbrough,1.0,0.8,8.4,4.6,8.0,0.4,0.6,8.0,3.8,7.0,D
2410,2006-11-25,2006-07,Bolton,Arsenal,0.6,1.6,9.6,4.2,4.0,1.8,0.6,16.6,8.6,8.0,H
2411,2006-11-25,2006-07,Charlton,Everton,0.6,1.0,10.6,5.8,5.0,0.8,0.6,7.8,3.2,7.0,D
2412,2006-11-25,2006-07,Fulham,Reading,0.8,1.2,5.6,2.4,5.0,1.2,2.0,7.0,3.0,6.0,A
2413,2006-11-25,2006-07,Liverpool,Man City,1.0,1.2,16.0,7.0,7.0,0.8,1.2,13.6,6.6,7.0,H
2414,2006-11-25,2006-07,West Ham,Sheffield United,0.6,0.8,8.6,4.0,6.0,0.8,1.6,8.2,3.8,4.0,H
2415,2006-11-26,2006-07,Newcastle,Portsmouth,0.2,0.6,10.8,4.2,3.0,1.4,1.6,15.2,8.2,7.0,H
2416,2006-11-26,2006-07,Tottenham,Wigan,1.0,1.0,10.8,4.8,8.0,1.8,0.4,11.6,5.0,13.0,H
2417,2006-11-26,2006-07,Man United,Chelsea,2.4,0.2,15.8,10.2,15.0,2.0,0.6,17.2,10.4,12.0,D
2418,2006-11-28,2006-07,Watford,Sheffield United,0.6,1.2,8.2,3.2,5.0,0.8,1.4,8.8,4.0,4.0,A
2419,2006-11-29,2006-07,Aston Villa,Man City,1.0,0.8,10.0,5.2,8.0,0.8,0.6,13.0,6.2,7.0,A
2420,2006-11-29,2006-07,Bolton,Chelsea,1.0,1.8,10.0,4.4,4.0,1.8,0.6,14.6,8.2,10.0,A
2421,2006-11-29,2006-07,Fulham,Arsenal,0.6,1.2,6.6,2.8,4.0,1.2,1.2,16.2,8.2,5.0,H
2422,2006-11-29,2006-07,Liverpool,Portsmouth,1.2,0.8,15.8,7.2,10.0,1.2,1.4,14.6,8.4,7.0,D
2423,2006-11-29,2006-07,Man United,Everton,2.2,0.4,15.4,9.6,13.0,0.6,0.8,7.0,3.4,5.0,H
2424,2006-12-02,2006-07,Sheffield United,Charlton,1.0,1.0,11.0,5.0,7.0,0.8,1.2,10.6,5.8,5.0,H
2425,2006-12-02,2006-07,Wigan,Liverpool,1.2,1.0,11.2,5.0,10.0,0.6,0.6,15.0,6.8,8.0,A
2426,2006-12-02,2006-07,Reading,Bolton,1.4,1.2,8.0,3.2,9.0,1.0,1.2,10.2,4.4,4.0,H
2427,2006-12-02,2006-07,Arsenal,Tottenham,1.2,1.4,12.4,6.2,4.0,1.4,1.2,10.4,5.0,8.0,H
2428,2006-12-02,2006-07,Middlesbrough,Man United,0.4,0.8,6.0,3.0,5.0,2.0,0.4,16.0,8.8,13.0,A
2429,2006-12-02,2006-07,Blackburn,Fulham,0.4,1.4,11.4,5.6,1.0,1.0,1.2,8.4,4.0,7.0,H
2430,2006-12-02,2006-07,Portsmouth,Aston Villa,0.6,1.2,11.6,6.2,5.0,1.0,0.8,9.8,5.0,8.0,D
2431,2006-12-03,2006-07,Everton,West Ham,0.4,1.2,8.0,3.8,4.0,0.8,0.6,10.0,5.0,9.0,H
2432,2006-12-04,2006-07,Man City,Watford,1.2,0.8,12.4,6.8,7.0,0.6,1.4,8.4,3.8,4.0,D
2433,2006-12-05,2006-07,Charlton,Blackburn,1.0,1.6,10.6,5.8,4.0,0.8,1.2,8.6,4.6,4.0,H
2434,2006-12-05,2006-07,Tottenham,Middlesbrough,1.4,1.8,9.6,4.2,7.0,0.6,1.0,7.8,4.0,5.0,H
2435,2006-12-06,2006-07,Newcastle,Reading,0.4,0.4,10.8,5.4,6.0,1.4,0.6,8.4,3.0,12.0,H
2436,2006-12-06,2006-07,West Ham,Wigan,0.4,0.8,11.4,6.2,6.0,1.0,1.8,11.2,4.8,7.0,A
2437,2006-12-09,2006-07,Watford,Reading,0.6,1.4,7.8,4.2,4.0,1.8,0.8,10.2,3.6,12.0,D
2438,2006-12-09,2006-07,Portsmouth,Everton,1.0,1.0,13.6,6.4,6.0,0.8,1.0,8.6,4.2,7.0,H
2439,2006-12-09,2006-07,Middlesbrough,Wigan,0.8,1.0,8.0,4.2,5.0,1.2,1.8,11.2,5.0,7.0,D
2440,2006-12-09,2006-07,Tottenham,Charlton,1.4,1.8,12.4,5.8,7.0,1.0,1.6,9.6,5.6,4.0,H
2441,2006-12-09,2006-07,Liverpool,Fulham,1.0,0.6,12.6,6.0,8.0,0.8,1.6,8.2,3.8,4.0,H
2442,2006-12-09,2006-07,Bolton,West Ham,1.0,1.2,10.0,4.8,4.0,0.2,1.2,11.8,6.4,3.0,H
2443,2006-12-09,2006-07,Blackburn,Newcastle,0.6,1.0,7.0,3.8,4.0,1.0,0.8,9.6,5.0,8.0,A
2444,2006-12-09,2006-07,Man United,Man City,1.8,0.6,14.6,8.0,13.0,1.2,0.6,12.2,7.4,8.0,H
2445,2006-12-10,2006-07,Chelsea,Arsenal,1.6,0.6,15.8,8.8,10.0,1.8,1.2,11.4,6.2,7.0,D
2446,2006-12-11,2006-07,Sheffield United,Aston Villa,1.2,1.2,13.8,5.8,7.0,1.0,1.2,9.8,4.8,6.0,D
2447,2006-12-13,2006-07,Chelsea,Newcastle,1.6,0.4,16.4,8.2,11.0,1.6,0.8,10.6,6.0,11.0,H
2448,2006-12-13,2006-07,Wigan,Arsenal,0.8,1.6,11.2,4.6,5.0,1.4,1.4,12.2,5.6,5.0,A
2449,2006-12-16,2006-07,Wigan,Sheffield United,0.8,1.8,11.4,5.0,4.0,1.2,1.2,15.4,7.0,7.0,A
2450,2006-12-16,2006-07,Reading,Blackburn,1.2,0.6,9.8,3.0,10.0,0.8,1.2,8.6,4.6,4.0,A
2451,2006-12-16,2006-07,Newcastle,Watford,1.6,1.0,10.2,5.6,10.0,0.2,1.4,6.6,4.0,2.0,H
2452,2006-12-16,2006-07,Aston Villa,Bolton,1.2,1.6,7.8,4.0,4.0,1.4,0.8,12.2,6.0,6.0,A
2453,2006-12-16,2006-07,Arsenal,Portsmouth,1.4,1.2,9.4,4.2,7.0,1.2,0.8,11.6,5.6,8.0,D
2454,2006-12-16,2006-07,Charlton,Liverpool,0.8,2.0,10.6,5.4,4.0,1.8,0.0,17.0,9.0,11.0,A
2455,2006-12-17,2006-07,Everton,Chelsea,0.8,1.2,9.0,4.4,7.0,1.0,0.4,16.6,8.2,11.0,A
2456,2006-12-17,2006-07,Man City,Tottenham,1.4,1.2,12.2,7.2,7.0,2.2,1.4,13.2,7.0,10.0,A
2457,2006-12-17,2006-07,West Ham,Man United,0.2,1.8,10.2,5.2,3.0,2.2,0.8,15.8,8.8,13.0,H
2458,2006-12-18,2006-07,Fulham,Middlesbrough,0.6,2.2,7.8,3.6,3.0,0.8,1.2,8.4,4.0,3.0,H
2459,2006-12-23,2006-07,Reading,Everton,1.0,1.0,9.6,3.2,7.0,1.0,1.8,7.8,4.2,4.0,A
2460,2006-12-23,2006-07,Newcastle,Tottenham,1.8,1.0,12.0,6.6,12.0,2.4,1.4,12.8,7.4,12.0,H
2461,2006-12-23,2006-07,Wigan,Chelsea,0.6,1.4,12.2,5.2,4.0,1.4,0.8,16.4,8.2,11.0,A
2462,2006-12-23,2006-07,Middlesbrough,Charlton,1.0,1.6,11.4,5.8,2.0,0.8,2.2,11.2,5.4,4.0,H
2463,2006-12-23,2006-07,Portsmouth,Sheffield United,1.2,1.0,9.6,4.4,6.0,1.2,0.8,16.6,7.8,10.0,H
2464,2006-12-23,2006-07,Liverpool,Watford,2.4,0.0,18.0,9.0,13.0,0.4,1.0,8.4,5.4,2.0,H
2465,2006-12-23,2006-07,Arsenal,Blackburn,1.6,1.0,9.4,4.4,8.0,1.2,1.2,8.8,5.2,7.0,H
2466,2006-12-23,2006-07,Aston Villa,Man United,1.2,1.8,9.4,5.2,3.0,1.8,0.8,15.2,8.0,10.0,A
2467,2006-12-23,2006-07,Man City,Bolton,1.0,1.4,11.2,6.6,4.0,1.6,0.6,11.0,6.2,9.0,A
2468,2006-12-23,2006-07,Fulham,West Ham,0.8,1.8,8.6,4.4,6.0,0.4,1.6,10.8,5.8,6.0,D
2469,2006-12-26,2006-07,Blackburn,Liverpool,1.4,2.2,9.8,6.0,6.0,2.6,0.0,18.6,9.8,13.0,H
2470,2006-12-26,2006-07,Bolton,Newcastle,1.4,0.4,10.8,5.2,9.0,2.2,1.2,11.8,6.4,12.0,H
2471,2006-12-26,2006-07,Chelsea,Reading,1.8,1.0,15.4,7.8,13.0,0.8,1.4,10.2,4.2,4.0,D
2472,2006-12-26,2006-07,Everton,Middlesbrough,1.2,1.6,8.0,4.4,6.0,1.2,1.4,12.8,6.8,4.0,D
2473,2006-12-26,2006-07,Man United,Wigan,2.2,0.6,16.4,9.0,12.0,1.0,1.2,12.0,5.2,4.0,H
2474,2006-12-26,2006-07,Sheffield United,Man City,1.4,1.2,16.2,8.0,10.0,1.0,1.6,11.0,6.8,4.0,A
2475,2006-12-26,2006-07,Tottenham,Aston Villa,2.0,1.8,14.0,7.4,9.0,1.0,2.2,9.4,5.0,2.0,H
2476,2006-12-26,2006-07,Watford,Arsenal,0.2,1.0,8.2,5.4,2.0,2.6,1.0,11.6,6.4,11.0,A
2477,2006-12-26,2006-07,West Ham,Portsmouth,0.2,1.6,11.0,5.2,4.0,1.8,1.0,10.8,5.2,9.0,A
2478,2006-12-27,2006-07,Charlton,Fulham,0.6,2.4,9.6,5.0,3.0,0.8,1.6,8.8,5.0,7.0,D
2479,2006-12-30,2006-07,West Ham,Man City,0.4,1.6,10.6,4.4,4.0,0.6,1.4,11.0,6.8,4.0,A
2480,2006-12-30,2006-07,Tottenham,Liverpool,2.4,1.4,15.0,8.6,12.0,2.6,0.2,19.2,11.4,12.0,A
2481,2006-12-30,2006-07,Sheffield United,Arsenal,1.2,1.4,16.6,9.2,7.0,2.4,1.2,13.6,7.0,11.0,H
2482,2006-12-30,2006-07,Everton,Newcastle,1.2,1.0,8.6,4.4,7.0,1.8,1.2,11.0,5.8,9.0,H
2483,2006-12-30,2006-07,Man United,Reading,2.2,0.8,16.2,9.4,12.0,1.0,1.8,9.4,3.8,2.0,H
2484,2006-12-30,2006-07,Charlton,Aston Villa,0.8,2.4,10.4,5.6,4.0,1.0,2.0,10.0,5.6,2.0,H
2485,2006-12-30,2006-07,Bolton,Portsmouth,1.8,0.4,11.0,6.0,12.0,2.2,1.2,12.6,6.2,11.0,H
2486,2006-12-30,2006-07,Blackburn,Middlesbrough,1.2,2.2,9.4,5.6,6.0,1.0,1.0,11.6,6.2,5.0,H
2487,2006-12-30,2006-07,Chelsea,Fulham,2.0,1.4,15.4,6.8,11.0,0.8,1.8,9.2,5.4,5.0,D
2488,2007-01-01,2006-07,Newcastle,Man United,1.2,1.6,9.2,4.8,6.0,2.4,1.0,19.6,10.4,12.0,D
2489,2007-01-01,2006-07,Fulham,Watford,1.2,1.8,10.6,6.2,6.0,0.4,1.2,7.6,4.8,2.0,D
2490,2007-01-01,2006-07,Liverpool,Bolton,2.0,0.2,19.4,11.2,12.0,2.4,0.6,11.0,6.0,15.0,H
2491,2007-01-01,2006-07,Man City,Everton,0.8,1.4,9.6,5.4,6.0,1.4,1.0,10.2,5.2,7.0,H
2492,2007-01-01,2006-07,Middlesbrough,Sheffield United,1.0,1.0,12.0,6.6,5.0,1.0,1.2,13.6,8.2,7.0,H
2493,2007-01-01,2006-07,Portsmouth,Tottenham,2.2,1.4,11.8,6.4,10.0,2.0,1.4,12.4,7.0,9.0,D
2494,2007-01-01,2006-07,Reading,West Ham,1.0,1.8,8.0,3.4,2.0,0.4,1.4,10.4,4.4,4.0,H
2495,2007-01-01,2006-07,Wigan,Blackburn,0.8,1.8,11.4,5.0,1.0,1.6,2.2,11.2,6.4,9.0,A
2496,2007-01-02,2006-07,Arsenal,Charlton,2.2,1.2,13.2,7.0,10.0,1.0,2.6,10.6,5.2,4.0,H
2497,2007-01-02,2006-07,Aston Villa,Chelsea,0.8,2.0,9.6,5.2,1.0,2.2,1.6,14.4,6.2,11.0,D
2498,2007-01-13,2006-07,Watford,Liverpool,0.4,1.2,9.0,5.0,2.0,1.8,0.2,16.8,9.2,12.0,A
2499,2007-01-13,2006-07,West Ham,Fulham,0.4,1.8,11.6,4.8,4.0,1.2,1.0,12.8,6.4,7.0,D
2500,2007-01-13,2006-07,Man United,Aston Villa,2.2,1.2,19.6,9.8,10.0,0.4,1.6,9.0,4.6,1.0,H
2501,2007-01-13,2006-07,Sheffield United,Portsmouth,0.8,1.4,11.6,6.8,6.0,2.0,1.6,12.2,6.6,8.0,D
2502,2007-01-13,2006-07,Charlton,Middlesbrough,0.8,2.4,9.0,5.0,4.0,1.4,1.0,12.0,6.6,7.0,A
2503,2007-01-13,2006-07,Blackburn,Arsenal,2.0,1.6,10.2,6.0,12.0,2.8,1.2,14.6,8.4,10.0,A
2504,2007-01-13,2006-07,Chelsea,Wigan,2.0,1.6,15.8,7.0,9.0,0.6,2.2,12.6,5.4,0.0,H
2505,2007-01-13,2006-07,Bolton,Man City,1.6,1.2,7.8,4.0,12.0,1.0,1.0,8.8,5.4,9.0,D
2506,2007-01-14,2006-07,Everton,Reading,1.6,1.0,10.8,5.2,7.0,2.2,1.8,10.4,5.0,4.0,D
2507,2007-01-14,2006-07,Tottenham,Newcastle,1.2,1.4,11.6,6.6,7.0,1.6,1.8,9.6,6.2,7.0,A
2508,2007-01-20,2006-07,Aston Villa,Watford,0.6,2.0,7.4,3.8,1.0,0.4,1.8,9.0,4.8,1.0,H
2509,2007-01-20,2006-07,Fulham,Tottenham,1.4,1.4,12.4,6.4,5.0,1.2,1.8,14.4,8.6,4.0,D
2510,2007-01-20,2006-07,Liverpool,Chelsea,1.8,0.2,16.8,9.8,12.0,2.2,1.2,14.6,6.4,9.0,H
2511,2007-01-20,2006-07,Middlesbrough,Bolton,1.8,0.8,11.2,6.4,10.0,1.4,1.2,8.0,4.2,10.0,H
2512,2007-01-20,2006-07,Newcastle,West Ham,1.8,2.0,9.8,6.4,7.0,0.8,2.4,11.6,5.4,2.0,D
2513,2007-01-20,2006-07,Portsmouth,Charlton,1.8,1.4,13.4,6.8,8.0,1.0,2.4,10.8,6.4,4.0,A
2514,2007-01-20,2006-07,Reading,Sheffield United,2.2,1.6,9.8,4.6,5.0,0.8,1.6,10.6,6.0,4.0,H
2515,2007-01-20,2006-07,Man City,Blackburn,0.8,0.6,8.2,4.6,10.0,1.6,1.8,10.8,6.0,9.0,A
2516,2007-01-21,2006-07,Arsenal,Man United,2.8,0.8,13.0,7.6,12.0,2.8,1.2,21.2,11.0,13.0,H
2517,2007-01-21,2006-07,Wigan,Everton,0.6,2.8,10.0,4.2,0.0,1.4,0.6,13.0,6.4,8.0,A
2518,2007-01-23,2006-07,Watford,Blackburn,0.2,1.8,9.0,4.4,1.0,1.8,0.6,11.0,5.6,12.0,H
2519,2007-01-30,2006-07,West Ham,Liverpool,1.2,2.8,11.4,6.0,2.0,1.8,0.2,17.2,9.4,12.0,A
2520,2007-01-30,2006-07,Sheffield United,Fulham,0.8,1.6,9.2,5.0,4.0,1.6,1.6,12.0,5.6,5.0,H
2521,2007-01-30,2006-07,Reading,Wigan,2.8,1.4,11.0,5.2,8.0,0.6,3.0,9.8,4.2,0.0,H
2522,2007-01-30,2006-07,Portsmouth,Middlesbrough,1.2,1.4,12.6,6.2,5.0,2.4,1.0,10.0,5.6,10.0,D
2523,2007-01-31,2006-07,Bolton,Charlton,1.2,2.2,8.4,4.6,7.0,1.2,2.0,10.8,6.2,7.0,D
2524,2007-01-31,2006-07,Chelsea,Blackburn,1.6,1.2,15.2,6.0,6.0,1.8,1.0,12.4,5.4,9.0,H
2525,2007-01-31,2006-07,Man United,Watford,2.4,1.6,20.4,10.2,10.0,0.6,1.6,10.6,5.0,4.0,H
2526,2007-01-31,2006-07,Newcastle,Aston Villa,1.6,2.2,10.2,6.0,5.0,1.0,1.4,8.6,4.4,4.0,H
2527,2007-02-03,2006-07,Fulham,Newcastle,1.2,1.6,10.4,3.8,4.0,2.0,2.0,9.8,5.8,8.0,H
2528,2007-02-03,2006-07,Aston Villa,West Ham,1.0,1.6,9.6,4.8,4.0,1.2,2.8,11.2,5.8,2.0,H
2529,2007-02-03,2006-07,Blackburn,Sheffield United,1.4,1.4,10.8,4.8,6.0,1.2,1.4,8.6,4.0,7.0,H
2530,2007-02-03,2006-07,Charlton,Chelsea,1.0,1.8,9.2,5.2,7.0,1.8,0.8,15.6,8.0,8.0,A
2531,2007-02-03,2006-07,Liverpool,Everton,2.2,0.2,16.6,8.8,15.0,1.4,0.6,12.6,6.0,8.0,D
2532,2007-02-03,2006-07,Man City,Reading,0.8,0.8,9.8,5.8,10.0,3.0,1.4,13.6,7.4,10.0,A
2533,2007-02-03,2006-07,Middlesbrough,Arsenal,2.4,1.0,9.2,5.8,10.0,2.0,0.6,13.0,7.4,12.0,D
2534,2007-02-03,2006-07,Watford,Bolton,0.4,2.0,9.8,4.6,4.0,1.0,2.2,8.8,4.6,5.0,A
2535,2007-02-03,2006-07,Wigan,Portsmouth,0.6,3.0,11.2,5.8,0.0,0.8,1.2,13.2,5.8,3.0,H
2536,2007-02-04,2006-07,Tottenham,Man United,1.2,1.4,12.8,8.2,5.0,2.6,1.4,21.2,10.6,10.0,A
2537,2007-02-10,2006-07,Reading,Aston Villa,3.0,0.8,13.6,7.4,13.0,1.0,1.2,11.8,5.6,7.0,H
2538,2007-02-10,2006-07,Sheffield United,Tottenham,1.2,1.8,8.6,4.0,4.0,0.8,2.0,12.4,7.2,2.0,H
2539,2007-02-10,2006-07,Portsmouth,Man City,0.4,0.8,11.4,5.2,3.0,0.6,1.2,10.8,5.6,7.0,H
2540,2007-02-10,2006-07,West Ham,Watford,1.2,2.8,10.2,5.0,2.0,0.4,2.2,8.6,4.2,3.0,A
2541,2007-02-10,2006-07,Man United,Charlton,2.8,1.0,18.0,9.6,10.0,0.6,1.8,8.0,4.6,4.0,H
2542,2007-02-10,2006-07,Chelsea,Middlesbrough,1.6,0.4,16.0,8.8,10.0,2.4,0.8,8.2,5.0,11.0,H
2543,2007-02-10,2006-07,Newcastle,Liverpool,2.2,1.8,10.0,6.0,8.0,2.0,0.2,19.6,9.8,13.0,H
2544,2007-02-10,2006-07,Everton,Blackburn,1.4,0.6,11.8,6.0,8.0,1.2,1.6,11.4,5.0,6.0,H
2545,2007-02-11,2006-07,Arsenal,Wigan,1.8,0.6,12.0,6.6,10.0,0.6,2.4,13.0,6.8,3.0,H
2546,2007-02-11,2006-07,Bolton,Fulham,0.6,1.8,7.8,4.0,5.0,1.2,1.4,11.2,4.4,6.0,H
2547,2007-02-21,2006-07,Everton,Tottenham,1.0,0.6,11.6,5.8,8.0,1.0,2.2,11.8,6.8,2.0,A
2548,2007-02-21,2006-07,Watford,Wigan,0.6,1.6,8.6,4.4,6.0,0.8,2.2,11.8,6.2,3.0,D
2549,2007-02-24,2006-07,Charlton,West Ham,0.6,1.4,8.8,4.6,4.0,1.2,1.8,13.0,6.4,2.0,H
2550,2007-02-24,2006-07,Liverpool,Sheffield United,1.6,0.6,18.4,9.8,10.0,1.4,1.4,10.6,4.4,7.0,H
2551,2007-02-24,2006-07,Middlesbrough,Reading,1.8,1.2,6.2,3.6,8.0,2.2,0.8,12.4,7.4,13.0,H
2552,2007-02-24,2006-07,Watford,Everton,0.8,1.4,8.4,4.4,7.0,1.0,0.6,10.6,5.4,8.0,A
2553,2007-02-24,2006-07,Fulham,Man United,1.4,1.8,9.4,4.8,5.0,2.8,0.6,17.6,10.2,12.0,A
2554,2007-02-25,2006-07,Blackburn,Portsmouth,1.2,1.4,10.4,4.4,6.0,0.6,0.8,11.8,5.4,5.0,H
2555,2007-02-25,2006-07,Tottenham,Bolton,1.2,2.2,11.6,6.2,4.0,1.0,1.4,9.0,4.8,8.0,H
2556,2007-02-25,2006-07,Wigan,Newcastle,1.0,1.6,14.6,8.6,4.0,2.2,1.6,9.8,5.0,10.0,H
2557,2007-03-03,2006-07,Watford,Charlton,0.4,1.8,7.6,3.6,4.0,1.2,0.8,8.0,3.8,7.0,D
2558,2007-03-03,2006-07,Portsmouth,Chelsea,0.4,1.2,11.8,5.4,4.0,2.2,0.4,14.6,7.4,12.0,A
2559,2007-03-03,2006-07,Sheffield United,Everton,1.2,2.0,10.6,4.2,6.0,1.4,0.4,10.4,5.0,10.0,D
2560,2007-03-03,2006-07,Newcastle,Middlesbrough,1.6,1.4,8.4,4.0,7.0,1.6,1.2,5.6,3.0,8.0,D
2561,2007-03-03,2006-07,Liverpool,Man United,1.8,0.6,15.6,8.0,10.0,2.6,0.6,15.4,8.4,12.0,A
2562,2007-03-03,2006-07,Fulham,Aston Villa,1.0,1.6,10.8,4.8,4.0,1.0,1.6,14.4,6.6,6.0,D
2563,2007-03-03,2006-07,Arsenal,Reading,2.2,0.6,12.2,6.4,13.0,2.2,1.0,13.0,7.6,12.0,H
2564,2007-03-03,2006-07,Man City,Wigan,0.6,1.6,10.6,5.2,4.0,1.2,1.2,13.4,8.2,7.0,A
2565,2007-03-04,2006-07,Bolton,Blackburn,1.2,2.2,9.4,5.2,7.0,1.2,1.4,10.6,5.6,6.0,A
2566,2007-03-04,2006-07,West Ham,Tottenham,0.6,2.0,13.2,6.6,1.0,1.6,1.8,9.4,4.8,7.0,A
2567,2007-03-14,2006-07,Aston Villa,Arsenal,1.0,1.2,14.8,6.4,7.0,1.8,0.8,12.2,6.2,13.0,A
2568,2007-03-14,2006-07,Man City,Chelsea,0.2,1.6,9.2,4.4,1.0,1.8,0.4,14.2,7.2,12.0,A
2569,2007-03-17,2006-07,Wigan,Fulham,1.0,0.6,11.0,6.4,10.0,1.0,1.6,11.6,5.6,4.0,D
2570,2007-03-17,2006-07,Tottenham,Watford,2.2,2.2,10.0,5.4,9.0,0.8,1.4,10.0,5.4,5.0,H
2571,2007-03-17,2006-07,Reading,Portsmouth,1.8,1.2,11.0,6.4,9.0,0.4,1.4,11.6,5.8,4.0,D
2572,2007-03-17,2006-07,Man United,Bolton,2.6,0.2,14.4,7.8,15.0,1.2,1.6,10.2,6.2,7.0,H
2573,2007-03-17,2006-07,Chelsea,Sheffield United,2.0,0.0,13.0,7.2,15.0,1.2,1.6,11.4,5.2,7.0,H
2574,2007-03-17,2006-07,Blackburn,West Ham,1.4,1.2,9.6,5.4,9.0,0.8,2.4,13.2,6.4,0.0,A
2575,2007-03-17,2006-07,Middlesbrough,Man City,0.6,1.0,5.0,2.8,6.0,0.2,1.8,9.4,4.8,0.0,A
2576,2007-03-18,2006-07,Aston Villa,Liverpool,0.6,1.4,13.6,6.4,4.0,1.4,0.8,15.2,8.0,7.0,D
2577,2007-03-18,2006-07,Charlton,Newcastle,1.4,1.2,9.0,3.8,5.0,1.2,1.0,7.8,4.2,7.0,H
2578,2007-03-18,2006-07,Everton,Arsenal,1.2,0.6,10.2,4.4,8.0,1.6,0.8,13.0,6.4,13.0,H
2579,2007-03-31,2006-07,West Ham,Middlesbrough,1.0,2.2,12.6,6.6,3.0,0.6,1.4,6.6,3.2,5.0,H
2580,2007-03-31,2006-07,Watford,Chelsea,1.0,1.8,9.0,5.2,5.0,2.0,0.0,12.0,5.8,15.0,A
2581,2007-03-31,2006-07,Newcastle,Man City,0.6,1.2,8.6,4.6,4.0,0.6,1.2,9.6,4.6,3.0,A
2582,2007-03-31,2006-07,Man United,Blackburn,2.6,0.4,13.2,7.2,15.0,1.6,1.0,10.2,5.2,9.0,H
2583,2007-03-31,2006-07,Fulham,Portsmouth,1.0,1.2,10.8,5.6,5.0,0.4,1.4,10.6,6.0,4.0,D
2584,2007-03-31,2006-07,Charlton,Wigan,1.6,1.0,10.2,4.2,7.0,0.8,0.6,9.2,5.4,8.0,H
2585,2007-03-31,2006-07,Liverpool,Arsenal,1.0,0.6,13.6,6.8,5.0,1.2,0.8,13.0,6.0,10.0,H
2586,2007-03-31,2006-07,Bolton,Sheffield United,1.2,2.2,9.2,4.8,6.0,0.8,2.2,9.6,4.4,4.0,H
2587,2007-04-01,2006-07,Tottenham,Reading,2.8,1.6,11.4,6.6,12.0,1.2,0.8,8.2,4.0,7.0,H
2588,2007-04-02,2006-07,Aston Villa,Everton,0.4,0.8,12.6,5.2,5.0,1.4,0.6,11.2,4.4,10.0,D
2589,2007-04-06,2006-07,Everton,Fulham,1.4,0.8,11.8,4.4,8.0,0.8,1.2,10.4,5.6,3.0,H
2590,2007-04-06,2006-07,Man City,Charlton,0.8,0.8,7.8,4.2,6.0,1.8,0.8,9.4,3.4,10.0,D
2591,2007-04-07,2006-07,Arsenal,West Ham,1.2,1.4,13.0,5.8,9.0,1.4,2.0,13.0,7.4,6.0,A
2592,2007-04-07,2006-07,Chelsea,Tottenham,2.0,0.0,11.2,5.8,15.0,2.8,1.2,13.8,7.8,15.0,H
2593,2007-04-07,2006-07,Middlesbrough,Watford,0.4,1.6,8.0,3.6,4.0,0.8,2.0,9.8,5.4,2.0,H
2594,2007-04-07,2006-07,Portsmouth,Man United,0.6,1.4,11.6,6.6,5.0,2.6,0.6,16.2,9.2,15.0,H
2595,2007-04-07,2006-07,Reading,Liverpool,0.8,1.0,8.0,4.0,4.0,1.8,0.8,11.0,6.2,7.0,A
2596,2007-04-07,2006-07,Sheffield United,Newcastle,0.6,2.0,8.8,4.2,4.0,0.4,1.0,10.0,5.0,4.0,A
2597,2007-04-07,2006-07,Wigan,Bolton,0.6,0.4,8.8,5.2,8.0,1.2,2.2,11.6,6.4,6.0,A
2598,2007-04-07,2006-07,Blackburn,Aston Villa,1.4,1.6,9.2,4.6,6.0,0.4,1.0,12.6,6.0,3.0,A
2599,2007-04-09,2006-07,Watford,Portsmouth,0.8,2.6,9.0,4.8,1.0,0.6,1.4,11.0,6.4,5.0,H
2600,2007-04-09,2006-07,Newcastle,Arsenal,0.4,1.0,10.6,5.0,4.0,0.8,1.4,16.8,8.2,6.0,D
2601,2007-04-09,2006-07,Fulham,Man City,0.8,1.6,12.0,6.0,3.0,0.6,0.4,9.2,4.8,7.0,A
2602,2007-04-09,2006-07,Bolton,Everton,1.4,2.2,12.2,7.4,6.0,2.0,0.6,12.6,5.8,11.0,D
2603,2007-04-09,2006-07,Aston Villa,Wigan,0.8,0.8,11.0,6.0,6.0,0.6,0.8,9.0,4.4,7.0,D
2604,2007-04-09,2006-07,Charlton,Reading,1.8,0.4,8.4,3.2,11.0,0.6,1.4,7.2,3.0,1.0,D
2605,2007-04-14,2006-07,Arsenal,Bolton,0.4,1.2,14.8,6.8,4.0,1.4,1.6,11.6,7.0,7.0,H
2606,2007-04-14,2006-07,Man City,Liverpool,1.2,0.4,9.8,5.2,10.0,2.0,0.6,9.2,5.0,10.0,D
2607,2007-04-14,2006-07,Middlesbrough,Aston Villa,1.2,1.2,12.2,6.4,7.0,0.8,0.8,11.8,6.6,6.0,A
2608,2007-04-14,2006-07,Portsmouth,Newcastle,1.0,1.6,10.4,6.4,5.0,0.4,0.8,11.2,5.4,5.0,H
2609,2007-04-14,2006-07,Reading,Fulham,0.4,1.0,8.0,3.4,2.0,0.8,1.8,11.2,5.8,3.0,H
2610,2007-04-14,2006-07,Sheffield United,West Ham,0.4,2.2,9.0,5.4,1.0,1.6,1.8,9.6,6.4,9.0,H
2611,2007-04-15,2006-07,Wigan,Tottenham,0.6,1.0,8.0,3.8,5.0,2.4,1.2,13.4,8.0,12.0,D
2612,2007-04-15,2006-07,Everton,Charlton,1.6,0.8,11.8,6.2,9.0,1.0,0.4,7.6,3.2,9.0,H
2613,2007-04-17,2006-07,Arsenal,Man City,0.6,1.4,16.6,7.6,4.0,1.2,0.2,9.6,5.0,11.0,H
2614,2007-04-17,2006-07,Man United,Sheffield United,2.4,1.0,15.6,8.4,12.0,1.0,1.4,9.0,6.0,4.0,H
2615,2007-04-18,2006-07,Blackburn,Watford,1.6,1.8,9.6,4.4,6.0,1.6,2.4,9.8,6.2,4.0,H
2616,2007-04-18,2006-07,Liverpool,Middlesbrough,1.2,0.6,9.8,4.8,8.0,1.0,1.6,13.0,6.2,4.0,H
2617,2007-04-18,2006-07,West Ham,Chelsea,1.6,1.6,9.6,5.4,9.0,1.6,0.0,10.4,6.4,15.0,A
2618,2007-04-21,2006-07,West Ham,Everton,1.2,1.6,10.0,6.2,9.0,1.8,0.8,14.0,8.0,11.0,H
2619,2007-04-21,2006-07,Watford,Man City,1.4,2.6,7.8,5.0,3.0,1.0,0.8,8.6,4.6,8.0,D
2620,2007-04-21,2006-07,Tottenham,Arsenal,2.2,1.6,12.6,7.2,10.0,1.2,1.4,15.4,7.8,7.0,D
2621,2007-04-21,2006-07,Man United,Middlesbrough,2.4,0.8,15.0,8.8,12.0,1.0,2.0,12.6,5.8,3.0,D
2622,2007-04-21,2006-07,Bolton,Reading,1.4,1.6,9.8,5.4,7.0,0.4,0.6,9.0,3.8,5.0,A
2623,2007-04-21,2006-07,Fulham,Blackburn,0.6,1.8,11.2,5.4,2.0,1.6,2.0,10.6,4.2,6.0,D
2624,2007-04-21,2006-07,Charlton,Sheffield United,0.8,0.4,6.4,3.0,8.0,0.8,1.6,9.4,5.4,3.0,D
2625,2007-04-21,2006-07,Liverpool,Wigan,1.6,0.4,10.4,4.6,11.0,1.0,1.6,10.4,5.0,3.0,H
2626,2007-04-22,2006-07,Aston Villa,Portsmouth,1.4,0.8,11.4,6.8,9.0,1.4,1.4,13.0,6.8,8.0,D
2627,2007-04-22,2006-07,Newcastle,Chelsea,0.6,1.2,10.4,4.4,4.0,2.0,0.2,11.2,6.8,15.0,D
2628,2007-04-28,2006-07,Wigan,West Ham,1.0,2.0,10.0,5.0,2.0,1.0,1.4,11.0,6.2,9.0,A
2629,2007-04-28,2006-07,Sheffield United,Watford,1.0,1.2,11.0,6.6,4.0,1.4,2.2,8.2,4.8,4.0,H
2630,2007-04-28,2006-07,Portsmouth,Liverpool,1.4,1.4,12.0,6.2,8.0,2.0,0.4,13.6,6.4,13.0,H
2631,2007-04-28,2006-07,Middlesbrough,Tottenham,1.2,1.8,12.4,5.8,4.0,1.8,1.4,11.6,6.4,8.0,A
2632,2007-04-28,2006-07,Everton,Man United,1.6,1.0,13.8,7.6,8.0,2.4,1.0,18.2,10.0,10.0,A
2633,2007-04-28,2006-07,Chelsea,Bolton,1.8,0.2,12.6,7.0,13.0,1.4,1.4,12.0,8.4,7.0,D
2634,2007-04-28,2006-07,Blackburn,Charlton,1.4,2.0,12.2,5.6,4.0,0.6,0.6,6.4,2.6,6.0,H
2635,2007-04-28,2006-07,Man City,Aston Villa,1.0,1.0,8.0,3.8,6.0,1.4,0.8,13.0,7.8,9.0,A
2636,2007-04-29,2006-07,Arsenal,Fulham,1.4,1.0,16.6,8.2,8.0,0.8,2.0,13.2,6.6,2.0,H
2637,2007-04-30,2006-07,Reading,Newcastle,1.0,0.8,10.0,5.2,7.0,0.6,0.8,10.2,3.8,5.0,H
2638,2007-05-05,2006-07,Reading,Watford,1.2,0.6,11.4,6.2,10.0,1.4,2.2,8.4,4.2,4.0,A
2639,2007-05-05,2006-07,Wigan,Middlesbrough,1.0,2.4,10.6,6.0,2.0,1.6,2.0,13.6,6.8,4.0,A
2640,2007-05-05,2006-07,West Ham,Bolton,1.2,1.4,11.6,6.4,9.0,1.6,1.8,9.4,6.6,5.0,H
2641,2007-05-05,2006-07,Newcastle,Blackburn,0.6,0.8,10.8,4.8,5.0,2.0,1.8,13.6,6.8,7.0,A
2642,2007-05-05,2006-07,Aston Villa,Sheffield United,1.6,0.6,12.6,7.2,11.0,1.2,1.0,11.8,7.0,7.0,H
2643,2007-05-05,2006-07,Fulham,Liverpool,0.8,2.4,12.0,5.0,1.0,1.4,0.6,13.4,5.8,10.0,H
2644,2007-05-05,2006-07,Everton,Portsmouth,1.8,1.6,11.8,6.6,7.0,1.6,1.4,11.8,6.2,10.0,H
2645,2007-05-05,2006-07,Man City,Man United,1.0,1.4,8.2,4.0,5.0,2.4,1.2,18.8,11.0,10.0,A
2646,2007-05-06,2006-07,Arsenal,Chelsea,2.0,1.0,12.8,6.2,11.0,1.6,0.6,12.2,6.0,11.0,D
2647,2007-05-07,2006-07,Charlton,Tottenham,0.6,1.4,7.2,3.0,3.0,1.8,1.6,10.4,5.2,8.0,A
2648,2007-05-09,2006-07,Chelsea,Man United,1.6,0.8,11.4,5.2,9.0,1.8,1.0,14.6,8.2,10.0,D
2649,2007-05-10,2006-07,Tottenham,Blackburn,2.0,1.6,8.6,5.0,8.0,2.2,1.0,14.0,7.4,10.0,D
2650,2007-05-13,2006-07,Portsmouth,Arsenal,1.2,1.8,11.4,5.4,7.0,2.2,1.2,13.0,6.6,11.0,D
2651,2007-05-13,2006-07,Watford,Newcastle,1.6,1.4,8.0,4.4,7.0,0.2,1.0,11.6,5.4,2.0,D
2652,2007-05-13,2006-07,Sheffield United,Wigan,1.0,1.2,10.2,5.2,7.0,0.8,2.0,10.2,5.6,2.0,A
2653,2007-05-13,2006-07,Middlesbrough,Fulham,1.0,1.8,10.2,4.6,4.0,0.8,1.6,10.4,4.4,4.0,H
2654,2007-05-13,2006-07,Tottenham,Man City,2.2,1.6,10.4,5.4,9.0,0.4,1.4,7.6,3.6,2.0,H
2655,2007-05-13,2006-07,Liverpool,Charlton,1.0,0.6,14.4,6.2,7.0,0.6,1.8,8.0,3.6,2.0,D
2656,2007-05-13,2006-07,Blackburn,Reading,2.2,0.8,14.0,7.6,11.0,1.0,0.6,12.8,6.8,10.0,D
2657,2007-05-13,2006-07,Man United,West Ham,1.6,0.6,12.6,6.8,11.0,1.6,1.6,12.2,6.6,9.0,A
2658,2007-05-13,2006-07,Chelsea,Everton,1.4,0.8,12.2,5.6,7.0,1.6,1.4,11.6,6.0,7.0,D
2659,2007-05-13,2006-07,Bolton,Aston Villa,1.2,2.2,9.0,5.4,2.0,1.8,0.4,14.6,8.0,11.0,D
2660,2007-08-11,2007-08,Aston Villa,Liverpool,2.0,0.6,13.6,7.2,11.0,1.4,1.0,16.6,7.0,7.0,A
2661,2007-08-11,2007-08,Bolton,Newcastle,1.4,2.4,9.6,5.0,2.0,0.4,1.2,10.2,4.8,2.0,A
2662,2007-08-11,2007-08,Derby,Portsmouth,0.6,1.8,6.4,2.0,1.0,0.8,1.0,11.2,5.0,8.0,D
2663,2007-08-11,2007-08,Middlesbrough,Blackburn,1.4,1.4,11.8,5.6,7.0,2.2,1.2,13.4,6.8,9.0,A
2664,2007-08-11,2007-08,Sunderland,Tottenham,1.0,2.4,8.6,4.8,3.0,2.0,1.2,10.0,4.8,11.0,H
2665,2007-08-11,2007-08,West Ham,Man City,1.8,1.0,11.2,6.8,12.0,0.6,1.8,8.2,4.4,1.0,A
2666,2007-08-11,2007-08,Everton,Wigan,1.6,1.4,11.4,5.6,7.0,1.0,2.0,11.6,6.0,4.0,H
2667,2007-08-12,2007-08,Arsenal,Fulham,1.8,1.0,12.0,6.0,9.0,0.8,1.6,9.6,4.4,4.0,H
2668,2007-08-12,2007-08,Chelsea,Birmingham,0.8,0.8,12.2,6.2,5.0,0.6,1.0,10.0,4.6,5.0,H
2669,2007-08-12,2007-08,Man United,Reading,1.2,0.8,15.6,8.8,8.0,1.6,1.2,12.4,7.0,10.0,D
2670,2007-08-14,2007-08,Tottenham,Everton,1.6,1.0,9.8,4.8,10.0,1.6,1.4,10.2,5.0,7.0,A
2671,2007-08-15,2007-08,Wigan,Middlesbrough,0.6,1.8,10.2,4.6,3.0,1.6,1.4,12.8,6.4,7.0,H
2672,2007-08-15,2007-08,Reading,Chelsea,1.4,1.2,10.6,6.2,8.0,1.4,1.2,13.6,7.6,7.0,A
2673,2007-08-15,2007-08,Portsmouth,Man United,0.8,1.2,9.4,4.8,6.0,1.0,0.6,15.8,8.8,8.0,D
2674,2007-08-15,2007-08,Fulham,Bolton,1.0,1.8,9.4,5.2,4.0,1.4,2.6,11.0,6.4,2.0,H
2675,2007-08-15,2007-08,Birmingham,Sunderland,0.8,1.0,8.8,3.8,5.0,1.0,1.6,8.0,4.4,6.0,D
2676,2007-08-15,2007-08,Man City,Derby,0.8,1.2,9.2,4.2,4.0,1.0,1.8,7.2,2.4,2.0,H
2677,2007-08-18,2007-08,Birmingham,West Ham,0.8,1.2,7.8,3.2,3.0,1.6,0.6,10.2,5.2,12.0,A
2678,2007-08-18,2007-08,Fulham,Middlesbrough,1.2,1.8,8.4,5.2,6.0,1.4,1.4,11.8,5.6,6.0,A
2679,2007-08-18,2007-08,Newcastle,Aston Villa,0.8,1.0,10.2,5.2,5.0,1.6,0.8,13.8,7.0,8.0,D
2680,2007-08-18,2007-08,Portsmouth,Bolton,1.0,1.4,9.8,5.6,6.0,1.4,2.4,10.2,4.8,2.0,H
2681,2007-08-18,2007-08,Reading,Everton,1.0,1.4,11.6,7.0,5.0,2.2,1.4,11.4,6.6,10.0,H
2682,2007-08-18,2007-08,Tottenham,Derby,1.2,1.2,10.4,5.4,7.0,0.6,1.4,7.0,2.6,2.0,H
2683,2007-08-18,2007-08,Wigan,Sunderland,0.8,1.4,12.2,5.0,6.0,1.2,1.6,8.0,3.8,7.0,H
2684,2007-08-19,2007-08,Man City,Man United,0.8,1.0,10.2,5.2,6.0,0.4,0.4,16.2,8.8,6.0,H
2685,2007-08-19,2007-08,Blackburn,Arsenal,2.4,1.2,10.6,5.8,11.0,1.6,1.0,13.4,6.6,9.0,D
2686,2007-08-19,2007-08,Liverpool,Chelsea,1.4,1.2,16.4,7.0,7.0,1.4,1.0,14.4,8.4,9.0,D
2687,2007-08-25,2007-08,Sunderland,Liverpool,1.2,1.6,8.4,4.6,7.0,1.2,1.4,15.4,6.2,5.0,A
2688,2007-08-25,2007-08,Arsenal,Man City,1.4,0.8,12.0,6.2,9.0,1.0,0.6,8.6,4.2,9.0,H
2689,2007-08-25,2007-08,Aston Villa,Fulham,1.6,0.8,12.6,6.4,8.0,1.2,1.6,9.6,6.2,6.0,H
2690,2007-08-25,2007-08,Bolton,Reading,1.2,2.6,10.6,4.8,1.0,1.0,1.4,11.0,6.4,5.0,H
2691,2007-08-25,2007-08,Chelsea,Portsmouth,1.4,1.0,13.8,8.0,9.0,1.2,1.4,10.2,5.4,6.0,H
2692,2007-08-25,2007-08,Derby,Birmingham,0.6,1.8,7.0,2.8,2.0,0.8,1.4,7.8,3.4,2.0,A
2693,2007-08-25,2007-08,Everton,Blackburn,1.8,0.8,12.4,7.0,10.0,1.8,1.2,9.2,4.8,9.0,D
2694,2007-08-25,2007-08,West Ham,Wigan,1.6,0.6,9.8,4.8,12.0,1.4,0.8,12.2,4.6,9.0,D
2695,2007-08-26,2007-08,Middlesbrough,Newcastle,1.4,1.0,10.4,5.2,9.0,0.8,1.0,9.2,5.0,5.0,D
2696,2007-08-26,2007-08,Man United,Tottenham,0.2,0.6,18.0,9.4,3.0,1.6,1.2,13.6,7.0,7.0,H
2697,2007-09-01,2007-08,Bolton,Everton,1.6,2.0,12.6,6.6,4.0,1.4,1.0,12.2,7.2,8.0,A
2698,2007-09-01,2007-08,Fulham,Tottenham,1.2,2.0,10.2,6.2,3.0,1.4,1.2,12.6,6.2,6.0,D
2699,2007-09-01,2007-08,Liverpool,Derby,1.4,1.0,16.6,7.8,8.0,0.8,2.0,8.4,4.2,2.0,H
2700,2007-09-01,2007-08,Man United,Sunderland,0.4,0.6,19.8,10.4,5.0,0.8,1.8,9.2,4.4,4.0,H
2701,2007-09-01,2007-08,Middlesbrough,Birmingham,1.6,1.4,11.2,6.0,7.0,1.2,1.6,7.0,3.6,4.0,H
2702,2007-09-01,2007-08,Newcastle,Wigan,1.2,1.2,6.6,3.4,6.0,1.6,0.8,11.6,3.8,10.0,H
2703,2007-09-01,2007-08,Reading,West Ham,1.0,1.6,9.0,5.4,5.0,1.2,0.8,10.0,4.2,10.0,A
2704,2007-09-02,2007-08,Arsenal,Portsmouth,1.0,0.6,13.2,7.2,9.0,1.2,1.0,11.4,5.2,6.0,H
2705,2007-09-02,2007-08,Aston Villa,Chelsea,1.6,1.0,14.2,5.8,8.0,1.6,1.0,14.4,7.4,11.0,H
2706,2007-09-02,2007-08,Blackburn,Man City,1.6,1.4,9.8,5.0,7.0,1.0,0.6,9.4,4.4,9.0,H
2707,2007-09-15,2007-08,Wigan,Fulham,1.2,0.8,11.2,4.4,7.0,1.6,2.0,11.2,6.6,4.0,D
2708,2007-09-15,2007-08,West Ham,Middlesbrough,1.2,0.6,10.8,4.8,10.0,1.4,1.2,9.6,5.4,7.0,H
2709,2007-09-15,2007-08,Sunderland,Reading,0.6,1.6,7.2,3.2,4.0,0.4,1.6,8.4,4.6,4.0,H
2710,2007-09-15,2007-08,Tottenham,Arsenal,1.6,1.6,13.6,7.2,4.0,1.4,0.6,13.8,8.0,11.0,A
2711,2007-09-15,2007-08,Everton,Man United,1.6,1.0,13.6,8.4,10.0,0.6,0.4,17.6,8.2,8.0,A
2712,2007-09-15,2007-08,Chelsea,Blackburn,1.4,1.2,15.6,7.0,10.0,1.6,1.2,11.0,6.4,9.0,D
2713,2007-09-15,2007-08,Birmingham,Bolton,1.2,1.8,7.8,4.0,4.0,1.4,2.0,13.2,7.6,3.0,H
2714,2007-09-15,2007-08,Portsmouth,Liverpool,1.4,1.6,12.6,6.4,5.0,2.6,0.8,18.8,8.8,11.0,D
2715,2007-09-16,2007-08,Man City,Aston Villa,0.8,0.4,8.8,4.0,9.0,1.4,1.0,12.2,4.6,8.0,H
2716,2007-09-17,2007-08,Derby,Newcastle,0.6,3.0,9.0,4.2,1.0,1.4,0.8,7.8,3.8,9.0,H
2717,2007-09-22,2007-08,Reading,Wigan,0.6,2.0,9.8,5.0,3.0,1.2,0.6,11.2,4.4,8.0,H
2718,2007-09-22,2007-08,Liverpool,Birmingham,2.2,0.4,16.8,8.6,11.0,1.0,1.2,8.6,4.2,7.0,D
2719,2007-09-22,2007-08,Middlesbrough,Sunderland,1.2,1.4,10.8,6.6,7.0,0.8,1.8,8.2,4.0,4.0,D
2720,2007-09-22,2007-08,Arsenal,Derby,2.0,0.8,14.2,8.8,13.0,0.4,2.6,8.6,3.8,3.0,H
2721,2007-09-22,2007-08,Fulham,Man City,1.6,1.8,10.8,5.8,5.0,0.6,0.4,8.4,4.6,9.0,D
2722,2007-09-23,2007-08,Aston Villa,Everton,1.0,0.8,12.8,4.4,7.0,1.2,1.0,12.8,7.2,7.0,H
2723,2007-09-23,2007-08,Blackburn,Portsmouth,1.0,0.6,9.0,5.4,9.0,1.0,1.2,12.0,5.6,5.0,A
2724,2007-09-23,2007-08,Bolton,Tottenham,1.2,1.6,12.2,6.4,3.0,1.8,2.0,15.2,7.6,4.0,D
2725,2007-09-23,2007-08,Man United,Chelsea,0.8,0.4,16.4,8.0,10.0,0.8,0.8,15.0,6.4,8.0,H
2726,2007-09-23,2007-08,Newcastle,West Ham,1.2,0.8,9.2,4.2,8.0,1.6,0.6,12.2,5.4,10.0,H
2727,2007-09-29,2007-08,West Ham,Arsenal,1.8,0.8,13.0,6.6,10.0,2.6,0.6,13.4,8.0,13.0,A
2728,2007-09-29,2007-08,Wigan,Liverpool,1.2,1.0,10.2,4.4,5.0,1.8,0.2,17.0,8.0,9.0,A
2729,2007-09-29,2007-08,Sunderland,Blackburn,0.8,1.8,9.0,4.6,4.0,0.6,0.6,10.0,5.2,6.0,A
2730,2007-09-29,2007-08,Portsmouth,Reading,1.0,1.0,13.2,5.8,7.0,0.8,1.8,9.8,4.2,6.0,H
2731,2007-09-29,2007-08,Derby,Bolton,0.4,3.4,8.4,3.8,3.0,1.2,1.4,10.4,5.8,4.0,D
2732,2007-09-29,2007-08,Chelsea,Fulham,0.4,1.0,12.8,5.2,5.0,1.8,2.2,11.8,6.2,3.0,D
2733,2007-09-29,2007-08,Birmingham,Man United,0.6,0.8,8.2,4.0,7.0,1.0,0.2,15.8,7.4,12.0,A
2734,2007-09-29,2007-08,Man City,Newcastle,1.0,1.0,8.8,4.4,7.0,1.2,0.8,10.2,4.0,8.0,H
2735,2007-09-30,2007-08,Everton,Middlesbrough,0.6,1.2,11.2,6.4,4.0,1.6,1.6,13.0,7.4,8.0,H
2736,2007-10-01,2007-08,Tottenham,Aston Villa,1.8,1.6,14.4,7.4,5.0,1.2,0.4,12.4,3.8,10.0,D
2737,2007-10-06,2007-08,Aston Villa,West Ham,2.0,1.2,11.6,4.2,10.0,1.6,1.0,12.2,6.4,7.0,H
2738,2007-10-06,2007-08,Man United,Wigan,1.2,0.0,15.0,7.0,15.0,0.6,1.2,10.2,4.2,2.0,H
2739,2007-10-07,2007-08,Blackburn,Birmingham,0.8,0.6,11.0,6.0,8.0,0.6,0.8,10.4,5.2,7.0,H
2740,2007-10-07,2007-08,Arsenal,Sunderland,2.6,0.4,14.6,9.8,15.0,1.0,1.6,10.0,5.8,4.0,H
2741,2007-10-07,2007-08,Bolton,Chelsea,1.2,1.0,11.2,6.6,5.0,0.2,0.8,14.8,5.6,5.0,A
2742,2007-10-07,2007-08,Fulham,Portsmouth,1.6,1.8,10.4,5.2,4.0,1.8,1.6,16.0,8.0,7.0,A
2743,2007-10-07,2007-08,Liverpool,Tottenham,1.8,0.0,16.2,8.4,11.0,1.8,2.4,13.2,7.0,3.0,D
2744,2007-10-07,2007-08,Man City,Middlesbrough,1.4,1.2,10.8,6.4,7.0,1.2,1.8,13.8,7.2,5.0,H
2745,2007-10-07,2007-08,Newcastle,Everton,1.4,1.4,11.4,5.2,7.0,1.0,1.0,11.2,7.2,7.0,H
2746,2007-10-07,2007-08,Reading,Derby,1.4,3.2,10.4,4.6,3.0,0.6,2.8,9.6,4.6,4.0,H
2747,2007-10-20,2007-08,Aston Villa,Man United,1.8,1.0,8.0,4.4,10.0,1.8,0.0,15.6,8.4,15.0,A
2748,2007-10-20,2007-08,Middlesbrough,Chelsea,1.0,2.0,15.0,8.0,4.0,0.2,0.8,14.2,5.8,5.0,A
2749,2007-10-20,2007-08,Wigan,Portsmouth,0.4,1.8,9.0,4.0,1.0,2.2,1.4,15.2,8.8,10.0,A
2750,2007-10-20,2007-08,Man City,Birmingham,2.0,1.2,12.8,8.2,10.0,0.4,1.0,9.4,5.0,4.0,H
2751,2007-10-20,2007-08,Arsenal,Bolton,3.0,0.8,15.0,9.4,15.0,0.6,1.2,10.2,5.6,2.0,H
2752,2007-10-20,2007-08,Everton,Liverpool,1.2,1.4,11.0,6.8,6.0,1.8,0.4,17.0,7.8,9.0,A
2753,2007-10-20,2007-08,Blackburn,Reading,1.0,0.6,12.2,5.6,10.0,1.6,2.6,11.6,4.8,6.0,H
2754,2007-10-20,2007-08,Fulham,Derby,1.4,1.8,11.0,6.2,4.0,0.4,2.6,7.8,3.0,4.0,D
2755,2007-10-21,2007-08,West Ham,Sunderland,1.4,1.0,11.2,6.2,6.0,1.4,1.8,10.8,6.8,4.0,H
2756,2007-10-22,2007-08,Newcastle,Tottenham,1.6,1.4,13.4,6.6,9.0,2.2,2.6,13.4,7.6,4.0,H
2757,2007-10-27,2007-08,Sunderland,Fulham,1.6,2.2,13.2,8.6,4.0,0.8,1.2,11.0,6.6,4.0,D
2758,2007-10-27,2007-08,Birmingham,Wigan,0.4,0.8,10.2,5.8,4.0,0.4,2.0,9.0,2.8,1.0,H
2759,2007-10-27,2007-08,Chelsea,Man City,0.6,0.4,12.0,5.4,8.0,2.2,1.0,13.8,8.4,13.0,H
2760,2007-10-27,2007-08,Man United,Middlesbrough,2.4,0.2,16.4,9.2,15.0,0.6,2.4,13.8,7.4,1.0,H
2761,2007-10-27,2007-08,Portsmouth,West Ham,2.4,0.8,15.2,8.4,13.0,1.4,1.2,11.0,5.8,6.0,D
2762,2007-10-27,2007-08,Reading,Newcastle,2.0,2.8,12.4,5.6,6.0,2.0,1.6,12.4,6.4,9.0,H
2763,2007-10-28,2007-08,Derby,Everton,0.4,1.4,8.8,4.2,5.0,1.0,1.6,9.2,4.8,3.0,A
2764,2007-10-28,2007-08,Liverpool,Arsenal,1.0,0.6,16.4,7.2,9.0,2.8,0.6,16.8,9.6,15.0,D
2765,2007-10-28,2007-08,Bolton,Aston Villa,0.4,1.2,7.8,4.2,2.0,1.6,1.8,8.4,4.4,7.0,D
2766,2007-10-28,2007-08,Tottenham,Blackburn,1.8,2.6,13.0,6.8,3.0,1.6,1.0,11.2,4.6,10.0,A
2767,2007-11-03,2007-08,Middlesbrough,Tottenham,0.8,2.6,12.0,5.8,1.0,1.8,2.4,12.0,7.0,3.0,D
2768,2007-11-03,2007-08,Wigan,Chelsea,0.6,2.4,7.8,3.0,0.0,1.8,0.4,12.0,5.6,10.0,A
2769,2007-11-03,2007-08,Fulham,Reading,0.8,1.2,10.6,6.2,4.0,2.2,2.6,12.8,5.8,9.0,H
2770,2007-11-03,2007-08,Newcastle,Portsmouth,2.2,1.8,12.0,6.2,9.0,2.4,0.8,15.4,8.6,13.0,A
2771,2007-11-03,2007-08,Blackburn,Liverpool,2.0,1.2,12.0,5.2,12.0,1.2,0.8,16.2,7.6,9.0,D
2772,2007-11-03,2007-08,Arsenal,Man United,2.4,0.6,15.8,8.4,13.0,3.0,0.4,16.8,10.4,15.0,D
2773,2007-11-03,2007-08,Everton,Birmingham,1.4,1.4,9.0,5.0,6.0,0.8,1.2,11.4,6.8,4.0,H
2774,2007-11-03,2007-08,Aston Villa,Derby,1.8,1.8,7.8,4.6,8.0,0.2,1.8,7.8,4.0,2.0,H
2775,2007-11-04,2007-08,West Ham,Bolton,0.8,1.2,10.4,5.0,4.0,0.6,1.2,8.8,4.8,3.0,D
2776,2007-11-05,2007-08,Man City,Sunderland,2.0,2.2,12.8,7.6,10.0,1.4,2.2,12.0,8.2,2.0,H
2777,2007-11-10,2007-08,Derby,West Ham,0.2,1.2,8.6,3.8,2.0,0.8,0.8,9.6,4.8,5.0,A
2778,2007-11-10,2007-08,Liverpool,Fulham,1.2,0.8,14.8,8.2,9.0,0.8,0.8,9.8,6.0,6.0,H
2779,2007-11-10,2007-08,Sunderland,Newcastle,1.0,2.0,11.4,7.4,1.0,1.8,2.4,12.4,6.8,6.0,D
2780,2007-11-11,2007-08,Birmingham,Aston Villa,1.0,1.8,11.8,7.6,3.0,1.8,1.8,9.2,5.4,8.0,A
2781,2007-11-11,2007-08,Bolton,Middlesbrough,0.6,1.2,10.0,5.2,3.0,0.6,2.4,9.8,5.4,1.0,D
2782,2007-11-11,2007-08,Chelsea,Everton,2.2,0.0,13.8,6.8,13.0,2.0,1.2,10.6,5.6,9.0,D
2783,2007-11-11,2007-08,Man United,Blackburn,3.0,0.8,15.4,9.4,13.0,2.0,1.0,13.2,6.0,13.0,H
2784,2007-11-11,2007-08,Portsmouth,Man City,3.0,1.0,14.8,8.6,13.0,1.6,1.6,12.0,7.2,12.0,D
2785,2007-11-11,2007-08,Tottenham,Wigan,1.8,2.4,11.8,6.4,3.0,0.4,2.4,8.0,2.6,0.0,H
2786,2007-11-12,2007-08,Reading,Arsenal,2.0,3.0,12.4,5.6,6.0,1.8,1.0,16.0,7.8,11.0,A
2787,2007-11-24,2007-08,Newcastle,Liverpool,1.8,2.0,11.8,6.2,7.0,1.4,0.8,16.0,8.6,9.0,A
2788,2007-11-24,2007-08,Middlesbrough,Aston Villa,0.6,2.0,8.8,5.8,2.0,1.4,1.2,10.4,5.2,10.0,A
2789,2007-11-24,2007-08,Everton,Sunderland,1.8,1.4,9.2,4.2,7.0,1.0,1.8,12.4,6.6,2.0,H
2790,2007-11-24,2007-08,Man City,Reading,1.0,1.4,10.8,5.8,10.0,1.4,2.2,11.4,5.2,6.0,H
2791,2007-11-24,2007-08,Bolton,Man United,0.4,1.0,10.6,5.2,3.0,3.2,0.8,17.6,11.6,13.0,H
2792,2007-11-24,2007-08,Birmingham,Portsmouth,1.2,2.0,11.0,7.4,3.0,1.6,0.2,13.8,7.6,11.0,A
2793,2007-11-24,2007-08,Arsenal,Wigan,2.2,1.2,16.0,6.8,11.0,0.4,3.0,7.4,2.4,0.0,H
2794,2007-11-24,2007-08,Derby,Chelsea,0.0,2.0,8.4,3.0,1.0,2.4,0.2,13.6,8.0,13.0,A
2795,2007-11-25,2007-08,Fulham,Blackburn,0.8,1.2,9.6,6.4,5.0,1.6,1.2,12.8,5.8,10.0,D
2796,2007-11-25,2007-08,West Ham,Tottenham,1.8,0.6,11.0,6.2,8.0,1.8,1.6,11.8,5.6,5.0,D
2797,2007-11-28,2007-08,Blackburn,Aston Villa,1.6,1.4,11.8,6.8,8.0,1.8,1.2,11.6,5.8,10.0,A
2798,2007-12-01,2007-08,Wigan,Man City,0.4,2.6,7.6,2.4,0.0,0.8,1.4,9.8,5.0,10.0,D
2799,2007-12-01,2007-08,Sunderland,Derby,0.8,2.6,12.8,6.6,2.0,0.0,2.2,8.8,3.8,1.0,H
2800,2007-12-01,2007-08,Reading,Middlesbrough,1.4,2.6,10.2,5.2,3.0,0.4,2.0,8.4,5.2,2.0,D
2801,2007-12-01,2007-08,Portsmouth,Everton,1.6,0.2,14.0,7.6,11.0,2.8,1.0,11.8,6.6,10.0,D
2802,2007-12-01,2007-08,Blackburn,Newcastle,0.8,1.8,12.8,7.6,5.0,1.2,2.2,10.0,4.6,4.0,H
2803,2007-12-01,2007-08,Aston Villa,Arsenal,2.4,0.4,10.8,6.2,13.0,2.0,0.8,15.0,6.4,11.0,A
2804,2007-12-01,2007-08,Chelsea,West Ham,2.6,0.2,12.4,7.4,13.0,2.0,0.6,12.2,7.4,9.0,H
2805,2007-12-02,2007-08,Liverpool,Bolton,1.6,0.4,15.2,9.0,11.0,0.6,0.8,9.2,4.8,6.0,H
2806,2007-12-02,2007-08,Tottenham,Birmingham,1.6,1.4,11.4,5.4,5.0,1.0,2.0,10.6,7.0,3.0,A
2807,2007-12-03,2007-08,Man United,Fulham,2.4,1.0,16.8,9.8,10.0,1.2,1.2,8.0,4.8,6.0,H
2808,2007-12-05,2007-08,Newcastle,Arsenal,0.8,2.6,11.0,4.8,1.0,2.0,1.0,14.0,6.4,11.0,D
2809,2007-12-08,2007-08,Newcastle,Birmingham,0.8,2.4,12.2,6.0,2.0,1.6,2.2,9.4,6.0,6.0,H
2810,2007-12-08,2007-08,Reading,Liverpool,1.2,2.0,10.0,5.2,4.0,2.0,0.2,16.4,10.4,11.0,H
2811,2007-12-08,2007-08,Man United,Derby,2.0,0.8,15.6,9.4,10.0,0.0,2.4,8.6,3.8,0.0,H
2812,2007-12-08,2007-08,Chelsea,Sunderland,2.4,0.2,13.4,7.2,13.0,0.8,2.0,13.6,6.4,5.0,H
2813,2007-12-08,2007-08,Aston Villa,Portsmouth,2.4,0.6,11.4,6.6,12.0,1.2,0.2,15.0,7.2,9.0,A
2814,2007-12-08,2007-08,Everton,Fulham,2.6,0.6,11.4,6.8,11.0,1.2,1.6,7.8,3.6,5.0,H
2815,2007-12-09,2007-08,Blackburn,West Ham,1.0,1.8,13.6,8.0,5.0,1.4,0.6,10.6,6.2,6.0,A
2816,2007-12-09,2007-08,Bolton,Wigan,0.6,1.2,10.2,5.4,6.0,0.6,2.4,7.2,3.2,1.0,H
2817,2007-12-09,2007-08,Middlesbrough,Arsenal,0.6,1.8,10.2,6.6,3.0,2.0,1.0,13.0,6.0,11.0,H
2818,2007-12-09,2007-08,Tottenham,Man City,1.8,1.4,12.6,6.4,5.0,0.8,1.6,8.2,4.4,8.0,H
2819,2007-12-15,2007-08,Man City,Bolton,1.0,0.8,8.2,4.2,8.0,1.2,1.2,9.2,5.4,8.0,H
2820,2007-12-15,2007-08,Birmingham,Reading,1.2,2.2,7.6,4.8,3.0,1.4,2.0,9.0,5.0,4.0,D
2821,2007-12-15,2007-08,Derby,Middlesbrough,0.2,2.8,9.6,4.6,0.0,0.8,1.2,11.4,7.2,6.0,A
2822,2007-12-15,2007-08,Fulham,Newcastle,1.0,2.0,7.4,3.8,4.0,1.0,1.8,12.8,6.4,5.0,A
2823,2007-12-15,2007-08,Portsmouth,Tottenham,1.8,0.4,15.4,8.2,11.0,2.0,1.2,13.2,6.8,8.0,A
2824,2007-12-15,2007-08,Sunderland,Aston Villa,0.6,2.2,13.8,5.6,4.0,2.2,1.2,11.2,6.4,9.0,D
2825,2007-12-15,2007-08,West Ham,Everton,1.6,0.6,10.8,6.6,8.0,2.8,0.6,13.0,8.4,11.0,A
2826,2007-12-15,2007-08,Wigan,Blackburn,0.4,2.6,7.8,3.6,1.0,1.0,2.0,13.6,8.0,4.0,H
2827,2007-12-16,2007-08,Liverpool,Man United,2.0,0.6,17.2,9.8,10.0,2.0,0.8,16.6,9.0,10.0,A
2828,2007-12-16,2007-08,Arsenal,Chelsea,1.8,1.0,11.2,5.6,10.0,1.6,0.2,12.4,6.2,13.0,H
2829,2007-12-22,2007-08,Middlesbrough,West Ham,0.8,1.0,11.8,7.6,8.0,1.4,0.8,11.2,5.8,7.0,A
2830,2007-12-22,2007-08,Reading,Sunderland,1.4,1.6,8.4,5.0,5.0,0.8,2.2,14.0,6.6,5.0,H
2831,2007-12-22,2007-08,Liverpool,Portsmouth,2.0,0.8,18.8,9.6,9.0,1.0,0.4,15.2,7.8,8.0,H
2832,2007-12-22,2007-08,Aston Villa,Man City,2.0,1.2,11.4,7.4,7.0,1.6,1.2,9.8,5.8,8.0,D
2833,2007-12-22,2007-08,Bolton,Birmingham,1.4,1.8,8.8,4.8,7.0,1.2,1.8,9.2,5.4,4.0,H
2834,2007-12-22,2007-08,Arsenal,Tottenham,1.4,0.8,10.2,5.2,10.0,2.0,1.0,13.8,7.0,10.0,H
2835,2007-12-22,2007-08,Fulham,Wigan,0.4,2.0,7.6,3.4,1.0,1.4,2.8,7.6,4.4,4.0,D
2836,2007-12-23,2007-08,Blackburn,Chelsea,1.6,2.6,13.0,7.6,4.0,1.2,0.4,11.8,6.2,10.0,A
2837,2007-12-23,2007-08,Man United,Everton,1.8,0.4,15.6,8.8,12.0,2.6,0.4,12.2,8.2,11.0,H
2838,2007-12-23,2007-08,Newcastle,Derby,1.0,1.6,12.2,6.2,7.0,0.2,2.6,10.6,6.0,0.0,D
2839,2007-12-26,2007-08,Sunderland,Man United,0.8,2.4,11.8,5.8,4.0,1.8,0.6,14.8,8.0,12.0,A
2840,2007-12-26,2007-08,Tottenham,Fulham,1.4,1.4,12.0,6.4,7.0,0.6,1.8,8.4,3.4,2.0,H
2841,2007-12-26,2007-08,Portsmouth,Arsenal,1.2,1.2,13.0,6.0,7.0,1.4,1.0,9.4,5.0,10.0,D
2842,2007-12-26,2007-08,West Ham,Reading,0.8,1.0,9.6,4.4,7.0,1.6,1.2,10.2,5.8,8.0,D
2843,2007-12-26,2007-08,Derby,Liverpool,0.6,2.0,10.6,6.8,1.0,2.4,1.0,17.6,8.6,9.0,A
2844,2007-12-26,2007-08,Chelsea,Aston Villa,1.2,0.2,10.8,5.8,12.0,1.6,1.4,11.0,7.0,5.0,D
2845,2007-12-26,2007-08,Birmingham,Middlesbrough,1.0,2.0,7.4,4.0,4.0,1.0,1.4,11.6,6.6,7.0,H
2846,2007-12-26,2007-08,Everton,Bolton,2.6,0.6,11.8,8.2,10.0,2.0,1.8,7.8,4.6,9.0,H
2847,2007-12-26,2007-08,Wigan,Newcastle,1.6,2.2,8.4,4.8,5.0,1.4,1.4,15.6,8.4,8.0,H
2848,2007-12-27,2007-08,Man City,Blackburn,1.8,1.4,9.0,5.2,8.0,1.2,2.4,13.8,7.0,3.0,D
2849,2007-12-29,2007-08,Birmingham,Fulham,1.6,1.6,9.2,4.4,7.0,0.4,2.4,9.2,3.8,1.0,D
2850,2007-12-29,2007-08,Chelsea,Newcastle,1.6,1.0,11.8,6.4,10.0,1.2,1.0,13.0,8.0,8.0,H
2851,2007-12-29,2007-08,Everton,Arsenal,1.6,0.4,10.6,6.6,10.0,1.0,0.8,9.0,4.4,8.0,A
2852,2007-12-29,2007-08,Portsmouth,Middlesbrough,0.8,1.2,11.8,5.6,5.0,1.0,1.4,12.2,7.4,7.0,A
2853,2007-12-29,2007-08,Sunderland,Bolton,0.6,1.8,11.2,5.0,4.0,1.8,2.2,8.4,5.0,6.0,H
2854,2007-12-29,2007-08,Tottenham,Reading,2.2,1.4,12.6,7.0,9.0,1.6,1.0,11.8,7.2,9.0,H
2855,2007-12-29,2007-08,West Ham,Man United,0.8,1.0,10.4,4.8,7.0,2.6,0.4,15.6,9.6,15.0,H
2856,2007-12-29,2007-08,Wigan,Aston Villa,1.8,1.8,8.6,5.6,8.0,1.6,2.2,11.4,6.4,3.0,A
2857,2007-12-30,2007-08,Man City,Liverpool,1.8,1.6,7.4,3.8,6.0,2.2,1.2,18.6,8.4,9.0,D
2858,2007-12-30,2007-08,Derby,Blackburn,0.8,2.0,10.6,6.8,1.0,1.6,2.0,12.0,6.0,4.0,A
2859,2008-01-01,2007-08,Arsenal,West Ham,1.6,0.8,9.8,5.4,10.0,1.2,1.0,11.8,5.6,10.0,H
2860,2008-01-01,2007-08,Aston Villa,Tottenham,1.8,2.0,10.2,6.2,6.0,3.0,1.6,12.0,7.6,12.0,H
2861,2008-01-01,2007-08,Fulham,Chelsea,0.6,2.2,8.8,4.6,2.0,1.8,1.2,12.2,7.4,10.0,A
2862,2008-01-01,2007-08,Man United,Birmingham,2.4,0.8,14.0,8.0,12.0,1.2,1.4,10.8,5.0,5.0,H
2863,2008-01-01,2007-08,Middlesbrough,Everton,1.0,1.2,11.6,6.6,9.0,1.8,1.2,11.8,6.8,9.0,A
2864,2008-01-01,2007-08,Reading,Portsmouth,2.2,2.0,11.6,7.4,8.0,0.8,1.4,11.4,6.2,4.0,A
2865,2008-01-02,2007-08,Newcastle,Man City,1.2,1.2,11.2,6.8,7.0,1.6,1.4,7.4,4.2,6.0,A
2866,2008-01-02,2007-08,Liverpool,Wigan,1.4,1.2,17.8,7.8,7.0,1.8,2.0,8.2,5.4,7.0,D
2867,2008-01-02,2007-08,Blackburn,Sunderland,1.4,2.0,14.0,8.4,4.0,1.0,2.0,8.2,4.2,4.0,H
2868,2008-01-02,2007-08,Bolton,Derby,2.0,2.0,8.2,5.0,6.0,1.0,2.2,10.8,6.4,1.0,H
2869,2008-01-12,2007-08,West Ham,Fulham,1.0,1.4,12.6,6.0,7.0,0.8,2.0,8.6,4.2,2.0,H
2870,2008-01-12,2007-08,Arsenal,Birmingham,1.8,0.4,12.6,7.2,13.0,1.0,1.2,11.6,5.0,5.0,D
2871,2008-01-12,2007-08,Aston Villa,Reading,2.0,1.6,10.2,5.8,9.0,1.6,2.2,12.0,7.6,5.0,H
2872,2008-01-12,2007-08,Chelsea,Tottenham,1.8,1.4,12.2,7.6,10.0,2.8,1.8,11.4,7.2,9.0,H
2873,2008-01-12,2007-08,Derby,Wigan,0.8,1.6,10.6,5.8,1.0,1.8,1.4,7.2,4.2,8.0,A
2874,2008-01-12,2007-08,Everton,Man City,1.6,1.2,9.8,5.2,9.0,1.8,1.0,8.4,5.0,9.0,H
2875,2008-01-12,2007-08,Man United,Newcastle,1.8,0.6,13.0,8.2,12.0,0.8,1.4,11.0,7.0,4.0,H
2876,2008-01-12,2007-08,Middlesbrough,Liverpool,0.6,1.4,10.4,6.0,6.0,1.4,0.8,17.8,9.0,8.0,D
2877,2008-01-13,2007-08,Bolton,Blackburn,1.4,1.8,9.0,4.8,6.0,1.6,1.8,12.6,7.6,7.0,A
2878,2008-01-13,2007-08,Sunderland,Portsmouth,1.0,1.8,7.8,4.6,4.0,0.6,1.2,12.6,7.2,4.0,H
2879,2008-01-19,2007-08,Portsmouth,Derby,0.6,1.4,12.6,7.2,4.0,0.8,1.6,8.4,4.2,1.0,H
2880,2008-01-19,2007-08,Newcastle,Bolton,0.6,2.6,11.2,7.2,1.0,1.2,1.4,9.0,5.2,6.0,D
2881,2008-01-19,2007-08,Reading,Man United,1.6,2.6,11.2,7.0,4.0,2.8,0.6,18.0,11.8,12.0,A
2882,2008-01-19,2007-08,Blackburn,Middlesbrough,1.4,1.0,13.4,7.8,10.0,0.6,1.6,10.6,5.6,4.0,D
2883,2008-01-19,2007-08,Birmingham,Chelsea,1.0,1.2,9.0,3.6,5.0,2.2,1.2,11.8,7.4,13.0,A
2884,2008-01-19,2007-08,Fulham,Arsenal,1.0,2.2,8.4,3.6,2.0,1.8,0.6,13.6,8.0,11.0,A
2885,2008-01-19,2007-08,Tottenham,Sunderland,2.6,2.2,10.2,6.6,6.0,1.2,1.6,8.4,4.2,6.0,H
2886,2008-01-20,2007-08,Wigan,Everton,1.0,0.8,7.8,3.6,8.0,1.4,1.2,9.4,4.6,9.0,A
2887,2008-01-20,2007-08,Man City,West Ham,1.0,0.8,6.4,3.0,6.0,1.4,1.2,12.8,7.2,10.0,D
2888,2008-01-21,2007-08,Liverpool,Aston Villa,1.6,0.8,16.8,9.2,9.0,2.4,1.6,10.2,5.2,11.0,D
2889,2008-01-26,2007-08,Aston Villa,Blackburn,2.6,1.8,9.2,4.6,11.0,1.6,1.0,13.0,7.4,11.0,D
2890,2008-01-29,2007-08,Arsenal,Newcastle,2.0,0.4,14.0,7.8,11.0,0.2,2.2,9.2,5.6,1.0,H
2891,2008-01-29,2007-08,Bolton,Fulham,0.6,1.4,8.4,5.0,4.0,0.8,2.6,7.6,3.0,1.0,D
2892,2008-01-29,2007-08,Middlesbrough,Wigan,0.6,1.4,11.2,6.2,5.0,1.0,1.0,8.6,3.4,7.0,H
2893,2008-01-29,2007-08,Sunderland,Birmingham,1.0,1.6,9.6,5.0,6.0,1.0,0.8,11.2,4.8,5.0,H
2894,2008-01-30,2007-08,Chelsea,Reading,2.2,1.2,12.2,7.6,13.0,1.2,2.8,9.6,6.4,1.0,H
2895,2008-01-30,2007-08,Derby,Man City,0.6,1.8,8.2,4.0,0.0,1.0,0.8,7.4,3.8,6.0,D
2896,2008-01-30,2007-08,Everton,Tottenham,1.6,1.0,10.8,5.4,12.0,2.8,1.8,11.6,8.2,9.0,D
2897,2008-01-30,2007-08,Man United,Portsmouth,2.8,0.4,18.6,11.4,12.0,1.0,0.8,14.4,8.2,7.0,H
2898,2008-01-30,2007-08,West Ham,Liverpool,1.2,1.2,13.4,7.4,8.0,1.2,1.0,17.4,9.2,7.0,H
2899,2008-02-02,2007-08,Wigan,West Ham,0.8,1.2,9.0,3.4,4.0,1.2,1.0,11.4,5.6,10.0,H
2900,2008-02-02,2007-08,Tottenham,Man United,1.8,1.6,10.2,7.4,7.0,2.4,0.4,20.2,12.0,12.0,D
2901,2008-02-02,2007-08,Reading,Bolton,1.0,2.8,8.4,4.8,0.0,0.6,1.0,9.2,4.4,5.0,A
2902,2008-02-02,2007-08,Portsmouth,Chelsea,1.0,1.2,13.2,7.6,6.0,1.6,0.4,12.6,8.0,15.0,D
2903,2008-02-02,2007-08,Liverpool,Sunderland,0.8,1.0,15.6,8.2,4.0,1.4,0.8,9.4,5.6,9.0,H
2904,2008-02-02,2007-08,Blackburn,Everton,1.4,0.8,13.4,7.2,11.0,1.2,1.0,9.4,4.6,10.0,D
2905,2008-02-02,2007-08,Birmingham,Derby,0.4,1.2,9.6,4.2,2.0,0.6,1.6,8.8,4.4,1.0,D
2906,2008-02-02,2007-08,Man City,Arsenal,0.8,0.6,8.4,4.4,6.0,2.6,0.4,13.6,7.4,13.0,A
2907,2008-02-03,2007-08,Fulham,Aston Villa,0.6,1.6,7.6,3.0,2.0,2.0,1.2,8.4,4.4,11.0,H
2908,2008-02-03,2007-08,Newcastle,Middlesbrough,0.2,2.6,9.2,5.0,1.0,0.8,0.8,9.0,4.4,8.0,D
2909,2008-02-09,2007-08,Derby,Tottenham,0.6,1.4,7.4,3.6,2.0,0.8,1.0,9.4,6.6,5.0,A
2910,2008-02-09,2007-08,Aston Villa,Newcastle,1.8,1.4,9.6,4.8,8.0,0.2,2.4,10.6,6.2,2.0,H
2911,2008-02-09,2007-08,Bolton,Portsmouth,0.8,0.4,9.8,4.6,8.0,1.2,1.2,13.0,7.0,7.0,A
2912,2008-02-09,2007-08,Everton,Reading,1.0,0.2,9.4,4.8,11.0,0.2,2.0,8.0,4.4,0.0,H
2913,2008-02-09,2007-08,Middlesbrough,Fulham,0.8,1.0,10.2,5.2,6.0,0.8,1.6,7.8,3.2,4.0,H
2914,2008-02-09,2007-08,Sunderland,Wigan,0.8,1.2,9.6,5.2,6.0,0.8,0.8,10.4,3.4,7.0,H
2915,2008-02-09,2007-08,West Ham,Birmingham,0.8,1.0,10.2,4.8,7.0,0.4,1.2,8.8,4.4,2.0,D
2916,2008-02-10,2007-08,Chelsea,Liverpool,1.4,0.4,13.4,8.4,13.0,1.4,1.0,14.6,8.2,6.0,D
2917,2008-02-10,2007-08,Man United,Man City,2.4,0.2,22.0,13.4,13.0,1.0,1.2,8.6,4.2,5.0,A
2918,2008-02-11,2007-08,Arsenal,Blackburn,2.4,0.4,14.4,7.8,13.0,1.0,0.6,11.4,4.2,9.0,H
2919,2008-02-23,2007-08,Portsmouth,Sunderland,1.0,1.2,10.8,5.2,7.0,1.2,1.0,10.0,5.2,9.0,H
2920,2008-02-23,2007-08,Newcastle,Man United,0.4,2.8,8.4,4.8,2.0,2.4,0.6,22.2,12.6,10.0,A
2921,2008-02-23,2007-08,Wigan,Derby,0.6,1.0,13.4,5.4,6.0,0.6,1.8,7.6,4.2,2.0,H
2922,2008-02-23,2007-08,Fulham,West Ham,0.6,1.4,8.8,3.8,4.0,1.0,0.8,10.8,5.4,8.0,A
2923,2008-02-23,2007-08,Birmingham,Arsenal,0.6,1.2,7.6,4.2,3.0,2.4,0.4,12.8,7.0,13.0,D
2924,2008-02-23,2007-08,Liverpool,Middlesbrough,1.2,0.8,13.6,6.8,6.0,1.0,0.6,11.0,5.6,9.0,H
2925,2008-02-24,2007-08,Reading,Aston Villa,0.2,1.8,9.0,4.4,0.0,2.2,1.4,9.4,5.6,8.0,A
2926,2008-02-24,2007-08,Blackburn,Bolton,0.8,1.0,11.0,4.0,6.0,0.6,0.6,11.2,5.6,5.0,H
2927,2008-02-25,2007-08,Man City,Everton,1.0,1.4,8.0,4.2,5.0,0.8,0.2,10.6,5.4,11.0,A
2928,2008-03-01,2007-08,Arsenal,Aston Villa,2.6,0.6,14.8,7.8,13.0,2.0,1.4,10.4,6.2,8.0,D
2929,2008-03-01,2007-08,Birmingham,Tottenham,0.8,1.4,7.6,4.0,3.0,1.2,0.6,10.2,7.0,8.0,H
2930,2008-03-01,2007-08,Derby,Sunderland,0.6,2.0,8.2,4.6,2.0,0.8,1.2,8.6,4.6,6.0,D
2931,2008-03-01,2007-08,Fulham,Man United,0.4,1.2,10.6,6.2,4.0,2.2,0.8,19.4,10.4,10.0,A
2932,2008-03-01,2007-08,Man City,Wigan,1.0,1.6,11.0,6.4,5.0,0.8,1.0,15.4,8.2,6.0,D
2933,2008-03-01,2007-08,Middlesbrough,Reading,1.2,1.0,10.6,5.6,8.0,0.2,1.6,9.6,5.0,0.0,A
2934,2008-03-01,2007-08,Newcastle,Blackburn,0.6,2.6,9.0,4.8,2.0,1.2,1.0,10.6,4.0,6.0,A
2935,2008-03-01,2007-08,West Ham,Chelsea,0.8,0.6,10.8,4.8,8.0,1.0,0.2,12.2,8.0,11.0,A
2936,2008-03-02,2007-08,Bolton,Liverpool,0.6,1.0,12.4,6.4,5.0,1.6,1.0,13.4,7.0,8.0,A
2937,2008-03-02,2007-08,Everton,Portsmouth,1.0,0.2,11.2,6.0,11.0,1.2,0.8,12.4,6.2,10.0,H
2938,2008-03-05,2007-08,Liverpool,West Ham,1.8,0.8,12.4,7.4,10.0,0.6,1.2,10.4,5.2,7.0,H
2939,2008-03-08,2007-08,Blackburn,Fulham,1.2,0.8,10.6,4.2,8.0,0.4,1.2,12.2,7.6,4.0,D
2940,2008-03-08,2007-08,Liverpool,Newcastle,2.6,0.6,13.8,8.6,13.0,0.6,2.8,9.8,5.6,1.0,H
2941,2008-03-08,2007-08,Reading,Man City,0.4,1.2,9.0,4.4,3.0,0.8,1.4,11.2,6.4,5.0,H
2942,2008-03-09,2007-08,Tottenham,West Ham,1.4,1.0,12.8,8.6,8.0,0.4,2.0,9.2,5.2,4.0,H
2943,2008-03-09,2007-08,Wigan,Arsenal,0.6,0.6,14.2,8.6,7.0,2.2,0.8,15.8,8.4,11.0,D
2944,2008-03-09,2007-08,Sunderland,Everton,0.8,0.8,8.4,4.0,7.0,1.2,0.2,11.6,5.8,11.0,A
2945,2008-03-12,2007-08,Aston Villa,Middlesbrough,1.8,1.2,10.6,6.4,8.0,1.0,1.0,10.6,5.6,7.0,D
2946,2008-03-12,2007-08,Chelsea,Derby,1.4,0.2,13.2,8.4,11.0,0.4,1.4,8.2,4.4,3.0,H
2947,2008-03-12,2007-08,Portsmouth,Birmingham,0.8,1.2,10.6,5.6,7.0,1.6,1.4,7.2,4.6,6.0,H
2948,2008-03-15,2007-08,West Ham,Blackburn,0.4,2.6,9.8,5.8,4.0,1.2,0.8,11.6,4.2,8.0,H
2949,2008-03-15,2007-08,Arsenal,Middlesbrough,1.6,0.8,15.8,8.8,9.0,1.0,1.2,11.2,5.4,5.0,D
2950,2008-03-15,2007-08,Derby,Man United,0.4,2.4,6.6,3.8,2.0,2.4,0.8,18.4,10.6,10.0,A
2951,2008-03-15,2007-08,Liverpool,Reading,2.6,0.6,14.0,9.0,13.0,0.8,1.0,10.2,5.6,6.0,H
2952,2008-03-15,2007-08,Portsmouth,Aston Villa,1.6,1.2,12.6,6.8,10.0,1.8,1.2,10.6,6.4,8.0,H
2953,2008-03-15,2007-08,Sunderland,Chelsea,0.4,1.0,8.4,4.0,4.0,2.4,0.4,13.6,8.6,11.0,A
2954,2008-03-16,2007-08,Fulham,Everton,0.6,1.4,12.0,7.6,4.0,1.4,0.2,10.8,5.8,13.0,H
2955,2008-03-16,2007-08,Man City,Tottenham,0.6,1.6,11.6,6.4,4.0,1.8,1.0,13.0,8.2,8.0,H
2956,2008-03-16,2007-08,Wigan,Bolton,0.6,0.4,13.4,8.0,8.0,0.8,1.6,12.4,5.8,4.0,H
2957,2008-03-17,2007-08,Birmingham,Newcastle,2.0,1.8,7.6,5.2,6.0,0.6,2.8,9.6,5.8,1.0,D
2958,2008-03-19,2007-08,Man United,Bolton,2.2,0.8,16.8,9.6,10.0,0.8,1.8,12.2,6.4,3.0,H
2959,2008-03-19,2007-08,Tottenham,Chelsea,2.0,1.4,14.4,8.8,7.0,2.4,0.4,12.6,7.2,11.0,D
2960,2008-03-22,2007-08,Reading,Birmingham,1.0,1.0,9.8,5.0,6.0,2.0,1.8,7.8,4.6,6.0,H
2961,2008-03-22,2007-08,Tottenham,Portsmouth,2.6,2.0,14.4,9.0,7.0,1.8,1.0,11.8,6.6,12.0,H
2962,2008-03-22,2007-08,Middlesbrough,Derby,1.0,1.2,8.2,3.4,5.0,0.2,2.4,7.4,4.8,1.0,H
2963,2008-03-22,2007-08,Newcastle,Fulham,0.6,2.8,10.2,5.6,1.0,0.4,1.2,11.8,6.4,4.0,H
2964,2008-03-22,2007-08,Bolton,Man City,0.4,2.2,13.4,7.6,0.0,0.8,1.2,13.2,7.6,7.0,D
2965,2008-03-22,2007-08,Aston Villa,Sunderland,1.6,1.2,11.6,7.2,8.0,0.4,0.6,9.4,4.2,4.0,A
2966,2008-03-22,2007-08,Everton,West Ham,1.4,0.4,10.2,5.8,12.0,0.6,2.6,8.6,5.0,6.0,D
2967,2008-03-22,2007-08,Blackburn,Wigan,1.4,1.2,10.8,4.6,7.0,0.6,0.4,13.4,8.8,8.0,H
2968,2008-03-23,2007-08,Chelsea,Arsenal,3.0,1.0,10.6,6.4,11.0,1.2,0.8,16.4,8.8,7.0,H
2969,2008-03-23,2007-08,Man United,Liverpool,2.4,0.6,17.8,10.0,12.0,3.0,0.8,15.8,9.8,15.0,H
2970,2008-03-29,2007-08,Birmingham,Man City,2.0,2.0,9.4,5.4,5.0,0.4,1.0,12.8,7.0,5.0,H
2971,2008-03-29,2007-08,Bolton,Arsenal,0.4,2.0,13.0,7.0,1.0,1.0,1.2,15.2,8.0,4.0,A
2972,2008-03-29,2007-08,Derby,Fulham,0.2,2.0,6.4,3.8,1.0,0.4,1.4,11.6,6.4,4.0,D
2973,2008-03-29,2007-08,Portsmouth,Wigan,1.6,1.4,11.2,6.6,9.0,0.8,0.6,12.0,8.0,8.0,H
2974,2008-03-29,2007-08,Reading,Blackburn,1.4,1.0,9.6,5.6,9.0,2.0,1.0,11.8,5.6,10.0,D
2975,2008-03-29,2007-08,Sunderland,West Ham,0.2,0.6,10.0,4.0,4.0,0.6,2.8,8.8,4.8,4.0,H
2976,2008-03-29,2007-08,Man United,Aston Villa,2.8,0.2,18.4,11.2,15.0,0.8,1.2,10.8,6.2,5.0,H
2977,2008-03-30,2007-08,Chelsea,Middlesbrough,3.4,1.2,11.8,7.4,13.0,1.0,1.2,7.2,2.8,5.0,H
2978,2008-03-30,2007-08,Liverpool,Everton,2.4,1.0,14.8,9.0,12.0,1.4,0.6,10.8,6.0,10.0,H
2979,2008-03-30,2007-08,Tottenham,Newcastle,2.4,2.0,15.2,9.0,7.0,0.8,2.0,12.2,6.8,4.0,A
2980,2008-04-05,2007-08,Wigan,Birmingham,0.4,1.0,11.0,6.2,5.0,2.2,1.8,11.0,6.6,7.0,H
2981,2008-04-05,2007-08,Man City,Chelsea,0.6,1.2,10.4,5.4,5.0,2.8,1.2,12.4,7.0,13.0,A
2982,2008-04-05,2007-08,Newcastle,Reading,1.4,1.2,13.6,7.6,7.0,1.2,0.6,9.4,4.8,10.0,H
2983,2008-04-05,2007-08,Fulham,Sunderland,0.8,1.6,9.8,4.4,5.0,0.6,0.6,13.4,6.0,7.0,A
2984,2008-04-05,2007-08,Aston Villa,Bolton,0.4,1.8,9.6,5.2,2.0,0.6,1.8,12.6,7.0,1.0,H
2985,2008-04-05,2007-08,Arsenal,Liverpool,1.2,1.2,13.4,7.0,6.0,2.0,0.8,15.4,9.0,12.0,D
2986,2008-04-05,2007-08,Blackburn,Tottenham,1.2,0.8,11.4,5.6,8.0,2.4,2.0,15.0,9.0,7.0,D
2987,2008-04-06,2007-08,Everton,Derby,1.0,0.8,8.8,4.8,7.0,0.6,2.0,9.2,5.8,2.0,H
2988,2008-04-06,2007-08,Middlesbrough,Man United,0.6,0.8,7.4,2.8,5.0,2.6,0.0,18.0,10.6,15.0,D
2989,2008-04-08,2007-08,West Ham,Portsmouth,0.8,2.4,9.0,4.2,4.0,1.8,1.4,10.2,6.0,9.0,A
2990,2008-04-12,2007-08,Tottenham,Middlesbrough,1.8,2.2,13.6,8.4,5.0,1.0,1.0,7.8,3.2,6.0,D
2991,2008-04-12,2007-08,Sunderland,Man City,1.2,0.8,12.6,6.2,9.0,0.6,1.6,10.8,5.6,4.0,A
2992,2008-04-12,2007-08,Reading,Fulham,1.0,1.2,9.8,4.8,7.0,1.0,1.6,10.0,4.0,5.0,A
2993,2008-04-12,2007-08,Portsmouth,Newcastle,1.8,0.8,12.0,6.8,12.0,2.0,1.0,13.0,7.6,10.0,D
2994,2008-04-12,2007-08,Bolton,West Ham,0.4,2.0,12.4,7.2,1.0,0.8,1.8,10.6,5.4,4.0,H
2995,2008-04-12,2007-08,Birmingham,Everton,1.4,2.0,9.4,4.8,4.0,0.6,0.6,8.4,4.8,7.0,D
2996,2008-04-12,2007-08,Derby,Aston Villa,0.6,2.2,9.0,6.0,1.0,1.0,1.6,10.6,5.6,4.0,A
2997,2008-04-13,2007-08,Liverpool,Blackburn,1.4,1.0,13.6,7.6,10.0,1.2,1.0,11.0,5.8,6.0,H
2998,2008-04-13,2007-08,Man United,Arsenal,2.4,0.4,17.8,10.0,13.0,1.2,1.2,11.8,6.8,6.0,H
2999,2008-04-14,2007-08,Chelsea,Wigan,2.0,1.0,11.6,6.0,13.0,0.8,1.0,12.4,6.8,7.0,D
3000,2008-04-17,2007-08,Everton,Chelsea,0.6,0.8,9.6,4.8,5.0,2.0,1.2,13.2,7.4,11.0,A
3001,2008-04-19,2007-08,West Ham,Derby,0.8,1.2,11.2,6.0,4.0,0.4,2.2,9.8,6.4,1.0,H
3002,2008-04-19,2007-08,Wigan,Tottenham,1.0,1.2,12.4,7.2,7.0,1.8,2.0,13.6,8.8,6.0,D
3003,2008-04-19,2007-08,Middlesbrough,Bolton,1.0,1.0,8.4,4.2,6.0,0.6,1.8,12.4,7.6,4.0,A
3004,2008-04-19,2007-08,Fulham,Liverpool,1.2,1.4,11.6,4.8,7.0,1.4,1.2,14.0,6.8,10.0,A
3005,2008-04-19,2007-08,Blackburn,Man United,1.2,1.4,9.6,5.6,5.0,2.6,0.6,17.0,9.6,13.0,D
3006,2008-04-19,2007-08,Arsenal,Reading,1.4,1.6,13.4,7.8,5.0,0.6,1.6,8.0,3.2,4.0,H
3007,2008-04-20,2007-08,Aston Villa,Birmingham,2.0,1.4,12.8,7.4,6.0,1.2,1.4,10.8,5.2,5.0,H
3008,2008-04-20,2007-08,Man City,Portsmouth,1.0,1.4,9.8,5.6,7.0,1.0,0.4,12.8,6.6,10.0,H
3009,2008-04-20,2007-08,Newcastle,Sunderland,2.0,0.4,14.6,7.8,11.0,1.4,1.0,13.2,6.4,9.0,H
3010,2008-04-26,2007-08,Wigan,Reading,1.0,1.4,13.0,7.2,5.0,0.4,1.6,7.4,3.0,4.0,D
3011,2008-04-26,2007-08,West Ham,Newcastle,0.8,1.2,11.2,6.4,4.0,2.2,0.2,13.6,7.2,13.0,D
3012,2008-04-26,2007-08,Tottenham,Bolton,1.2,1.4,14.6,9.4,6.0,0.8,1.4,12.0,7.4,7.0,D
3013,2008-04-26,2007-08,Sunderland,Middlesbrough,1.4,1.2,13.4,7.2,9.0,0.8,1.0,10.8,6.0,5.0,H
3014,2008-04-26,2007-08,Man City,Fulham,1.2,1.4,10.4,6.0,7.0,1.0,1.8,11.6,5.6,4.0,A
3015,2008-04-26,2007-08,Chelsea,Man United,1.4,0.4,12.2,6.4,13.0,2.4,0.8,15.4,9.2,11.0,H
3016,2008-04-26,2007-08,Birmingham,Liverpool,1.2,2.2,10.6,5.6,4.0,1.4,1.0,13.4,6.6,10.0,D
3017,2008-04-27,2007-08,Everton,Aston Villa,0.6,0.8,10.2,5.0,5.0,3.0,1.2,12.8,7.2,9.0,D
3018,2008-04-27,2007-08,Portsmouth,Blackburn,0.8,1.0,12.6,6.8,7.0,1.2,1.2,8.6,5.2,6.0,A
3019,2008-04-28,2007-08,Derby,Arsenal,0.6,2.4,10.2,6.4,1.0,1.6,1.4,13.8,8.4,7.0,A
3020,2008-05-03,2007-08,Reading,Tottenham,0.0,1.4,6.2,1.8,2.0,1.0,1.6,16.4,10.4,4.0,A
3021,2008-05-03,2007-08,Middlesbrough,Portsmouth,1.0,1.6,11.6,6.6,2.0,0.8,0.8,14.8,7.2,7.0,H
3022,2008-05-03,2007-08,Man United,West Ham,2.0,1.2,12.4,7.4,8.0,1.0,1.4,12.2,7.6,4.0,H
3023,2008-05-03,2007-08,Fulham,Birmingham,1.6,1.8,13.4,7.2,7.0,1.4,2.2,9.0,4.8,5.0,H
3024,2008-05-03,2007-08,Bolton,Sunderland,1.0,1.6,10.0,6.8,7.0,1.8,1.6,13.0,7.6,9.0,H
3025,2008-05-03,2007-08,Blackburn,Derby,0.8,1.0,8.8,5.6,6.0,1.0,3.4,11.6,8.2,1.0,H
3026,2008-05-03,2007-08,Aston Villa,Wigan,3.4,1.4,12.2,7.2,10.0,0.8,0.8,12.6,6.8,6.0,A
3027,2008-05-04,2007-08,Arsenal,Everton,2.6,1.4,16.4,9.6,10.0,0.8,1.0,10.0,5.0,5.0,H
3028,2008-05-04,2007-08,Liverpool,Man City,1.8,0.8,14.2,7.2,11.0,1.6,2.0,11.0,6.2,6.0,H
3029,2008-05-05,2007-08,Newcastle,Chelsea,2.2,0.6,11.4,6.0,11.0,1.4,0.4,12.6,6.4,13.0,A
3030,2008-05-11,2007-08,Wigan,Man United,1.2,0.4,11.0,6.0,9.0,2.0,1.4,11.2,6.8,8.0,A
3031,2008-05-11,2007-08,West Ham,Aston Villa,1.0,1.8,12.0,7.8,4.0,3.4,1.0,12.4,7.0,10.0,D
3032,2008-05-11,2007-08,Tottenham,Liverpool,1.0,0.8,15.4,9.8,7.0,1.8,0.8,15.8,7.4,11.0,A
3033,2008-05-11,2007-08,Sunderland,Arsenal,1.4,1.8,9.6,6.0,6.0,2.2,1.0,15.2,8.4,10.0,A
3034,2008-05-11,2007-08,Portsmouth,Fulham,0.4,1.2,15.0,7.4,4.0,1.6,1.4,13.4,7.6,9.0,A
3035,2008-05-11,2007-08,Everton,Newcastle,0.8,1.0,11.0,5.4,5.0,1.4,0.8,10.6,5.2,8.0,H
3036,2008-05-11,2007-08,Derby,Reading,0.8,3.6,9.0,6.2,0.0,0.0,1.6,7.2,2.6,1.0,A
3037,2008-05-11,2007-08,Chelsea,Bolton,1.6,0.4,13.0,7.0,13.0,1.0,1.0,8.2,5.4,10.0,D
3038,2008-05-11,2007-08,Birmingham,Blackburn,0.8,2.4,7.4,3.4,2.0,1.4,1.2,12.0,7.2,8.0,H
3039,2008-05-11,2007-08,Middlesbrough,Man City,1.4,1.4,12.4,7.4,5.0,1.4,1.6,10.2,6.0,6.0,H
3040,2008-08-16,2008-09,Sunderland,Liverpool,0.8,1.8,10.4,5.8,3.0,2.0,0.6,17.2,9.0,13.0,A
3041,2008-08-16,2008-09,West Ham,Wigan,1.4,2.0,13.2,7.8,5.0,0.8,0.8,11.0,5.6,6.0,H
3042,2008-08-16,2008-09,Middlesbrough,Tottenham,2.6,1.2,13.8,9.0,7.0,0.8,1.0,14.4,8.8,6.0,H
3043,2008-08-16,2008-09,Everton,Blackburn,1.2,1.2,12.8,6.6,5.0,1.4,1.8,12.4,7.6,7.0,A
3045,2008-08-16,2008-09,Arsenal,West Brom,2.2,0.8,16.0,8.8,12.0,0.6,1.8,8.8,2.4,2.0,H
3047,2008-08-17,2008-09,Aston Villa,Man City,3.0,1.4,13.0,7.4,8.0,1.6,2.8,9.0,5.0,6.0,H
3048,2008-08-17,2008-09,Chelsea,Portsmouth,1.4,0.6,14.8,8.4,11.0,0.2,1.4,14.4,7.6,1.0,H
3049,2008-08-17,2008-09,Man United,Newcastle,2.0,1.0,10.4,6.6,10.0,1.0,1.4,8.4,3.8,5.0,D
3050,2008-08-23,2008-09,Newcastle,Bolton,1.2,1.6,7.8,3.6,5.0,1.6,0.6,8.6,5.4,11.0,H
3052,2008-08-23,2008-09,Fulham,Arsenal,1.4,1.2,11.2,7.0,9.0,2.2,0.4,17.2,9.4,15.0,H
3053,2008-08-23,2008-09,Liverpool,Middlesbrough,1.6,0.4,16.6,8.8,13.0,2.8,1.2,14.0,9.6,9.0,H
3055,2008-08-23,2008-09,Tottenham,Sunderland,0.8,1.2,13.6,8.0,5.0,0.6,1.6,9.2,5.0,3.0,A
3056,2008-08-23,2008-09,West Brom,Everton,0.4,1.4,8.2,3.0,2.0,1.4,1.6,12.2,6.4,4.0,A
3057,2008-08-24,2008-09,Man City,West Ham,1.6,3.4,10.2,5.6,3.0,1.8,2.0,14.0,8.0,8.0,H
3058,2008-08-24,2008-09,Wigan,Chelsea,0.8,1.0,14.2,6.4,5.0,2.0,0.4,14.6,8.6,13.0,A
3059,2008-08-25,2008-09,Portsmouth,Man United,0.2,2.2,13.4,7.6,0.0,1.8,1.0,11.4,7.6,8.0,A
3060,2008-08-30,2008-09,Bolton,West Brom,1.4,0.8,8.0,4.4,8.0,0.6,1.8,9.2,3.6,1.0,D
3061,2008-08-30,2008-09,West Ham,Blackburn,1.4,2.4,12.2,6.4,5.0,1.8,1.6,15.6,9.6,10.0,H
3063,2008-08-30,2008-09,Arsenal,Newcastle,1.8,0.6,16.4,8.2,12.0,1.0,1.6,8.2,4.4,5.0,H
3064,2008-08-30,2008-09,Everton,Portsmouth,1.8,1.6,12.0,6.8,7.0,0.0,1.8,13.6,7.6,0.0,A
3066,2008-08-31,2008-09,Aston Villa,Liverpool,2.0,2.2,10.4,5.6,5.0,1.6,0.6,16.6,9.0,13.0,D
3067,2008-08-31,2008-09,Chelsea,Tottenham,2.0,0.4,15.0,8.6,13.0,0.8,1.4,14.2,7.8,4.0,D
3068,2008-08-31,2008-09,Sunderland,Man City,1.0,1.4,9.2,4.8,6.0,1.6,3.2,9.8,5.4,3.0,A
3069,2008-09-13,2008-09,Wigan,Sunderland,1.6,1.0,12.8,6.2,6.0,0.4,1.6,9.2,4.6,3.0,D
3070,2008-09-13,2008-09,Blackburn,Arsenal,1.8,2.4,15.6,9.2,7.0,1.2,0.2,16.4,8.8,12.0,A
3071,2008-09-13,2008-09,Fulham,Bolton,1.6,0.8,10.2,6.2,12.0,1.2,0.6,10.2,5.4,8.0,H
3072,2008-09-13,2008-09,Liverpool,Man United,1.2,0.2,15.8,8.2,13.0,1.8,0.8,11.2,7.0,10.0,H
3073,2008-09-13,2008-09,Man City,Chelsea,1.8,2.6,9.6,6.0,6.0,1.8,0.4,14.8,7.6,11.0,A
3075,2008-09-13,2008-09,Portsmouth,Middlesbrough,0.6,1.6,11.8,7.4,3.0,3.0,1.0,14.8,9.6,12.0,H
3076,2008-09-13,2008-09,West Brom,West Ham,0.6,1.2,10.6,4.8,2.0,1.8,2.2,10.8,5.4,7.0,H
3078,2008-09-15,2008-09,Tottenham,Aston Villa,0.8,1.4,10.2,6.4,4.0,1.6,1.8,10.2,5.4,5.0,A
3079,2008-09-20,2008-09,Sunderland,Middlesbrough,0.6,1.4,9.4,4.8,4.0,2.8,1.4,14.0,8.8,9.0,H
3080,2008-09-20,2008-09,West Ham,Newcastle,2.0,2.0,13.2,7.0,7.0,0.8,1.8,8.2,4.0,4.0,H
3082,2008-09-20,2008-09,Blackburn,Fulham,1.2,3.0,12.6,7.0,4.0,1.4,0.6,10.6,6.2,12.0,H
3083,2008-09-20,2008-09,Bolton,Arsenal,1.0,1.0,11.0,6.4,5.0,1.8,0.2,17.6,10.4,12.0,A
3084,2008-09-21,2008-09,Chelsea,Man United,2.0,0.6,14.8,7.4,11.0,1.8,0.8,11.2,6.4,10.0,D
3086,2008-09-21,2008-09,Man City,Portsmouth,2.0,3.0,11.4,6.8,6.0,1.0,1.4,13.4,8.2,6.0,H
3087,2008-09-21,2008-09,Tottenham,Wigan,0.8,1.8,11.0,7.0,1.0,1.4,1.2,13.4,6.8,4.0,D
3088,2008-09-21,2008-09,West Brom,Aston Villa,1.2,1.4,10.0,5.6,5.0,2.0,1.6,10.8,7.0,8.0,A
3089,2008-09-27,2008-09,Stoke,Chelsea,1.4,2.0,7.6,3.0,4.0,2.0,0.6,15.0,7.6,11.0,A
3090,2008-09-27,2008-09,Newcastle,Blackburn,0.8,1.8,9.8,5.2,4.0,1.2,2.2,12.0,6.0,7.0,A
3091,2008-09-27,2008-09,Middlesbrough,West Brom,1.2,1.6,13.0,8.0,6.0,1.0,1.4,10.8,5.8,4.0,A
3092,2008-09-27,2008-09,Man United,Bolton,1.2,0.8,12.2,7.2,8.0,1.0,1.4,12.2,7.2,4.0,H
3093,2008-09-27,2008-09,Aston Villa,Sunderland,2.0,1.4,10.2,6.4,10.0,1.0,1.2,10.2,6.0,7.0,H
3094,2008-09-27,2008-09,Everton,Liverpool,1.8,2.2,12.0,6.4,7.0,1.0,0.4,16.2,8.2,11.0,A
3095,2008-09-27,2008-09,Arsenal,Hull,2.2,0.4,19.2,10.6,12.0,1.4,2.0,9.0,4.8,8.0,A
3096,2008-09-27,2008-09,Fulham,West Ham,1.0,0.8,11.0,6.0,9.0,2.2,1.8,12.4,6.6,9.0,A
3097,2008-09-28,2008-09,Portsmouth,Tottenham,1.0,2.4,12.4,7.0,6.0,0.8,1.4,12.0,7.2,2.0,H
3098,2008-09-28,2008-09,Wigan,Man City,1.4,0.8,13.2,6.8,5.0,3.0,1.4,12.6,8.4,9.0,H
3099,2008-10-04,2008-09,Wigan,Middlesbrough,1.6,0.6,10.6,5.8,8.0,0.8,1.6,14.6,8.6,3.0,A
3100,2008-10-04,2008-09,West Brom,Fulham,1.2,1.2,12.6,6.8,7.0,1.0,1.2,13.2,6.4,6.0,H
3101,2008-10-04,2008-09,Blackburn,Man United,1.0,2.0,10.8,5.4,7.0,1.2,0.8,16.2,10.8,8.0,A
3102,2008-10-04,2008-09,Sunderland,Arsenal,1.2,1.4,10.8,6.0,7.0,2.2,0.8,18.0,9.6,9.0,D
3103,2008-10-05,2008-09,Chelsea,Aston Villa,1.6,0.6,14.2,7.2,11.0,1.6,1.2,9.8,6.0,10.0,H
3104,2008-10-05,2008-09,Everton,Newcastle,1.4,2.0,10.8,5.8,7.0,0.8,2.0,8.4,4.8,3.0,D
3105,2008-10-05,2008-09,Man City,Liverpool,2.8,1.0,12.2,8.0,9.0,1.2,0.4,15.6,7.8,11.0,A
3106,2008-10-05,2008-09,Portsmouth,Stoke,1.4,1.6,11.6,6.6,9.0,1.2,1.8,7.0,3.0,4.0,H
3107,2008-10-05,2008-09,Tottenham,Hull,0.6,1.4,13.4,7.8,2.0,1.4,2.0,8.2,4.6,8.0,A
3108,2008-10-05,2008-09,West Ham,Bolton,2.2,1.8,12.6,7.0,9.0,0.4,1.6,11.4,6.6,1.0,A
3109,2008-10-18,2008-09,Arsenal,Everton,2.4,0.8,17.6,9.8,10.0,1.4,2.2,11.6,5.4,5.0,H
3110,2008-10-18,2008-09,Aston Villa,Portsmouth,1.2,1.0,10.4,6.2,10.0,1.8,1.6,12.4,7.6,12.0,D
3111,2008-10-18,2008-09,Bolton,Blackburn,1.0,1.6,12.0,7.0,4.0,0.8,2.2,9.6,5.0,6.0,D
3112,2008-10-18,2008-09,Fulham,Sunderland,0.8,1.0,13.6,6.2,6.0,1.0,1.4,10.0,5.6,5.0,D
3113,2008-10-18,2008-09,Liverpool,Wigan,1.4,0.6,15.2,7.6,11.0,1.6,0.6,12.8,6.4,8.0,H
3114,2008-10-18,2008-09,Man United,West Brom,1.4,0.6,16.2,10.2,10.0,1.2,0.8,12.4,7.6,10.0,H
3115,2008-10-18,2008-09,Middlesbrough,Chelsea,0.8,1.2,14.0,8.2,6.0,1.8,0.6,18.2,9.6,11.0,A
3116,2008-10-19,2008-09,Hull,West Ham,1.4,1.8,8.8,5.0,10.0,2.4,1.8,14.6,8.0,9.0,H
3117,2008-10-19,2008-09,Stoke,Tottenham,0.8,1.8,7.0,3.6,1.0,0.4,1.2,15.2,8.8,2.0,H
3118,2008-10-20,2008-09,Newcastle,Man City,1.0,2.4,8.6,5.0,1.0,2.6,1.6,10.8,7.2,6.0,D
3119,2008-10-25,2008-09,Blackburn,Middlesbrough,0.6,1.4,8.8,3.8,7.0,0.4,2.0,11.2,6.6,3.0,D
3120,2008-10-25,2008-09,Everton,Man United,1.6,2.2,9.8,4.6,5.0,2.0,0.6,17.4,11.6,10.0,D
3121,2008-10-25,2008-09,Sunderland,Newcastle,1.0,0.8,10.8,6.2,6.0,1.4,2.2,9.0,5.0,2.0,H
3122,2008-10-25,2008-09,West Brom,Hull,1.2,1.6,11.2,6.6,9.0,1.6,0.8,9.2,4.8,13.0,A
3123,2008-10-26,2008-09,Chelsea,Liverpool,2.6,0.4,20.0,11.8,13.0,2.0,1.0,17.0,8.4,13.0,A
3124,2008-10-26,2008-09,Man City,Stoke,2.4,2.0,13.0,7.2,4.0,1.0,1.6,7.0,3.8,4.0,H
3125,2008-10-26,2008-09,Portsmouth,Fulham,1.2,1.6,12.8,7.2,10.0,0.6,1.0,15.2,7.6,4.0,D
3126,2008-10-26,2008-09,Tottenham,Bolton,0.4,1.4,16.2,8.8,1.0,1.0,1.6,10.4,6.0,4.0,H
3127,2008-10-26,2008-09,West Ham,Arsenal,1.6,1.8,15.2,7.8,6.0,2.4,1.0,18.0,9.8,10.0,A
3128,2008-10-26,2008-09,Wigan,Aston Villa,1.0,1.2,12.6,6.2,5.0,1.2,1.0,11.4,6.4,10.0,A
3129,2008-10-28,2008-09,Newcastle,West Brom,1.4,2.2,8.4,5.2,2.0,0.6,1.8,13.4,8.2,6.0,H
3130,2008-10-29,2008-09,Stoke,Sunderland,0.6,1.6,6.4,3.6,4.0,1.2,0.8,12.4,5.8,8.0,H
3131,2008-10-29,2008-09,Man United,West Ham,2.0,0.4,19.6,13.8,11.0,1.2,1.6,12.4,5.8,6.0,H
3132,2008-10-29,2008-09,Liverpool,Portsmouth,1.8,0.8,15.4,6.8,13.0,1.0,1.6,12.8,7.2,8.0,H
3133,2008-10-29,2008-09,Hull,Chelsea,1.8,0.6,10.8,6.0,13.0,2.0,0.4,19.2,11.2,10.0,A
3134,2008-10-29,2008-09,Middlesbrough,Man City,0.4,1.8,10.8,6.4,4.0,2.8,1.4,14.0,8.2,7.0,H
3135,2008-10-29,2008-09,Bolton,Everton,0.8,1.6,10.8,5.2,4.0,1.2,2.0,10.8,5.4,3.0,A
3136,2008-10-29,2008-09,Aston Villa,Blackburn,1.6,0.8,9.8,5.2,10.0,0.8,0.8,9.4,4.2,8.0,H
3137,2008-10-29,2008-09,Arsenal,Tottenham,2.0,1.0,18.6,9.8,10.0,0.6,1.0,16.6,8.6,4.0,D
3138,2008-10-29,2008-09,Fulham,Wigan,0.4,1.0,13.0,6.0,2.0,0.8,1.8,13.6,5.6,4.0,H
3139,2008-11-01,2008-09,West Brom,Blackburn,0.6,1.8,14.2,7.8,6.0,1.0,1.4,9.4,4.4,5.0,D
3140,2008-11-01,2008-09,Stoke,Arsenal,0.8,1.6,7.6,4.4,6.0,2.2,1.6,18.6,10.4,8.0,H
3141,2008-11-01,2008-09,Portsmouth,Wigan,1.0,0.6,11.6,6.6,8.0,0.8,2.2,11.8,4.8,3.0,A
3142,2008-11-01,2008-09,Tottenham,Liverpool,1.4,1.8,16.2,9.0,4.0,2.0,0.8,14.2,6.6,15.0,H
3143,2008-11-01,2008-09,Man United,Hull,2.2,0.2,21.2,14.6,13.0,1.4,0.8,11.0,6.0,12.0,H
3144,2008-11-01,2008-09,Everton,Fulham,1.0,1.6,9.6,5.2,5.0,0.8,0.8,12.2,5.4,5.0,H
3145,2008-11-01,2008-09,Chelsea,Sunderland,2.4,0.2,20.6,10.8,12.0,0.8,1.0,10.8,4.4,5.0,H
3146,2008-11-01,2008-09,Middlesbrough,West Ham,0.8,1.4,9.0,4.8,7.0,0.6,1.8,10.8,4.8,3.0,D
3147,2008-11-02,2008-09,Bolton,Man City,0.6,1.2,12.0,6.0,4.0,1.6,1.8,13.8,7.8,4.0,H
3148,2008-11-03,2008-09,Newcastle,Aston Villa,1.6,1.8,8.2,4.6,5.0,1.8,1.0,9.4,5.0,10.0,H
3149,2008-11-08,2008-09,Wigan,Stoke,0.8,2.2,12.4,5.6,3.0,1.2,1.4,8.0,5.0,9.0,D
3150,2008-11-08,2008-09,Arsenal,Man United,2.2,1.6,17.6,9.8,8.0,2.6,0.8,19.0,12.0,13.0,H
3151,2008-11-08,2008-09,Hull,Bolton,1.6,1.4,11.8,6.4,9.0,1.0,0.8,14.0,7.4,7.0,A
3152,2008-11-08,2008-09,Liverpool,West Brom,1.8,1.2,14.8,6.6,12.0,0.8,2.2,14.4,7.6,4.0,H
3153,2008-11-08,2008-09,Sunderland,Portsmouth,0.6,1.6,9.2,3.8,5.0,0.8,1.0,13.2,7.0,5.0,A
3154,2008-11-08,2008-09,West Ham,Everton,0.4,1.8,10.2,4.4,1.0,1.2,1.2,10.6,5.6,8.0,A
3155,2008-11-09,2008-09,Fulham,Newcastle,0.6,0.6,11.6,5.2,5.0,1.8,1.4,9.6,5.6,8.0,H
3156,2008-11-09,2008-09,Man City,Tottenham,1.4,1.8,13.8,7.8,4.0,1.8,1.6,14.8,8.2,7.0,A
3157,2008-11-09,2008-09,Aston Villa,Middlesbrough,1.4,1.2,8.2,3.6,7.0,1.0,1.4,6.8,3.6,8.0,A
3158,2008-11-09,2008-09,Blackburn,Chelsea,1.0,1.6,9.4,3.8,3.0,3.0,0.2,21.2,11.2,12.0,A
3159,2008-11-15,2008-09,Arsenal,Aston Villa,2.4,1.6,17.2,9.8,10.0,1.6,1.2,9.4,4.8,7.0,A
3160,2008-11-15,2008-09,Blackburn,Sunderland,1.0,1.6,9.8,3.8,3.0,0.6,1.8,9.4,4.0,4.0,A
3161,2008-11-15,2008-09,Bolton,Liverpool,0.6,0.6,13.6,7.4,7.0,1.8,0.8,14.2,7.2,12.0,A
3162,2008-11-15,2008-09,Fulham,Tottenham,1.0,0.6,11.0,5.4,8.0,2.2,1.6,12.2,6.8,10.0,H
3163,2008-11-15,2008-09,Man United,Stoke,2.4,1.2,18.8,12.0,10.0,1.0,1.0,6.8,4.2,10.0,H
3164,2008-11-15,2008-09,Newcastle,Wigan,1.6,1.4,10.0,5.2,7.0,0.8,2.0,12.6,6.6,4.0,D
3165,2008-11-15,2008-09,West Brom,Chelsea,0.6,2.8,12.6,6.4,1.0,3.0,0.2,19.4,10.8,12.0,A
3166,2008-11-15,2008-09,West Ham,Portsmouth,0.4,1.8,10.6,6.0,1.0,0.8,1.0,11.8,5.8,5.0,D
3167,2008-11-16,2008-09,Hull,Man City,1.4,1.6,13.0,7.4,6.0,1.2,1.6,14.2,8.2,4.0,D
3168,2008-11-16,2008-09,Everton,Middlesbrough,1.4,1.0,10.4,6.0,10.0,1.2,1.6,8.6,4.8,8.0,D
3169,2008-11-22,2008-09,Aston Villa,Man United,2.0,1.2,9.2,5.4,9.0,2.6,1.2,19.4,12.2,10.0,D
3170,2008-11-22,2008-09,Chelsea,Newcastle,2.6,0.2,18.2,9.8,12.0,1.6,1.4,12.2,6.6,7.0,D
3171,2008-11-22,2008-09,Liverpool,Fulham,1.6,0.4,13.8,7.0,12.0,1.4,0.8,11.6,6.4,10.0,D
3172,2008-11-22,2008-09,Man City,Arsenal,1.2,1.6,12.6,8.2,4.0,1.8,1.8,15.0,8.6,7.0,H
3173,2008-11-22,2008-09,Middlesbrough,Bolton,1.4,0.8,9.4,4.6,9.0,0.6,1.0,14.6,8.4,6.0,A
3174,2008-11-22,2008-09,Portsmouth,Hull,0.8,1.0,12.4,6.6,5.0,1.6,2.0,12.8,7.8,4.0,D
3175,2008-11-22,2008-09,Stoke,West Brom,0.6,1.8,6.0,3.8,7.0,0.6,2.6,14.0,6.6,1.0,H
3176,2008-11-23,2008-09,Tottenham,Blackburn,2.2,1.6,11.4,6.2,10.0,1.2,2.0,11.4,5.2,2.0,H
3177,2008-11-23,2008-09,Sunderland,West Ham,1.0,2.0,8.6,3.8,6.0,0.4,1.6,10.0,6.0,2.0,A
3178,2008-11-24,2008-09,Wigan,Everton,0.8,1.8,13.6,7.2,5.0,1.4,0.6,12.0,6.8,11.0,H
3179,2008-11-29,2008-09,Aston Villa,Fulham,1.2,1.2,9.4,5.4,7.0,1.2,0.6,11.0,6.6,10.0,D
3180,2008-11-29,2008-09,Middlesbrough,Newcastle,1.4,1.2,12.0,5.2,8.0,1.4,1.0,10.6,5.6,8.0,D
3181,2008-11-29,2008-09,Stoke,Hull,0.8,1.2,6.0,4.0,10.0,1.4,2.4,12.2,7.0,2.0,D
3182,2008-11-29,2008-09,Sunderland,Bolton,0.6,2.0,9.2,4.4,3.0,1.2,0.8,14.8,8.8,9.0,A
3183,2008-11-29,2008-09,Wigan,West Brom,1.0,1.0,12.6,7.4,8.0,0.6,2.2,10.8,3.8,1.0,H
3184,2008-11-30,2008-09,Tottenham,Everton,2.0,1.6,10.8,5.8,10.0,1.2,0.6,10.8,5.4,10.0,A
3185,2008-11-30,2008-09,Portsmouth,Blackburn,1.0,1.2,11.0,5.6,5.0,1.0,2.0,10.6,5.4,1.0,H
3186,2008-11-30,2008-09,Chelsea,Arsenal,2.6,0.0,20.4,11.6,13.0,1.4,2.4,13.2,7.6,4.0,A
3187,2008-11-30,2008-09,Man City,Man United,1.2,1.6,11.4,7.4,4.0,2.4,1.0,18.2,10.8,10.0,A
3188,2008-12-01,2008-09,Liverpool,West Ham,1.4,0.4,15.8,7.8,10.0,0.6,1.2,10.6,6.4,5.0,D
3189,2008-12-06,2008-09,Newcastle,Stoke,1.0,0.8,10.6,5.6,6.0,0.8,1.4,6.2,3.8,8.0,D
3190,2008-12-06,2008-09,Arsenal,Wigan,1.0,1.8,11.0,6.4,6.0,1.4,0.8,15.0,8.8,11.0,H
3191,2008-12-06,2008-09,Blackburn,Liverpool,1.0,2.0,10.4,4.8,1.0,1.2,0.4,15.8,7.4,8.0,A
3192,2008-12-06,2008-09,Bolton,Chelsea,2.0,0.8,13.4,7.6,12.0,2.2,0.4,17.4,10.4,10.0,A
3193,2008-12-06,2008-09,Fulham,Man City,0.8,0.6,10.6,6.6,8.0,1.2,1.4,10.8,6.0,4.0,D
3194,2008-12-06,2008-09,Hull,Middlesbrough,1.6,2.0,11.4,7.0,3.0,1.0,1.2,13.8,6.0,6.0,H
3195,2008-12-06,2008-09,Man United,Sunderland,2.2,1.0,16.4,10.0,10.0,0.8,2.6,10.2,5.4,3.0,H
3196,2008-12-07,2008-09,West Brom,Portsmouth,0.6,2.2,11.4,4.8,1.0,1.6,1.4,12.0,6.6,8.0,D
3197,2008-12-07,2008-09,Everton,Aston Villa,1.2,0.6,10.2,5.2,10.0,0.6,0.8,10.2,5.4,5.0,A
3198,2008-12-08,2008-09,West Ham,Tottenham,0.6,0.8,11.2,6.8,6.0,1.2,1.0,11.8,5.8,9.0,A
3199,2008-12-13,2008-09,Tottenham,Man United,1.2,0.8,13.6,7.4,9.0,1.6,0.4,17.8,10.8,10.0,D
3200,2008-12-13,2008-09,Sunderland,West Brom,0.8,1.8,10.4,5.8,3.0,0.4,2.0,11.2,4.8,1.0,H
3201,2008-12-13,2008-09,Stoke,Fulham,0.8,1.6,7.2,3.6,6.0,1.0,0.6,10.0,7.2,9.0,D
3202,2008-12-13,2008-09,Wigan,Blackburn,1.0,0.8,14.6,8.0,8.0,0.8,2.2,10.0,4.4,0.0,H
3203,2008-12-13,2008-09,Man City,Everton,1.4,1.2,11.6,6.2,5.0,1.4,1.2,10.8,5.8,7.0,A
3204,2008-12-13,2008-09,Liverpool,Hull,1.6,0.2,15.0,7.4,11.0,1.4,1.4,12.6,7.0,6.0,D
3205,2008-12-13,2008-09,Aston Villa,Bolton,1.2,0.8,10.0,6.2,8.0,1.6,1.2,13.6,7.4,9.0,H
3206,2008-12-13,2008-09,Middlesbrough,Arsenal,1.0,1.4,13.4,6.0,5.0,1.0,1.4,10.6,6.0,9.0,D
3207,2008-12-14,2008-09,Chelsea,West Ham,1.6,0.4,16.2,9.6,10.0,0.4,1.0,10.8,6.0,5.0,D
3208,2008-12-14,2008-09,Portsmouth,Newcastle,1.6,1.2,10.0,5.6,9.0,1.0,1.2,10.2,5.4,4.0,A
3209,2008-12-20,2008-09,West Ham,Aston Villa,0.4,0.6,8.6,3.8,6.0,1.8,0.8,10.4,5.8,11.0,A
3210,2008-12-20,2008-09,Blackburn,Stoke,0.8,2.4,10.6,4.6,0.0,0.8,1.6,8.0,3.8,6.0,H
3211,2008-12-20,2008-09,Bolton,Portsmouth,1.8,2.0,13.4,7.2,6.0,1.2,1.6,11.6,5.8,6.0,H
3212,2008-12-20,2008-09,Fulham,Middlesbrough,0.6,0.4,9.6,7.2,7.0,0.8,1.4,12.0,5.0,3.0,H
3213,2008-12-20,2008-09,Hull,Sunderland,1.8,1.6,11.2,5.4,7.0,1.4,1.4,11.8,6.6,6.0,A
3214,2008-12-21,2008-09,Newcastle,Tottenham,1.4,0.8,9.6,5.0,7.0,0.8,0.6,13.0,6.8,7.0,H
3215,2008-12-21,2008-09,West Brom,Man City,0.4,2.2,13.2,5.6,1.0,1.2,1.0,11.2,5.6,5.0,H
3216,2008-12-21,2008-09,Arsenal,Liverpool,0.8,1.4,11.8,6.8,7.0,1.4,0.6,17.2,7.4,9.0,D
3217,2008-12-22,2008-09,Everton,Chelsea,1.0,1.0,10.6,5.2,7.0,1.4,0.6,16.4,9.4,8.0,D
3218,2008-12-26,2008-09,Sunderland,Blackburn,1.8,1.4,12.8,6.6,6.0,1.2,2.0,9.4,4.8,3.0,D
3219,2008-12-26,2008-09,Aston Villa,Arsenal,1.6,0.8,10.6,5.4,11.0,1.0,1.2,10.8,5.8,8.0,D
3220,2008-12-26,2008-09,Chelsea,West Brom,0.8,0.6,14.6,8.0,6.0,0.8,1.8,13.0,6.4,4.0,H
3221,2008-12-26,2008-09,Liverpool,Bolton,1.2,0.8,16.2,7.4,7.0,2.2,1.8,14.2,7.4,9.0,H
3222,2008-12-26,2008-09,Man City,Hull,1.0,1.0,11.0,5.4,4.0,1.6,2.0,11.8,5.8,6.0,H
3223,2008-12-26,2008-09,Middlesbrough,Everton,0.6,1.8,12.2,5.4,2.0,0.8,0.8,9.6,5.4,7.0,A
3224,2008-12-26,2008-09,Portsmouth,West Ham,1.4,2.0,11.0,5.4,5.0,0.4,0.8,9.8,5.4,5.0,A
3225,2008-12-26,2008-09,Stoke,Man United,0.8,1.2,10.2,4.4,6.0,1.4,0.0,17.4,11.4,11.0,A
3226,2008-12-26,2008-09,Tottenham,Fulham,0.8,0.6,13.8,7.4,7.0,0.8,0.2,10.2,7.0,7.0,D
3227,2008-12-26,2008-09,Wigan,Newcastle,1.6,0.8,12.2,6.2,10.0,1.4,0.6,7.6,4.0,9.0,H
3228,2008-12-28,2008-09,Newcastle,Liverpool,1.6,1.0,8.2,4.6,8.0,1.8,0.8,16.2,7.6,9.0,A
3229,2008-12-28,2008-09,Fulham,Chelsea,0.8,0.2,11.0,7.2,7.0,1.2,0.6,14.2,8.2,8.0,D
3230,2008-12-28,2008-09,Everton,Sunderland,1.0,0.6,10.4,6.2,10.0,1.8,1.2,12.0,7.0,7.0,H
3231,2008-12-28,2008-09,West Brom,Tottenham,0.8,2.0,12.6,6.4,4.0,0.6,0.6,13.4,7.4,5.0,H
3232,2008-12-28,2008-09,Blackburn,Man City,1.2,1.8,9.0,4.2,4.0,1.4,1.2,13.2,7.0,4.0,D
3233,2008-12-28,2008-09,Arsenal,Portsmouth,1.4,1.0,10.2,6.0,9.0,1.2,2.4,12.4,6.8,4.0,H
3234,2008-12-28,2008-09,Bolton,Wigan,1.6,2.2,12.8,6.8,6.0,1.6,0.6,12.0,5.8,12.0,A
3235,2008-12-28,2008-09,West Ham,Stoke,1.0,1.0,11.0,6.2,5.0,0.6,1.4,9.6,3.6,3.0,H
3236,2008-12-29,2008-09,Man United,Middlesbrough,0.6,0.0,16.6,10.4,11.0,0.4,1.4,10.0,5.4,2.0,H
3237,2008-12-30,2008-09,Hull,Aston Villa,1.4,2.6,12.2,6.8,5.0,2.0,1.2,11.2,5.8,11.0,A
3238,2009-01-10,2008-09,Arsenal,Bolton,1.2,0.8,10.6,6.2,9.0,0.8,2.2,13.4,7.2,3.0,H
3239,2009-01-10,2008-09,Aston Villa,West Brom,2.2,1.2,10.2,5.6,13.0,1.0,1.6,12.6,6.8,7.0,H
3240,2009-01-10,2008-09,Everton,Hull,1.4,0.6,10.8,6.2,10.0,1.2,2.6,12.6,6.4,4.0,H
3241,2009-01-10,2008-09,Middlesbrough,Sunderland,0.4,1.6,8.6,4.4,1.0,1.6,1.0,10.8,6.2,7.0,D
3242,2009-01-10,2008-09,Newcastle,West Ham,1.8,2.0,8.2,5.0,7.0,1.4,1.2,12.6,7.0,7.0,D
3243,2009-01-10,2008-09,Stoke,Liverpool,0.6,1.6,9.2,3.6,2.0,2.8,1.0,15.4,8.4,11.0,D
3244,2009-01-11,2008-09,Man United,Chelsea,0.8,0.0,19.8,11.6,13.0,1.4,0.6,15.6,10.0,9.0,H
3245,2009-01-11,2008-09,Wigan,Tottenham,1.6,0.6,11.6,6.0,12.0,0.6,0.8,11.4,6.8,5.0,H
3246,2009-01-14,2008-09,Man United,Wigan,1.2,0.0,20.2,12.2,13.0,1.4,0.4,10.8,5.2,12.0,H
3247,2009-01-17,2008-09,Sunderland,Aston Villa,1.8,1.0,12.4,6.8,8.0,2.0,1.0,13.4,7.2,13.0,A
3248,2009-01-17,2008-09,Man City,Wigan,1.8,1.4,13.8,7.4,5.0,1.4,0.4,11.4,5.0,12.0,H
3249,2009-01-17,2008-09,Hull,Arsenal,0.8,2.8,10.2,5.0,1.0,1.2,0.8,11.2,7.2,9.0,A
3250,2009-01-17,2008-09,West Brom,Middlesbrough,1.0,1.8,11.6,6.4,6.0,0.4,1.4,8.6,3.6,2.0,H
3251,2009-01-17,2008-09,Bolton,Man United,0.8,2.0,9.6,5.4,3.0,1.2,0.0,16.6,10.4,13.0,A
3252,2009-01-17,2008-09,Blackburn,Newcastle,1.2,1.6,9.2,5.0,5.0,1.8,2.0,10.6,6.2,7.0,H
3253,2009-01-17,2008-09,Chelsea,Stoke,1.0,1.2,15.4,9.8,6.0,0.2,1.2,7.8,2.8,2.0,H
3254,2009-01-18,2008-09,Tottenham,Portsmouth,0.2,1.0,9.2,5.0,2.0,0.6,2.2,11.4,6.2,1.0,D
3255,2009-01-18,2008-09,West Ham,Fulham,1.8,1.2,12.8,8.4,8.0,1.2,0.6,11.0,7.2,7.0,H
3256,2009-01-19,2008-09,Liverpool,Everton,2.2,0.8,14.8,7.8,9.0,1.4,0.0,10.0,5.8,13.0,D
3257,2009-01-27,2008-09,Tottenham,Stoke,0.4,1.2,12.2,6.8,2.0,0.4,1.6,7.4,2.6,1.0,H
3258,2009-01-27,2008-09,West Brom,Man United,1.6,1.0,11.2,6.8,9.0,1.4,0.0,16.8,10.6,15.0,A
3259,2009-01-27,2008-09,Portsmouth,Aston Villa,0.6,2.2,12.4,6.4,1.0,1.6,0.8,11.0,6.4,13.0,A
3260,2009-01-27,2008-09,Sunderland,Fulham,1.2,1.4,11.0,6.0,5.0,1.2,1.0,10.4,6.6,6.0,H
3261,2009-01-28,2008-09,Blackburn,Bolton,1.6,1.0,9.6,5.2,8.0,0.4,1.4,9.2,4.8,3.0,D
3262,2009-01-28,2008-09,Chelsea,Middlesbrough,1.2,1.2,19.0,11.8,8.0,0.2,1.8,8.8,3.6,1.0,H
3263,2009-01-28,2008-09,Everton,Arsenal,1.4,0.2,9.2,6.2,11.0,1.6,0.8,10.4,6.8,11.0,D
3264,2009-01-28,2008-09,Man City,Newcastle,1.8,1.2,12.8,6.6,7.0,1.2,2.6,10.6,5.8,4.0,H
3265,2009-01-28,2008-09,West Ham,Hull,2.2,1.2,14.2,9.4,10.0,0.6,3.0,9.2,5.0,0.0,H
3266,2009-01-28,2008-09,Wigan,Liverpool,0.8,0.6,12.4,5.2,9.0,2.0,0.6,12.2,6.8,9.0,D
3267,2009-01-31,2008-09,Man United,Everton,2.2,0.0,16.8,10.6,15.0,1.6,0.4,8.6,5.2,11.0,H
3268,2009-01-31,2008-09,Middlesbrough,Blackburn,0.2,1.6,7.8,3.6,1.0,2.0,0.8,10.4,6.8,9.0,D
3269,2009-01-31,2008-09,Hull,West Brom,0.4,2.6,9.4,5.8,0.0,1.2,1.8,10.8,6.2,6.0,D
3270,2009-01-31,2008-09,Stoke,Man City,0.6,1.6,5.8,2.4,1.0,2.2,1.2,14.2,7.2,10.0,H
3271,2009-01-31,2008-09,Bolton,Tottenham,0.4,1.6,7.2,3.8,1.0,0.8,1.0,14.4,8.4,5.0,H
3272,2009-01-31,2008-09,Arsenal,West Ham,1.6,0.8,10.6,7.0,11.0,2.6,1.0,15.8,9.4,13.0,D
3273,2009-01-31,2008-09,Fulham,Portsmouth,1.2,1.2,11.6,7.0,5.0,0.6,1.8,12.2,6.8,1.0,H
3274,2009-01-31,2008-09,Aston Villa,Wigan,1.6,0.8,10.8,6.0,13.0,0.6,0.6,10.8,4.4,7.0,D
3275,2009-02-01,2008-09,Liverpool,Chelsea,2.0,0.6,12.2,6.6,9.0,1.6,1.2,22.4,13.8,10.0,H
3276,2009-02-01,2008-09,Newcastle,Sunderland,1.0,2.8,9.6,5.2,1.0,0.6,1.2,11.2,7.0,5.0,D
3277,2009-02-07,2008-09,Sunderland,Stoke,0.8,1.4,11.8,7.2,5.0,0.8,1.4,6.0,2.6,4.0,H
3278,2009-02-07,2008-09,Wigan,Fulham,0.4,0.6,10.6,3.8,5.0,1.2,1.4,9.0,5.6,5.0,D
3279,2009-02-07,2008-09,West Brom,Newcastle,1.6,1.8,12.2,7.2,7.0,1.0,2.6,11.6,6.6,2.0,A
3280,2009-02-07,2008-09,Portsmouth,Liverpool,0.6,2.0,13.0,7.0,1.0,1.8,0.6,12.8,8.0,9.0,A
3281,2009-02-07,2008-09,Everton,Bolton,1.4,0.6,7.8,4.8,8.0,1.0,1.4,9.0,4.8,4.0,H
3282,2009-02-07,2008-09,Chelsea,Hull,1.2,1.6,18.6,11.0,7.0,0.6,2.0,9.6,6.0,1.0,D
3283,2009-02-07,2008-09,Blackburn,Aston Villa,1.4,0.8,11.4,7.0,7.0,1.2,0.4,11.4,6.4,13.0,A
3284,2009-02-07,2008-09,Man City,Middlesbrough,2.0,1.0,15.4,7.2,10.0,0.2,1.4,7.8,3.4,2.0,H
3285,2009-02-08,2008-09,Tottenham,Arsenal,1.2,1.6,14.2,9.0,4.0,1.2,0.4,12.0,7.4,11.0,D
3286,2009-02-08,2008-09,West Ham,Man United,1.8,0.8,13.0,8.0,11.0,2.2,0.0,14.6,10.0,15.0,A
3287,2009-02-14,2008-09,Portsmouth,Man City,0.8,1.8,10.6,5.6,1.0,1.2,0.8,14.8,6.4,10.0,H
3288,2009-02-18,2008-09,Man United,Fulham,1.8,0.0,14.0,9.0,15.0,1.2,1.4,8.6,4.6,5.0,H
3289,2009-02-21,2008-09,Man United,Blackburn,2.2,0.0,15.6,9.6,15.0,1.4,1.2,13.4,8.0,6.0,H
3290,2009-02-21,2008-09,Middlesbrough,Wigan,0.2,1.4,7.8,3.8,2.0,0.2,0.6,10.0,3.4,3.0,D
3291,2009-02-21,2008-09,Stoke,Portsmouth,0.6,1.4,5.4,1.8,4.0,1.2,1.6,12.8,6.8,4.0,D
3292,2009-02-21,2008-09,Bolton,West Ham,1.0,1.8,7.6,4.0,4.0,1.4,0.8,11.8,7.6,8.0,H
3293,2009-02-21,2008-09,Arsenal,Sunderland,1.0,0.4,10.6,6.2,9.0,1.2,0.8,12.6,7.4,8.0,D
3294,2009-02-21,2008-09,Aston Villa,Chelsea,1.4,0.4,13.0,7.4,13.0,0.8,1.2,17.4,9.4,7.0,A
3295,2009-02-22,2008-09,Fulham,West Brom,0.8,1.6,8.6,4.2,4.0,1.6,2.4,11.4,6.4,4.0,H
3296,2009-02-22,2008-09,Liverpool,Man City,1.4,0.8,12.2,7.4,9.0,0.8,0.8,14.2,7.2,9.0,D
3297,2009-02-22,2008-09,Newcastle,Everton,1.4,2.0,11.6,6.6,5.0,1.4,0.6,9.8,5.8,8.0,D
3298,2009-02-23,2008-09,Hull,Tottenham,0.6,1.8,10.4,6.2,2.0,1.2,1.2,16.6,9.6,5.0,A
3299,2009-02-28,2008-09,Everton,West Brom,1.0,0.6,11.2,5.8,6.0,1.4,2.4,11.2,6.2,4.0,H
3300,2009-02-28,2008-09,Middlesbrough,Liverpool,0.0,1.2,7.2,3.8,2.0,1.6,1.0,14.4,7.8,9.0,H
3301,2009-02-28,2008-09,Arsenal,Fulham,0.8,0.4,11.0,6.2,7.0,1.0,1.0,10.6,5.0,7.0,D
3302,2009-02-28,2008-09,Chelsea,Wigan,1.0,0.6,19.0,10.6,10.0,0.2,0.4,9.8,4.0,4.0,H
3303,2009-03-01,2008-09,Aston Villa,Stoke,1.0,0.4,11.2,5.8,10.0,1.0,1.8,5.6,2.2,4.0,D
3304,2009-03-01,2008-09,Bolton,Newcastle,1.4,1.8,9.6,5.2,7.0,1.0,1.6,8.2,4.2,5.0,H
3305,2009-03-01,2008-09,Hull,Blackburn,0.8,1.8,11.8,7.0,2.0,1.2,1.2,13.6,8.2,5.0,A
3306,2009-03-01,2008-09,West Ham,Man City,1.2,0.8,12.8,7.8,7.0,0.8,1.0,14.2,7.4,7.0,H
3307,2009-03-03,2008-09,Liverpool,Sunderland,1.4,1.2,15.8,8.2,8.0,1.0,0.6,11.2,6.8,8.0,H
3308,2009-03-03,2008-09,Portsmouth,Chelsea,1.4,1.8,11.8,6.4,4.0,1.0,0.6,15.0,8.8,10.0,A
3309,2009-03-03,2008-09,West Brom,Arsenal,0.8,2.8,12.2,6.4,1.0,0.2,0.2,11.6,6.0,5.0,A
3310,2009-03-04,2008-09,Tottenham,Middlesbrough,1.6,1.2,17.2,10.2,8.0,0.4,0.6,6.4,3.8,5.0,H
3311,2009-03-04,2008-09,Wigan,West Ham,0.4,0.6,9.4,4.2,4.0,0.8,0.6,13.2,8.2,7.0,A
3312,2009-03-04,2008-09,Newcastle,Man United,1.0,1.2,10.0,5.8,5.0,2.4,0.2,15.4,8.4,15.0,A
3313,2009-03-04,2008-09,Stoke,Bolton,1.2,1.8,6.2,2.6,5.0,1.6,1.6,10.2,6.0,10.0,H
3314,2009-03-04,2008-09,Man City,Aston Villa,0.4,1.0,13.2,6.4,4.0,1.0,0.6,12.6,6.6,8.0,H
3315,2009-03-04,2008-09,Fulham,Hull,1.0,0.8,10.0,4.0,8.0,0.8,1.6,12.8,7.4,2.0,A
3316,2009-03-04,2008-09,Blackburn,Everton,1.0,1.4,13.4,8.6,5.0,1.2,0.4,12.0,5.8,8.0,D
3317,2009-03-07,2008-09,Sunderland,Tottenham,0.8,0.6,10.4,6.0,8.0,2.2,1.0,14.4,8.6,10.0,D
3318,2009-03-11,2008-09,Fulham,Blackburn,0.4,0.8,12.2,4.6,5.0,0.6,1.0,12.0,6.8,5.0,A
3319,2009-03-14,2008-09,Sunderland,Wigan,0.8,0.8,8.8,4.4,6.0,0.2,0.6,12.8,5.6,3.0,A
3320,2009-03-14,2008-09,Middlesbrough,Portsmouth,0.4,1.0,8.0,4.0,5.0,1.4,1.8,11.0,6.6,4.0,D
3321,2009-03-14,2008-09,Man United,Liverpool,1.8,0.4,14.2,8.2,15.0,1.6,1.0,18.2,9.6,10.0,A
3322,2009-03-14,2008-09,Hull,Newcastle,1.0,1.2,11.8,5.6,5.0,1.0,1.2,11.4,6.8,5.0,D
3323,2009-03-14,2008-09,Everton,Stoke,1.0,0.2,12.4,6.2,8.0,1.4,1.2,7.2,3.2,8.0,H
3324,2009-03-14,2008-09,Bolton,Fulham,1.2,1.6,10.8,6.8,9.0,0.6,1.2,12.6,5.8,4.0,A
3325,2009-03-14,2008-09,Arsenal,Blackburn,0.6,0.2,13.4,6.8,7.0,1.0,1.2,12.2,6.6,7.0,H
3326,2009-03-15,2008-09,Aston Villa,Tottenham,0.8,1.0,12.2,7.2,5.0,1.8,1.0,12.6,7.4,8.0,A
3327,2009-03-15,2008-09,Chelsea,Man City,0.8,0.6,14.4,8.6,10.0,0.8,0.8,12.8,6.4,7.0,H
3328,2009-03-16,2008-09,West Ham,West Brom,0.6,0.6,9.8,6.4,7.0,1.0,2.4,11.8,6.4,1.0,D
3329,2009-03-21,2008-09,West Brom,Bolton,0.6,2.0,10.8,5.8,1.0,0.8,1.8,11.0,7.2,6.0,D
3330,2009-03-21,2008-09,Tottenham,Chelsea,1.8,0.6,12.0,7.2,11.0,1.0,0.2,17.2,9.6,13.0,H
3331,2009-03-21,2008-09,Portsmouth,Everton,1.4,1.4,10.2,6.2,5.0,1.6,0.2,14.4,8.0,11.0,H
3332,2009-03-21,2008-09,Stoke,Middlesbrough,1.4,1.8,7.8,3.4,5.0,0.6,1.2,9.8,5.4,5.0,H
3333,2009-03-21,2008-09,Fulham,Man United,1.2,0.8,14.4,7.4,7.0,1.8,1.2,13.6,8.0,12.0,H
3334,2009-03-21,2008-09,Blackburn,West Ham,1.0,1.6,10.2,5.6,7.0,0.6,0.6,11.2,6.8,7.0,D
3335,2009-03-21,2008-09,Newcastle,Arsenal,1.0,1.2,10.2,5.4,5.0,1.4,0.2,14.0,7.6,9.0,A
3336,2009-03-22,2008-09,Liverpool,Aston Villa,2.0,1.2,15.8,7.8,10.0,1.0,1.4,11.2,6.0,4.0,H
3337,2009-03-22,2008-09,Man City,Sunderland,0.6,1.0,10.0,4.6,4.0,0.8,1.0,7.0,3.2,5.0,H
3338,2009-03-22,2008-09,Wigan,Hull,0.6,0.8,12.8,5.8,5.0,0.8,1.0,10.4,3.6,5.0,H
3339,2009-04-04,2008-09,Fulham,Liverpool,1.2,0.8,13.6,6.8,7.0,2.4,0.8,15.8,7.4,10.0,A
3340,2009-04-04,2008-09,West Ham,Sunderland,0.8,0.6,10.6,6.2,8.0,0.4,1.2,5.8,3.0,2.0,H
3341,2009-04-04,2008-09,West Brom,Stoke,0.4,1.6,10.4,5.2,2.0,1.6,1.4,8.8,4.0,8.0,A
3342,2009-04-04,2008-09,Newcastle,Chelsea,0.6,1.4,10.4,5.6,2.0,1.0,0.4,17.6,10.2,12.0,A
3343,2009-04-04,2008-09,Bolton,Middlesbrough,1.0,1.4,12.4,8.6,7.0,0.6,1.2,11.8,6.2,5.0,H
3344,2009-04-04,2008-09,Blackburn,Tottenham,1.0,1.4,10.8,6.4,8.0,2.0,0.6,10.4,6.8,13.0,H
3345,2009-04-04,2008-09,Arsenal,Man City,2.0,0.4,16.2,9.4,11.0,0.8,0.6,11.6,5.2,7.0,H
3346,2009-04-04,2008-09,Hull,Portsmouth,0.8,1.2,9.6,3.2,4.0,1.4,1.0,11.6,7.0,8.0,D
3347,2009-04-05,2008-09,Man United,Aston Villa,1.6,1.6,14.0,8.4,9.0,0.6,2.4,9.4,5.2,1.0,H
3348,2009-04-05,2008-09,Everton,Wigan,1.2,0.6,11.4,6.2,8.0,0.8,0.8,14.0,6.4,7.0,H
3349,2009-04-11,2008-09,Tottenham,West Ham,1.8,0.8,10.4,6.2,10.0,1.0,0.2,10.4,6.0,11.0,H
3350,2009-04-11,2008-09,Sunderland,Man United,0.4,1.6,8.0,4.4,1.0,1.6,2.0,13.4,8.4,9.0,A
3351,2009-04-11,2008-09,Wigan,Arsenal,0.8,1.6,14.4,6.8,6.0,2.4,0.4,16.4,9.4,13.0,A
3352,2009-04-11,2008-09,Portsmouth,West Brom,1.0,1.0,10.0,5.6,6.0,0.4,1.6,11.2,6.0,2.0,D
3353,2009-04-11,2008-09,Middlesbrough,Hull,0.8,2.0,14.4,6.4,4.0,0.6,0.8,9.0,2.6,5.0,H
3354,2009-04-11,2008-09,Liverpool,Blackburn,2.4,0.6,16.0,8.4,12.0,1.0,1.4,11.4,6.4,8.0,H
3355,2009-04-11,2008-09,Chelsea,Bolton,1.2,0.4,17.2,9.8,12.0,1.4,1.4,13.2,8.8,7.0,H
3356,2009-04-11,2008-09,Stoke,Newcastle,1.6,1.0,9.4,4.8,10.0,0.6,1.8,10.8,6.4,1.0,D
3357,2009-04-12,2008-09,Aston Villa,Everton,1.0,2.8,8.6,5.8,1.0,2.0,0.6,11.2,7.2,10.0,D
3358,2009-04-12,2008-09,Man City,Fulham,0.6,0.8,11.4,5.2,6.0,1.2,1.0,11.8,6.4,6.0,A
3359,2009-04-18,2008-09,Sunderland,Hull,0.6,1.6,9.4,5.4,1.0,0.6,1.0,9.6,2.8,5.0,H
3360,2009-04-18,2008-09,Aston Villa,West Ham,1.2,3.0,9.4,6.0,1.0,0.8,0.4,9.4,5.4,8.0,D
3361,2009-04-18,2008-09,Middlesbrough,Fulham,1.0,2.2,16.4,7.6,4.0,1.8,1.0,11.4,6.8,9.0,D
3362,2009-04-18,2008-09,Portsmouth,Bolton,1.0,1.0,11.6,6.0,6.0,1.8,2.2,14.0,8.8,4.0,H
3363,2009-04-18,2008-09,Stoke,Blackburn,1.4,0.8,11.4,5.4,10.0,1.0,2.2,11.2,6.8,7.0,H
3364,2009-04-19,2008-09,Man City,West Brom,0.8,1.2,12.2,5.8,6.0,0.8,1.6,10.2,5.6,3.0,H
3365,2009-04-19,2008-09,Tottenham,Newcastle,1.2,0.8,10.8,6.6,10.0,0.8,1.8,8.6,4.6,2.0,H
3366,2009-04-21,2008-09,Liverpool,Arsenal,3.2,0.2,17.2,9.4,15.0,3.2,0.6,16.2,9.4,15.0,D
3367,2009-04-22,2008-09,Chelsea,Everton,1.6,0.8,17.8,9.0,12.0,2.2,1.2,11.0,7.2,8.0,D
3368,2009-04-22,2008-09,Man United,Portsmouth,1.6,2.0,14.0,8.6,9.0,1.2,0.8,13.0,6.2,9.0,H
3369,2009-04-25,2008-09,West Brom,Sunderland,1.0,1.8,13.8,8.2,3.0,0.6,1.4,9.4,5.6,3.0,H
3370,2009-04-25,2008-09,Fulham,Stoke,1.6,0.6,11.6,6.4,10.0,1.2,0.8,10.4,4.6,10.0,H
3371,2009-04-25,2008-09,West Ham,Chelsea,0.8,0.6,11.4,6.4,6.0,1.4,0.8,17.4,8.0,10.0,A
3372,2009-04-25,2008-09,Man United,Tottenham,1.6,1.8,15.8,9.6,9.0,1.2,0.6,12.6,8.6,12.0,H
3373,2009-04-25,2008-09,Bolton,Aston Villa,1.8,2.0,12.6,7.2,4.0,1.4,2.8,11.4,6.4,2.0,D
3374,2009-04-25,2008-09,Everton,Man City,2.2,1.2,12.0,7.2,8.0,1.2,1.6,12.8,6.6,6.0,A
3375,2009-04-25,2008-09,Hull,Liverpool,0.4,1.2,10.2,2.8,2.0,3.6,1.0,17.2,10.0,13.0,A
3376,2009-04-26,2008-09,Arsenal,Middlesbrough,3.4,1.2,14.6,8.6,13.0,1.0,1.4,17.0,9.2,5.0,H
3377,2009-04-26,2008-09,Blackburn,Wigan,0.6,2.2,8.6,5.2,4.0,0.8,2.0,14.0,6.4,6.0,H
3378,2009-04-27,2008-09,Newcastle,Portsmouth,0.6,1.6,8.4,4.0,2.0,1.0,1.0,12.4,5.6,8.0,D
3379,2009-05-02,2008-09,Tottenham,West Brom,1.2,1.4,11.8,7.6,9.0,1.6,1.8,15.2,9.2,5.0,H
3380,2009-05-02,2008-09,Chelsea,Fulham,1.4,0.8,17.8,8.4,10.0,1.2,0.4,10.8,6.2,10.0,H
3381,2009-05-02,2008-09,Man City,Blackburn,1.6,1.6,14.8,8.0,9.0,1.0,1.4,10.0,6.2,7.0,H
3382,2009-05-02,2008-09,Middlesbrough,Man United,0.8,1.6,14.8,7.8,4.0,2.4,1.4,17.2,10.6,12.0,A
3383,2009-05-02,2008-09,Portsmouth,Arsenal,0.6,0.8,12.2,4.8,6.0,3.0,1.2,14.0,8.4,13.0,A
3384,2009-05-02,2008-09,Stoke,West Ham,1.0,0.4,10.2,4.0,10.0,0.8,0.8,11.2,6.8,5.0,A
3385,2009-05-02,2008-09,Wigan,Bolton,0.8,2.2,13.4,6.4,6.0,1.8,1.6,11.6,6.6,5.0,D
3386,2009-05-03,2008-09,Sunderland,Everton,0.4,1.6,9.8,6.0,3.0,1.8,1.4,11.0,5.4,5.0,A
3387,2009-05-03,2008-09,Liverpool,Newcastle,3.4,1.0,19.6,10.4,13.0,0.4,1.4,9.2,5.0,2.0,H
3388,2009-05-04,2008-09,Aston Villa,Hull,1.4,2.6,12.0,6.6,3.0,0.4,1.6,9.8,3.4,1.0,H
3389,2009-05-09,2008-09,West Brom,Wigan,1.4,1.8,15.0,9.8,4.0,0.4,2.0,14.8,6.8,4.0,H
3390,2009-05-09,2008-09,West Ham,Liverpool,0.8,0.6,11.4,7.0,7.0,3.0,1.0,21.8,11.2,13.0,A
3391,2009-05-09,2008-09,Hull,Stoke,0.4,1.6,10.0,4.0,1.0,0.8,0.6,10.8,4.6,7.0,A
3392,2009-05-09,2008-09,Blackburn,Portsmouth,1.0,1.8,10.2,5.8,6.0,0.6,1.4,13.2,5.2,5.0,H
3393,2009-05-09,2008-09,Everton,Tottenham,2.0,1.0,12.0,6.6,8.0,1.2,1.4,13.4,8.6,9.0,D
3394,2009-05-09,2008-09,Fulham,Aston Villa,1.0,1.0,9.4,5.6,7.0,1.6,1.6,13.2,7.4,6.0,H
3395,2009-05-09,2008-09,Bolton,Sunderland,1.6,1.4,10.8,4.8,5.0,0.4,1.8,10.2,5.6,3.0,D
3396,2009-05-10,2008-09,Arsenal,Chelsea,3.0,1.0,14.0,8.2,13.0,2.0,0.8,17.4,7.6,13.0,A
3397,2009-05-10,2008-09,Man United,Man City,2.8,1.0,17.2,9.8,15.0,2.0,1.8,13.0,7.4,9.0,H
3398,2009-05-11,2008-09,Newcastle,Middlesbrough,0.2,1.4,7.6,4.0,2.0,0.8,1.8,13.6,7.2,4.0,H
3399,2009-05-13,2008-09,Wigan,Man United,0.4,2.6,13.8,6.4,1.0,2.6,0.6,17.4,9.4,15.0,A
3400,2009-05-16,2008-09,Tottenham,Man City,1.0,1.0,12.4,8.4,10.0,2.0,1.8,13.4,7.6,9.0,H
3401,2009-05-16,2008-09,Stoke,Wigan,0.8,0.8,11.0,3.8,7.0,0.6,2.2,13.6,5.8,1.0,H
3402,2009-05-16,2008-09,Middlesbrough,Aston Villa,0.8,1.6,12.0,7.4,4.0,1.4,1.6,13.0,6.2,6.0,D
3403,2009-05-16,2008-09,Newcastle,Fulham,0.8,1.2,10.2,5.0,5.0,1.6,1.0,11.8,7.6,10.0,A
3404,2009-05-16,2008-09,Everton,West Ham,1.2,1.0,11.8,5.6,6.0,0.4,1.2,9.8,5.4,4.0,H
3405,2009-05-16,2008-09,Bolton,Hull,0.8,1.2,9.2,3.8,3.0,0.6,2.0,11.0,4.8,0.0,D
3406,2009-05-16,2008-09,Man United,Arsenal,2.6,0.6,17.4,9.6,15.0,2.8,1.8,13.6,7.8,10.0,D
3407,2009-05-17,2008-09,Chelsea,Blackburn,2.4,1.0,17.4,7.2,13.0,1.0,1.6,9.6,5.8,6.0,H
3408,2009-05-17,2008-09,West Brom,Liverpool,2.0,1.6,15.0,10.0,7.0,3.4,1.0,21.2,11.0,13.0,A
3409,2009-05-18,2008-09,Portsmouth,Sunderland,0.2,1.4,11.8,5.2,4.0,0.4,1.4,10.4,4.6,4.0,H
3410,2009-05-24,2008-09,Man City,Bolton,2.0,1.6,12.6,7.2,9.0,0.4,0.6,9.6,4.4,4.0,H
3411,2009-05-24,2008-09,Wigan,Portsmouth,0.4,1.8,13.0,5.4,1.0,0.6,1.6,9.6,4.0,4.0,H
3412,2009-05-24,2008-09,West Ham,Middlesbrough,0.6,1.6,9.8,4.8,4.0,0.4,1.6,11.0,6.8,2.0,H
3413,2009-05-24,2008-09,Sunderland,Chelsea,0.4,1.6,12.0,5.0,4.0,2.0,0.4,17.6,7.8,13.0,A
3414,2009-05-24,2008-09,Liverpool,Tottenham,3.0,1.0,20.0,10.6,13.0,1.2,1.2,11.8,7.4,10.0,H
3415,2009-05-24,2008-09,Blackburn,West Brom,1.0,1.2,9.8,5.8,6.0,1.6,1.6,15.0,10.0,6.0,D
3416,2009-05-24,2008-09,Fulham,Everton,1.2,0.8,11.2,6.4,10.0,1.2,0.6,13.4,6.2,8.0,A
3417,2009-05-24,2008-09,Aston Villa,Newcastle,1.0,1.2,11.6,5.8,6.0,0.6,1.2,11.0,5.8,4.0,H
3418,2009-05-24,2008-09,Arsenal,Stoke,2.0,1.6,13.4,8.4,8.0,1.0,0.6,10.2,4.2,9.0,H
3419,2009-05-24,2008-09,Hull,Man United,0.6,1.6,12.6,6.0,1.0,2.2,0.6,15.6,7.8,13.0,A
3420,2009-08-15,2009-10,Aston Villa,Wigan,1.0,1.0,11.2,5.4,8.0,0.6,1.4,13.4,5.8,4.0,A
3421,2009-08-15,2009-10,Blackburn,Man City,1.0,1.0,11.2,6.6,7.0,1.4,1.2,13.0,7.4,9.0,A
3422,2009-08-15,2009-10,Bolton,Sunderland,0.4,0.6,10.2,5.0,4.0,0.6,2.2,12.0,5.6,1.0,A
3423,2009-08-15,2009-10,Chelsea,Hull,2.6,0.8,16.8,8.4,15.0,0.6,1.6,12.4,7.0,1.0,H
3424,2009-08-15,2009-10,Everton,Arsenal,1.6,0.6,13.2,7.2,10.0,2.0,1.0,16.6,9.8,10.0,A
3425,2009-08-15,2009-10,Portsmouth,Fulham,0.6,1.4,10.4,4.4,4.0,1.2,1.2,11.0,6.0,9.0,A
3427,2009-08-15,2009-10,Wolves,West Ham,1.4,1.2,15.2,8.6,8.0,0.8,1.6,9.0,4.6,6.0,A
3428,2009-08-16,2009-10,Man United,Birmingham,1.4,0.2,13.8,6.0,13.0,1.6,2.2,9.4,5.0,5.0,H
3429,2009-08-16,2009-10,Tottenham,Liverpool,1.2,1.8,9.0,4.6,7.0,2.8,0.4,19.6,9.4,15.0,H
3430,2009-08-18,2009-10,Wigan,Wolves,1.0,1.4,13.0,5.8,6.0,1.0,1.6,16.6,9.2,5.0,A
3431,2009-08-18,2009-10,Sunderland,Chelsea,0.8,1.6,14.2,7.2,4.0,2.8,1.0,18.0,9.2,15.0,A
3432,2009-08-19,2009-10,Birmingham,Portsmouth,1.4,2.2,7.8,4.4,4.0,0.6,1.6,10.6,3.8,3.0,H
3434,2009-08-19,2009-10,Hull,Tottenham,0.6,1.4,12.4,6.6,1.0,1.2,1.0,11.2,6.0,10.0,A
3435,2009-08-19,2009-10,Liverpool,Stoke,2.4,0.6,16.6,8.4,12.0,1.4,1.2,10.2,4.6,9.0,H
3436,2009-08-22,2009-10,Wigan,Man United,0.8,1.0,14.4,6.0,6.0,0.8,0.4,17.0,9.0,10.0,A
3437,2009-08-22,2009-10,Man City,Wolves,1.4,1.0,11.4,6.4,9.0,0.8,1.2,16.2,8.4,7.0,H
3438,2009-08-22,2009-10,Sunderland,Blackburn,1.0,1.8,13.4,7.2,4.0,0.6,1.4,11.8,6.8,4.0,H
3439,2009-08-22,2009-10,Birmingham,Stoke,1.4,1.2,7.4,4.2,7.0,1.4,1.8,8.8,3.8,9.0,D
3440,2009-08-22,2009-10,Arsenal,Portsmouth,2.8,1.2,16.6,9.4,10.0,0.6,1.2,10.0,3.8,3.0,H
3441,2009-08-22,2009-10,Hull,Bolton,0.8,2.2,12.4,7.0,1.0,0.2,0.6,10.6,4.4,3.0,H
3443,2009-08-23,2009-10,Fulham,Chelsea,1.2,1.2,10.8,5.2,9.0,2.8,1.0,19.4,10.0,15.0,A
3444,2009-08-23,2009-10,West Ham,Tottenham,1.2,1.4,10.6,6.0,9.0,2.0,1.2,11.6,6.6,10.0,A
3445,2009-08-24,2009-10,Liverpool,Aston Villa,2.6,0.6,15.2,8.8,12.0,0.8,1.2,10.6,5.2,7.0,A
3446,2009-08-29,2009-10,Stoke,Sunderland,1.0,1.6,9.4,4.0,7.0,1.4,2.0,12.0,7.4,6.0,H
3447,2009-08-29,2009-10,Wolves,Hull,0.4,1.2,14.2,6.6,4.0,0.8,1.8,12.0,7.0,4.0,D
3448,2009-08-29,2009-10,Tottenham,Birmingham,2.4,1.4,14.2,8.2,12.0,1.0,0.8,8.0,4.8,7.0,H
3449,2009-08-29,2009-10,Man United,Arsenal,1.4,0.2,16.6,9.8,10.0,3.0,1.4,17.4,10.8,10.0,H
3451,2009-08-29,2009-10,Bolton,Liverpool,0.2,0.8,12.6,6.0,2.0,2.2,1.2,16.2,9.4,9.0,A
3452,2009-08-29,2009-10,Blackburn,West Ham,0.6,1.2,12.2,6.0,4.0,1.2,1.8,12.6,7.0,6.0,D
3453,2009-08-30,2009-10,Aston Villa,Fulham,1.2,1.4,9.6,4.4,7.0,1.0,1.0,10.0,4.8,9.0,H
3454,2009-08-30,2009-10,Everton,Wigan,1.2,1.6,13.8,8.0,7.0,0.6,1.6,15.0,6.4,6.0,H
3455,2009-08-30,2009-10,Portsmouth,Man City,0.8,1.6,10.4,3.8,3.0,1.0,0.8,12.8,7.2,9.0,A
3456,2009-09-12,2009-10,Blackburn,Wolves,0.2,1.2,14.4,6.6,2.0,0.4,1.2,16.0,8.6,4.0,H
3458,2009-09-12,2009-10,Man City,Arsenal,1.2,0.4,13.0,7.8,12.0,3.0,1.0,16.2,10.0,10.0,H
3459,2009-09-12,2009-10,Portsmouth,Bolton,0.2,1.6,10.8,4.2,0.0,0.6,1.4,12.6,6.2,1.0,A
3460,2009-09-12,2009-10,Stoke,Chelsea,0.8,1.6,9.4,3.8,7.0,2.6,0.8,19.8,10.2,15.0,A
3461,2009-09-12,2009-10,Sunderland,Hull,1.2,1.6,9.8,6.8,6.0,0.8,1.8,9.0,5.4,4.0,H
3462,2009-09-12,2009-10,Tottenham,Man United,2.4,1.4,16.0,10.2,12.0,1.8,0.4,16.4,9.6,12.0,A
3463,2009-09-12,2009-10,Wigan,West Ham,0.8,1.6,15.8,7.2,6.0,1.2,1.2,13.2,7.4,7.0,H
3464,2009-09-13,2009-10,Birmingham,Aston Villa,1.2,0.8,9.8,6.0,7.0,1.4,0.8,10.0,4.8,10.0,A
3465,2009-09-13,2009-10,Fulham,Everton,0.4,1.2,8.2,3.2,6.0,1.6,1.8,16.4,9.8,9.0,H
3466,2009-09-19,2009-10,Hull,Birmingham,1.0,2.4,7.8,4.8,4.0,0.4,0.8,9.0,5.6,4.0,A
3467,2009-09-19,2009-10,West Ham,Liverpool,1.0,0.8,14.0,7.8,7.0,2.6,1.4,19.6,11.6,9.0,A
3468,2009-09-19,2009-10,Burnley,Sunderland,0.4,1.8,6.8,2.8,6.0,1.6,1.2,9.6,6.2,9.0,H
3469,2009-09-19,2009-10,Bolton,Stoke,1.0,1.6,12.2,5.6,3.0,0.8,1.2,9.6,4.0,7.0,D
3470,2009-09-19,2009-10,Aston Villa,Portsmouth,1.4,0.6,10.8,4.6,12.0,0.6,2.0,13.2,5.8,0.0,H
3471,2009-09-19,2009-10,Arsenal,Wigan,3.4,1.8,17.2,9.6,9.0,0.8,1.6,14.4,6.4,6.0,H
3472,2009-09-20,2009-10,Chelsea,Tottenham,2.4,0.6,20.6,10.4,15.0,2.4,1.4,16.6,10.8,12.0,H
3473,2009-09-20,2009-10,Everton,Blackburn,1.2,2.0,14.0,9.2,6.0,0.8,1.0,15.4,7.6,5.0,H
3474,2009-09-20,2009-10,Man United,Man City,2.2,0.6,17.4,11.2,12.0,1.8,0.4,13.2,8.4,15.0,H
3475,2009-09-20,2009-10,Wolves,Fulham,0.6,1.4,14.2,7.6,4.0,0.6,1.4,8.6,3.8,6.0,H
3476,2009-09-26,2009-10,Wigan,Chelsea,0.4,2.4,13.2,6.0,3.0,2.6,0.4,20.4,11.0,15.0,H
3477,2009-09-26,2009-10,Tottenham,Burnley,2.0,1.8,15.0,9.4,9.0,1.0,1.6,7.0,2.4,9.0,H
3478,2009-09-26,2009-10,Stoke,Man United,0.6,1.4,9.2,4.2,5.0,2.8,1.2,16.4,10.0,12.0,A
3479,2009-09-26,2009-10,Portsmouth,Everton,0.6,2.2,13.4,7.4,0.0,1.4,2.0,15.0,9.4,6.0,A
3480,2009-09-26,2009-10,Fulham,Arsenal,0.8,1.4,7.2,3.2,6.0,3.4,1.6,17.0,9.6,9.0,A
3481,2009-09-26,2009-10,Blackburn,Aston Villa,0.8,1.6,14.8,7.4,4.0,1.6,0.6,9.2,4.6,12.0,H
3482,2009-09-26,2009-10,Birmingham,Bolton,0.6,0.6,10.6,6.6,7.0,1.2,1.6,12.8,5.8,4.0,A
3483,2009-09-26,2009-10,Liverpool,Hull,3.0,1.4,22.2,14.0,12.0,0.8,2.2,9.6,6.4,4.0,H
3484,2009-09-27,2009-10,Sunderland,Wolves,1.6,1.8,7.2,4.6,6.0,1.0,1.2,12.8,6.2,7.0,H
3485,2009-09-28,2009-10,Man City,West Ham,2.2,1.2,11.2,7.2,12.0,1.0,1.2,12.8,7.2,4.0,H
3486,2009-10-03,2009-10,Wolves,Portsmouth,1.2,2.2,14.0,7.8,4.0,0.6,2.2,14.8,9.0,0.0,A
3487,2009-10-03,2009-10,Hull,Wigan,0.8,2.4,9.2,5.6,4.0,1.0,2.4,12.6,6.8,6.0,H
3488,2009-10-03,2009-10,Man United,Sunderland,3.2,1.0,15.4,9.6,15.0,2.4,1.6,8.4,5.6,9.0,D
3489,2009-10-03,2009-10,Bolton,Tottenham,1.6,1.6,12.6,6.0,7.0,2.0,1.6,15.0,9.4,9.0,D
3490,2009-10-03,2009-10,Burnley,Birmingham,0.8,2.6,7.4,3.4,6.0,0.6,1.0,11.2,6.8,4.0,H
3491,2009-10-04,2009-10,Arsenal,Blackburn,2.4,1.4,16.8,8.6,9.0,1.2,1.4,14.4,7.0,7.0,H
3492,2009-10-04,2009-10,Chelsea,Liverpool,2.2,0.8,19.2,10.8,12.0,3.4,1.6,23.0,14.2,12.0,H
3493,2009-10-04,2009-10,Everton,Stoke,1.4,0.8,15.8,10.0,9.0,0.6,1.0,8.4,3.8,5.0,D
3494,2009-10-04,2009-10,West Ham,Fulham,0.8,1.8,12.0,6.2,1.0,0.6,1.6,9.0,5.0,3.0,D
3495,2009-10-05,2009-10,Aston Villa,Man City,1.8,0.6,9.0,4.6,12.0,2.4,1.4,13.6,8.6,12.0,D
3496,2009-10-17,2009-10,Everton,Wolves,1.6,0.8,17.2,11.2,10.0,1.2,2.2,14.2,8.4,4.0,D
3497,2009-10-17,2009-10,Sunderland,Liverpool,2.4,1.8,7.6,5.2,7.0,3.2,1.4,21.2,12.4,12.0,H
3498,2009-10-17,2009-10,Stoke,West Ham,0.8,1.2,7.4,4.4,5.0,1.0,1.8,12.6,6.6,2.0,H
3499,2009-10-17,2009-10,Portsmouth,Tottenham,0.6,1.4,15.4,9.8,3.0,2.0,1.8,15.0,9.2,7.0,A
3500,2009-10-17,2009-10,Aston Villa,Chelsea,1.4,0.6,10.0,5.0,10.0,2.2,0.8,19.2,11.6,12.0,H
3501,2009-10-17,2009-10,Arsenal,Birmingham,2.8,1.6,17.8,9.0,9.0,0.8,1.4,11.6,6.8,3.0,H
3502,2009-10-17,2009-10,Man United,Bolton,2.6,1.4,15.6,8.8,13.0,2.0,1.8,11.0,5.8,8.0,H
3503,2009-10-18,2009-10,Wigan,Man City,1.2,1.8,12.0,6.4,6.0,2.4,1.6,12.2,7.8,10.0,D
3504,2009-10-18,2009-10,Blackburn,Burnley,1.4,2.2,12.2,7.4,7.0,1.0,2.8,8.8,5.2,6.0,H
3505,2009-10-19,2009-10,Fulham,Hull,1.0,1.6,10.2,6.0,4.0,1.0,2.6,9.0,5.8,4.0,H
3506,2009-10-24,2009-10,Tottenham,Stoke,2.0,1.8,12.8,7.2,7.0,1.0,1.4,7.0,3.8,5.0,A
3507,2009-10-24,2009-10,Wolves,Aston Villa,1.2,2.2,11.8,6.2,4.0,1.4,0.8,9.6,5.2,10.0,D
3508,2009-10-24,2009-10,Hull,Portsmouth,0.8,2.8,9.0,5.4,3.0,0.8,1.6,17.8,11.2,3.0,D
3509,2009-10-24,2009-10,Burnley,Wigan,1.4,2.8,10.0,6.2,6.0,1.2,1.6,12.2,6.4,7.0,A
3510,2009-10-24,2009-10,Birmingham,Sunderland,0.8,1.6,10.0,6.0,3.0,2.6,1.6,8.4,5.4,10.0,H
3511,2009-10-24,2009-10,Chelsea,Blackburn,1.8,1.2,18.0,10.8,9.0,2.0,2.6,10.8,6.8,9.0,H
3512,2009-10-25,2009-10,Bolton,Everton,1.8,1.6,12.4,6.2,8.0,1.4,0.8,14.6,9.4,8.0,H
3513,2009-10-25,2009-10,Liverpool,Man United,2.6,1.2,19.0,10.8,9.0,2.6,1.4,16.2,9.4,13.0,H
3514,2009-10-25,2009-10,Man City,Fulham,2.4,1.8,10.8,7.0,8.0,1.4,1.2,12.4,7.6,7.0,D
3515,2009-10-25,2009-10,West Ham,Arsenal,1.2,2.2,12.8,7.8,1.0,3.2,1.4,20.0,10.8,12.0,D
3516,2009-10-31,2009-10,Sunderland,West Ham,2.0,1.8,9.8,5.8,7.0,1.6,2.4,13.4,8.6,2.0,D
3517,2009-10-31,2009-10,Stoke,Wolves,1.0,1.0,7.8,3.8,8.0,1.2,1.8,11.6,6.0,5.0,D
3518,2009-10-31,2009-10,Portsmouth,Wigan,0.4,1.0,15.2,9.4,4.0,1.6,1.8,12.4,6.8,7.0,H
3519,2009-10-31,2009-10,Man United,Blackburn,2.0,1.6,14.2,7.8,10.0,1.4,3.4,9.2,5.2,6.0,H
3520,2009-10-31,2009-10,Everton,Aston Villa,1.6,1.0,16.8,10.6,8.0,1.4,1.0,9.6,5.8,8.0,D
3521,2009-10-31,2009-10,Burnley,Hull,1.6,2.6,11.2,7.4,6.0,0.6,2.0,9.2,5.0,4.0,H
3522,2009-10-31,2009-10,Bolton,Chelsea,1.8,1.6,12.0,6.6,8.0,2.4,1.0,19.6,11.8,9.0,A
3523,2009-10-31,2009-10,Arsenal,Tottenham,3.2,1.0,19.2,11.0,13.0,1.8,1.4,15.0,8.2,7.0,H
3524,2009-10-31,2009-10,Fulham,Liverpool,1.4,1.4,11.8,7.0,5.0,2.2,1.2,15.8,8.8,9.0,H
3525,2009-11-01,2009-10,Birmingham,Man City,1.2,1.6,11.6,7.2,6.0,2.0,1.8,12.8,7.2,6.0,D
3526,2009-11-04,2009-10,West Ham,Aston Villa,1.6,2.2,14.8,9.4,3.0,1.2,1.2,10.8,6.4,6.0,H
3527,2009-11-07,2009-10,Wolves,Arsenal,1.2,2.0,11.4,6.6,3.0,3.0,1.0,18.2,11.2,13.0,A
3528,2009-11-07,2009-10,Tottenham,Sunderland,1.8,1.4,14.6,8.4,7.0,2.2,1.6,11.6,6.2,8.0,H
3529,2009-11-07,2009-10,Aston Villa,Bolton,1.2,1.2,11.4,7.4,6.0,1.6,2.2,12.8,6.8,7.0,H
3530,2009-11-07,2009-10,Blackburn,Portsmouth,1.4,3.2,8.2,4.6,6.0,1.2,0.6,16.0,9.2,7.0,H
3531,2009-11-07,2009-10,Man City,Burnley,1.4,1.0,13.6,7.2,7.0,1.4,2.4,11.4,7.8,6.0,D
3532,2009-11-08,2009-10,Chelsea,Man United,2.6,1.0,20.0,12.2,9.0,1.6,1.0,14.0,7.8,10.0,H
3533,2009-11-08,2009-10,Hull,Stoke,0.6,2.2,7.6,4.0,4.0,1.2,1.2,7.8,3.6,8.0,H
3534,2009-11-08,2009-10,West Ham,Everton,1.8,1.8,15.2,9.2,6.0,1.2,1.2,15.0,9.2,6.0,A
3535,2009-11-08,2009-10,Wigan,Fulham,1.6,1.8,12.4,6.4,7.0,1.8,1.2,13.2,8.0,8.0,D
3536,2009-11-09,2009-10,Liverpool,Birmingham,1.8,1.4,13.2,6.4,6.0,1.0,1.6,10.2,6.2,4.0,D
3537,2009-11-21,2009-10,Liverpool,Man City,1.0,1.6,14.2,6.4,4.0,1.4,1.4,12.2,6.4,5.0,D
3538,2009-11-21,2009-10,Man United,Everton,1.2,1.2,15.6,8.4,7.0,1.4,1.4,14.4,8.8,6.0,H
3539,2009-11-21,2009-10,Hull,West Ham,0.8,1.2,9.4,5.0,7.0,1.6,1.8,14.4,8.6,5.0,D
3540,2009-11-21,2009-10,Sunderland,Arsenal,1.2,1.6,12.4,5.8,5.0,3.6,1.2,17.6,11.6,13.0,H
3541,2009-11-21,2009-10,Burnley,Aston Villa,2.0,2.0,10.6,7.2,7.0,2.0,1.2,12.8,8.8,8.0,D
3542,2009-11-21,2009-10,Birmingham,Fulham,1.2,1.6,8.8,5.4,5.0,2.0,1.2,11.0,6.2,9.0,H
3543,2009-11-21,2009-10,Chelsea,Wolves,2.6,0.4,19.6,12.4,12.0,1.0,1.8,10.0,5.6,3.0,H
3544,2009-11-22,2009-10,Tottenham,Wigan,1.2,1.4,13.0,7.6,7.0,1.2,1.8,13.2,7.0,5.0,H
3545,2009-11-22,2009-10,Stoke,Portsmouth,1.4,1.2,8.8,4.2,8.0,1.4,1.0,14.6,7.4,7.0,H
3546,2009-11-22,2009-10,Bolton,Blackburn,1.4,3.0,13.4,7.8,4.0,1.6,3.2,7.2,4.4,6.0,A
3547,2009-11-25,2009-10,Fulham,Blackburn,1.6,1.0,11.4,6.0,8.0,1.6,2.0,8.8,5.2,9.0,H
3548,2009-11-25,2009-10,Hull,Everton,1.0,1.6,9.6,5.4,5.0,1.2,1.8,11.8,6.4,5.0,H
3549,2009-11-28,2009-10,Aston Villa,Tottenham,1.8,1.2,13.4,9.0,6.0,2.6,1.2,15.2,9.0,9.0,D
3550,2009-11-28,2009-10,Blackburn,Stoke,1.0,2.2,7.8,4.6,6.0,1.4,1.0,9.0,3.6,10.0,D
3551,2009-11-28,2009-10,Fulham,Bolton,1.8,1.0,9.6,4.6,8.0,1.0,3.0,14.0,7.6,3.0,D
3552,2009-11-28,2009-10,Man City,Hull,1.6,1.6,12.2,6.2,5.0,1.6,1.6,10.2,6.4,8.0,D
3553,2009-11-28,2009-10,Portsmouth,Man United,1.2,1.2,15.0,7.2,4.0,1.4,0.8,15.8,8.8,9.0,A
3554,2009-11-28,2009-10,West Ham,Burnley,2.0,2.0,15.2,8.4,6.0,1.8,2.0,9.8,5.8,5.0,H
3555,2009-11-28,2009-10,Wigan,Sunderland,1.2,3.2,12.8,7.0,5.0,1.0,1.2,12.6,5.4,7.0,H
3556,2009-11-29,2009-10,Arsenal,Chelsea,2.4,1.0,14.6,8.6,10.0,3.0,0.4,21.8,13.6,12.0,A
3557,2009-11-29,2009-10,Everton,Liverpool,1.4,2.2,10.2,6.0,4.0,1.4,1.6,13.8,7.0,5.0,A
3558,2009-11-29,2009-10,Wolves,Birmingham,1.0,2.4,8.6,5.2,3.0,1.2,1.2,7.4,4.6,8.0,A
3559,2009-12-05,2009-10,Wolves,Bolton,0.8,2.4,7.8,4.4,2.0,1.0,2.8,11.8,6.6,4.0,H
3560,2009-12-05,2009-10,West Ham,Man United,2.6,2.2,14.0,7.6,8.0,1.8,0.8,15.6,9.0,9.0,A
3561,2009-12-05,2009-10,Portsmouth,Burnley,1.2,1.6,14.4,7.0,4.0,2.0,2.4,11.2,6.8,5.0,H
3562,2009-12-05,2009-10,Wigan,Birmingham,1.2,3.0,13.4,7.6,7.0,1.2,0.6,9.4,5.6,11.0,A
3563,2009-12-05,2009-10,Blackburn,Liverpool,1.0,1.2,9.0,5.0,7.0,1.8,1.4,12.6,7.2,8.0,D
3564,2009-12-05,2009-10,Aston Villa,Hull,1.8,1.2,13.4,8.2,6.0,1.8,1.8,10.4,6.4,8.0,H
3565,2009-12-05,2009-10,Arsenal,Stoke,1.8,1.4,11.6,6.8,7.0,1.0,0.8,8.2,3.6,8.0,H
3566,2009-12-05,2009-10,Man City,Chelsea,1.6,1.6,14.6,6.8,5.0,3.4,0.0,19.0,12.0,15.0,H
3567,2009-12-06,2009-10,Everton,Tottenham,1.0,2.0,9.2,5.2,4.0,2.4,1.2,18.0,11.6,7.0,D
3568,2009-12-06,2009-10,Fulham,Sunderland,1.6,0.8,9.8,5.0,8.0,0.8,1.4,11.8,4.8,4.0,H
3569,2009-12-12,2009-10,Tottenham,Wolves,2.8,1.4,17.4,11.4,8.0,1.0,2.4,8.6,5.8,4.0,A
3570,2009-12-12,2009-10,Sunderland,Portsmouth,0.6,1.2,10.6,4.6,4.0,1.6,1.6,14.6,7.4,6.0,D
3571,2009-12-12,2009-10,Stoke,Wigan,0.8,1.2,7.6,4.0,5.0,1.0,3.4,14.4,7.4,4.0,D
3572,2009-12-12,2009-10,Man United,Aston Villa,2.6,0.4,17.8,10.2,12.0,2.2,1.0,13.4,7.8,8.0,A
3573,2009-12-12,2009-10,Hull,Blackburn,1.8,2.0,9.8,5.4,8.0,1.0,0.8,10.4,5.4,8.0,D
3574,2009-12-12,2009-10,Burnley,Fulham,1.8,2.2,11.6,6.6,5.0,1.2,0.6,11.0,4.8,8.0,D
3575,2009-12-12,2009-10,Bolton,Man City,0.6,2.8,12.8,7.0,1.0,1.6,1.4,13.2,7.0,7.0,D
3576,2009-12-12,2009-10,Birmingham,West Ham,1.4,0.8,7.6,4.8,11.0,2.2,2.6,13.2,7.2,7.0,H
3577,2009-12-12,2009-10,Chelsea,Everton,2.6,0.4,15.8,10.2,12.0,1.2,2.2,10.4,5.6,4.0,D
3578,2009-12-13,2009-10,Liverpool,Arsenal,1.4,1.4,13.4,8.2,6.0,1.8,1.0,11.0,6.4,9.0,A
3579,2009-12-15,2009-10,Birmingham,Blackburn,1.6,0.8,9.4,5.8,13.0,0.4,0.6,11.2,6.0,6.0,H
3580,2009-12-15,2009-10,Bolton,West Ham,1.2,2.6,12.2,7.4,2.0,1.8,2.6,13.2,7.2,4.0,H
3581,2009-12-15,2009-10,Man United,Wolves,2.2,0.6,17.0,9.8,9.0,0.8,2.0,7.0,5.0,6.0,H
3582,2009-12-15,2009-10,Sunderland,Aston Villa,0.4,1.0,10.4,5.0,4.0,2.2,0.6,12.4,6.8,11.0,A
3583,2009-12-16,2009-10,Tottenham,Man City,2.8,1.0,19.6,12.4,8.0,2.2,2.0,13.2,7.0,7.0,H
3584,2009-12-16,2009-10,Liverpool,Wigan,1.4,1.2,13.4,8.2,6.0,1.4,3.0,15.0,8.4,5.0,H
3585,2009-12-16,2009-10,Chelsea,Portsmouth,2.4,1.0,15.4,9.4,10.0,1.0,1.8,12.2,6.4,4.0,H
3586,2009-12-16,2009-10,Burnley,Arsenal,1.6,2.4,11.4,7.2,3.0,1.6,1.2,8.8,5.0,9.0,D
3587,2009-12-19,2009-10,Arsenal,Hull,1.0,1.2,10.0,5.6,7.0,1.4,1.8,8.4,5.2,6.0,H
3588,2009-12-19,2009-10,Aston Villa,Stoke,1.6,0.4,10.8,5.0,11.0,0.8,1.2,8.4,4.0,5.0,H
3589,2009-12-19,2009-10,Blackburn,Tottenham,0.2,1.0,9.8,4.6,3.0,3.0,1.0,21.4,12.2,8.0,A
3590,2009-12-19,2009-10,Fulham,Man United,1.2,0.6,12.0,5.4,8.0,2.8,0.4,15.2,9.6,12.0,H
3591,2009-12-19,2009-10,Man City,Sunderland,1.6,2.0,12.4,6.4,6.0,0.4,1.0,10.6,4.8,4.0,H
3592,2009-12-19,2009-10,Portsmouth,Liverpool,1.0,1.6,11.8,6.4,4.0,1.4,1.0,10.4,6.8,8.0,H
3593,2009-12-20,2009-10,West Ham,Chelsea,1.8,2.8,11.8,7.0,4.0,2.6,1.2,17.2,9.2,10.0,D
3594,2009-12-20,2009-10,Wolves,Burnley,0.6,1.8,6.2,4.0,6.0,1.2,2.0,11.8,7.0,3.0,H
3595,2009-12-20,2009-10,Everton,Birmingham,1.4,2.6,10.6,5.8,2.0,1.6,0.6,11.0,6.6,15.0,D
3596,2009-12-26,2009-10,Wigan,Blackburn,1.4,3.2,12.8,7.0,4.0,0.2,0.8,11.0,5.8,3.0,D
3597,2009-12-26,2009-10,Birmingham,Chelsea,1.6,0.8,10.8,6.4,13.0,2.0,1.4,16.6,7.6,8.0,D
3598,2009-12-26,2009-10,Burnley,Bolton,1.0,2.2,11.6,7.0,2.0,1.6,1.8,14.2,8.0,5.0,D
3599,2009-12-26,2009-10,Fulham,Tottenham,1.8,0.4,11.6,5.8,11.0,1.6,0.8,17.2,9.4,8.0,D
3600,2009-12-26,2009-10,Liverpool,Wolves,1.0,1.0,9.8,6.2,7.0,1.0,1.0,7.8,5.8,9.0,H
3601,2009-12-26,2009-10,Man City,Stoke,2.0,2.2,12.8,6.2,8.0,0.6,1.0,9.6,4.2,5.0,H
3602,2009-12-26,2009-10,Sunderland,Everton,0.8,1.8,11.0,5.6,1.0,1.6,2.2,12.2,6.2,3.0,D
3603,2009-12-26,2009-10,West Ham,Portsmouth,1.4,2.4,9.8,6.0,4.0,1.4,1.4,11.8,6.2,7.0,H
3604,2009-12-27,2009-10,Hull,Man United,0.8,1.8,7.2,4.0,5.0,2.2,1.0,14.8,8.2,9.0,A
3605,2009-12-27,2009-10,Arsenal,Aston Villa,1.6,1.0,11.8,6.8,10.0,1.6,0.2,12.2,5.4,13.0,H
3606,2009-12-28,2009-10,Blackburn,Sunderland,0.4,1.0,10.4,5.6,3.0,1.0,1.8,11.2,6.0,2.0,D
3607,2009-12-28,2009-10,Chelsea,Fulham,1.4,1.4,20.6,9.0,6.0,1.2,0.4,13.0,6.2,9.0,H
3608,2009-12-28,2009-10,Everton,Burnley,1.4,1.8,13.6,6.4,4.0,0.6,1.4,11.4,6.4,3.0,H
3609,2009-12-28,2009-10,Stoke,Birmingham,0.4,1.4,9.2,4.2,2.0,1.4,0.8,10.4,5.8,11.0,A
3610,2009-12-28,2009-10,Tottenham,West Ham,1.4,0.6,13.8,6.2,8.0,0.8,1.8,10.6,6.0,4.0,H
3611,2009-12-28,2009-10,Wolves,Man City,1.0,1.2,7.4,5.8,9.0,2.2,2.0,11.8,6.0,10.0,A
3612,2009-12-29,2009-10,Aston Villa,Liverpool,1.4,0.6,11.2,5.2,12.0,1.0,1.0,10.8,6.8,7.0,A
3613,2009-12-29,2009-10,Bolton,Hull,1.8,1.6,13.4,7.4,6.0,0.4,2.0,8.0,3.8,2.0,D
3614,2009-12-30,2009-10,Portsmouth,Arsenal,1.2,1.0,10.0,5.2,7.0,2.2,0.4,14.6,8.6,13.0,A
3615,2009-12-30,2009-10,Man United,Wigan,2.0,1.0,16.2,8.8,9.0,1.4,1.6,13.4,7.6,5.0,H
3616,2010-01-05,2009-10,Stoke,Fulham,0.4,1.6,10.2,4.6,1.0,1.2,0.6,11.2,5.4,8.0,H
3617,2010-01-09,2009-10,Arsenal,Everton,2.6,0.6,15.0,9.0,13.0,1.8,1.4,16.0,8.0,7.0,D
3618,2010-01-09,2009-10,Birmingham,Man United,1.0,0.4,10.2,5.0,11.0,2.2,1.0,17.2,9.8,9.0,D
3619,2010-01-11,2009-10,Man City,Blackburn,2.4,1.8,11.6,5.4,10.0,0.8,1.4,12.8,7.2,3.0,H
3620,2010-01-16,2009-10,Wolves,Wigan,0.6,1.6,7.2,4.8,6.0,1.2,2.6,12.4,6.8,2.0,A
3621,2010-01-16,2009-10,Tottenham,Hull,1.4,0.2,14.2,5.8,10.0,0.6,2.2,8.8,4.6,2.0,D
3622,2010-01-16,2009-10,Man United,Burnley,2.4,1.0,16.8,10.0,10.0,0.6,1.4,11.0,6.6,3.0,H
3623,2010-01-16,2009-10,Everton,Man City,1.8,1.4,14.8,7.8,7.0,2.6,1.4,11.2,5.4,12.0,H
3624,2010-01-16,2009-10,Stoke,Liverpool,1.0,1.6,11.4,5.6,4.0,1.2,1.0,10.2,6.4,9.0,D
3625,2010-01-16,2009-10,Chelsea,Sunderland,1.6,1.2,22.2,10.0,9.0,1.4,2.0,12.2,6.6,3.0,H
3626,2010-01-17,2009-10,Aston Villa,West Ham,0.8,0.8,10.8,5.4,9.0,0.8,1.4,9.0,5.0,4.0,D
3627,2010-01-17,2009-10,Blackburn,Fulham,1.0,2.2,11.6,6.0,2.0,1.4,1.2,10.8,5.8,5.0,H
3628,2010-01-17,2009-10,Bolton,Arsenal,2.0,1.8,15.8,8.2,6.0,2.6,0.8,14.8,9.0,11.0,A
3629,2010-01-20,2009-10,Arsenal,Bolton,2.8,0.6,14.2,9.0,13.0,1.8,1.8,14.8,7.4,6.0,H
3630,2010-01-20,2009-10,Liverpool,Tottenham,1.2,0.8,9.8,6.4,10.0,1.4,0.0,15.6,7.4,11.0,H
3631,2010-01-23,2009-10,Man United,Hull,2.4,1.0,19.2,10.4,10.0,0.6,1.6,9.4,4.8,3.0,H
3632,2010-01-26,2009-10,Wolves,Liverpool,0.4,2.0,8.4,5.0,3.0,1.2,0.6,10.0,6.0,10.0,D
3633,2010-01-26,2009-10,Tottenham,Fulham,0.8,0.4,13.2,7.0,8.0,1.2,1.4,11.2,6.4,4.0,H
3634,2010-01-26,2009-10,Portsmouth,West Ham,1.0,1.8,10.2,5.6,4.0,0.8,1.2,7.8,4.2,5.0,D
3635,2010-01-26,2009-10,Bolton,Burnley,1.6,2.0,13.8,6.6,5.0,0.4,1.8,11.2,6.0,2.0,H
3636,2010-01-27,2009-10,Aston Villa,Arsenal,0.6,0.8,12.6,6.4,7.0,3.0,1.0,14.6,10.0,13.0,D
3637,2010-01-27,2009-10,Blackburn,Wigan,1.2,1.8,12.2,6.6,5.0,1.2,2.0,12.8,8.2,5.0,H
3638,2010-01-27,2009-10,Chelsea,Birmingham,2.4,1.0,21.8,10.0,11.0,1.0,0.6,8.2,4.2,9.0,H
3639,2010-01-27,2009-10,Everton,Sunderland,1.6,0.8,15.4,7.6,9.0,1.6,3.2,10.4,5.4,2.0,H
3640,2010-01-30,2009-10,Wigan,Everton,1.0,2.0,13.2,8.2,4.0,1.8,0.6,13.8,7.6,11.0,A
3641,2010-01-30,2009-10,West Ham,Blackburn,0.8,0.8,8.4,3.8,6.0,1.6,1.6,12.2,6.2,8.0,D
3642,2010-01-30,2009-10,Liverpool,Bolton,1.2,0.2,9.8,6.0,11.0,1.2,1.8,12.0,5.4,5.0,H
3643,2010-01-30,2009-10,Fulham,Aston Villa,0.6,1.8,11.0,6.2,1.0,0.2,0.8,12.0,6.0,5.0,A
3644,2010-01-30,2009-10,Burnley,Chelsea,0.2,1.8,11.6,6.4,1.0,2.6,0.8,22.6,11.8,11.0,A
3645,2010-01-30,2009-10,Birmingham,Tottenham,0.6,1.0,6.6,3.6,6.0,0.8,0.4,14.4,8.0,8.0,D
3646,2010-01-30,2009-10,Hull,Wolves,0.6,2.4,9.2,4.2,2.0,0.4,1.4,8.8,5.6,4.0,D
3647,2010-01-31,2009-10,Arsenal,Man United,2.4,1.0,13.2,9.2,11.0,3.2,0.4,21.0,12.6,13.0,A
3648,2010-01-31,2009-10,Man City,Portsmouth,2.6,1.2,11.0,5.2,12.0,1.0,1.8,11.2,6.0,4.0,H
3649,2010-02-01,2009-10,Sunderland,Stoke,1.6,3.2,8.4,5.0,2.0,0.8,1.4,9.8,5.6,4.0,D
3650,2010-02-02,2009-10,Hull,Chelsea,1.0,2.2,9.6,4.6,3.0,2.8,0.8,21.8,12.4,13.0,D
3651,2010-02-03,2009-10,Fulham,Portsmouth,0.6,2.2,11.0,6.6,0.0,0.8,1.8,11.8,6.2,4.0,H
3652,2010-02-06,2009-10,Tottenham,Aston Villa,1.0,0.6,17.4,10.2,8.0,0.4,0.8,10.4,5.6,5.0,D
3653,2010-02-06,2009-10,Stoke,Blackburn,0.8,1.2,8.0,5.2,5.0,1.4,1.4,12.2,6.4,8.0,H
3654,2010-02-06,2009-10,Man United,Portsmouth,3.2,0.4,19.4,11.4,13.0,0.4,2.0,11.4,6.6,1.0,H
3655,2010-02-06,2009-10,Bolton,Fulham,1.0,2.0,10.6,4.6,4.0,0.6,1.8,13.2,7.8,3.0,D
3656,2010-02-06,2009-10,Hull,Man City,1.0,1.8,8.6,4.0,4.0,2.2,0.6,11.4,5.4,12.0,H
3657,2010-02-06,2009-10,Burnley,West Ham,0.4,1.8,10.6,5.8,1.0,0.6,0.6,8.6,4.0,6.0,H
3658,2010-02-06,2009-10,Liverpool,Everton,1.2,0.2,9.6,5.2,11.0,1.8,0.4,13.4,8.2,13.0,H
3659,2010-02-06,2009-10,Sunderland,Wigan,1.0,2.4,8.2,5.0,3.0,0.8,1.8,13.6,8.0,4.0,D
3660,2010-02-07,2009-10,Chelsea,Arsenal,3.0,1.0,20.6,12.2,13.0,1.8,1.4,14.0,8.6,8.0,H
3661,2010-02-07,2009-10,Birmingham,Wolves,0.6,1.0,8.6,4.6,6.0,0.4,1.8,9.0,4.0,2.0,H
3662,2010-02-09,2009-10,Fulham,Burnley,0.2,1.2,11.8,7.2,4.0,0.6,1.8,9.2,5.2,3.0,H
3663,2010-02-09,2009-10,Man City,Bolton,2.0,1.0,12.4,6.4,9.0,0.6,1.6,10.6,5.6,4.0,H
3664,2010-02-09,2009-10,Portsmouth,Sunderland,0.4,2.6,10.6,6.2,1.0,1.0,2.4,8.4,5.4,3.0,D
3665,2010-02-09,2009-10,Wigan,Stoke,0.8,1.8,13.6,7.6,4.0,1.4,0.8,9.6,6.8,8.0,D
3666,2010-02-10,2009-10,Arsenal,Liverpool,1.4,1.4,15.6,8.8,7.0,1.2,0.2,9.0,4.2,11.0,H
3667,2010-02-10,2009-10,Aston Villa,Man United,0.4,0.2,11.0,6.0,6.0,3.2,0.4,19.0,9.8,13.0,D
3668,2010-02-10,2009-10,Blackburn,Hull,1.0,1.6,9.8,5.0,7.0,1.0,1.6,7.8,3.4,6.0,H
3669,2010-02-10,2009-10,Everton,Chelsea,1.4,0.6,9.8,5.6,10.0,3.0,0.8,18.8,10.6,13.0,H
3670,2010-02-10,2009-10,West Ham,Birmingham,0.4,1.0,10.0,5.2,3.0,1.0,1.2,9.4,5.8,8.0,H
3671,2010-02-10,2009-10,Wolves,Tottenham,0.6,1.8,10.2,4.6,2.0,0.6,0.6,18.8,11.4,6.0,H
3672,2010-02-16,2009-10,Stoke,Man City,1.6,0.8,9.2,6.8,9.0,1.8,1.0,11.6,6.2,9.0,D
3673,2010-02-17,2009-10,Wigan,Bolton,1.0,1.0,14.6,8.6,5.0,0.6,1.6,10.4,5.4,4.0,D
3674,2010-02-20,2009-10,Wolves,Chelsea,0.8,1.2,9.6,4.2,5.0,1.8,0.8,17.0,9.0,10.0,A
3675,2010-02-20,2009-10,Portsmouth,Stoke,0.4,2.0,11.0,6.2,2.0,1.2,0.6,8.6,6.0,7.0,A
3676,2010-02-20,2009-10,West Ham,Hull,0.8,0.6,12.0,6.8,6.0,1.0,1.8,7.6,3.8,5.0,H
3677,2010-02-20,2009-10,Arsenal,Sunderland,1.2,1.4,15.0,8.2,7.0,0.8,2.2,7.2,4.2,3.0,H
3678,2010-02-20,2009-10,Everton,Man United,1.4,0.4,9.4,5.6,12.0,3.2,0.4,18.6,9.0,13.0,H
3679,2010-02-21,2009-10,Aston Villa,Burnley,0.6,0.2,10.8,5.8,7.0,0.6,2.0,8.8,4.0,3.0,H
3680,2010-02-21,2009-10,Blackburn,Bolton,1.0,0.8,12.2,6.4,10.0,0.2,0.8,10.6,4.6,5.0,H
3681,2010-02-21,2009-10,Fulham,Birmingham,0.8,0.8,12.2,7.8,7.0,0.8,1.6,9.4,5.6,5.0,H
3682,2010-02-21,2009-10,Man City,Liverpool,1.2,1.0,11.0,5.6,7.0,1.0,0.2,10.0,5.0,10.0,D
3683,2010-02-21,2009-10,Wigan,Tottenham,0.6,1.0,12.6,6.0,3.0,0.6,0.8,15.8,8.6,5.0,A
3684,2010-02-23,2009-10,Man United,West Ham,2.8,1.0,16.0,7.8,10.0,1.4,0.6,14.4,8.6,8.0,H
3685,2010-02-27,2009-10,Birmingham,Wigan,0.8,1.8,10.0,5.8,4.0,0.4,1.2,11.6,5.8,3.0,H
3686,2010-02-27,2009-10,Bolton,Wolves,0.0,1.4,9.8,4.8,2.0,0.8,1.2,10.0,4.8,5.0,H
3687,2010-02-27,2009-10,Burnley,Portsmouth,1.0,2.4,9.2,5.0,3.0,0.4,2.2,11.2,7.0,1.0,A
3688,2010-02-27,2009-10,Chelsea,Man City,1.6,0.8,13.4,6.0,10.0,1.2,0.6,10.2,5.0,8.0,A
3689,2010-02-27,2009-10,Stoke,Arsenal,1.4,0.6,10.2,6.4,9.0,0.8,1.0,14.2,7.4,7.0,A
3690,2010-02-28,2009-10,Sunderland,Fulham,0.4,1.2,7.0,4.4,3.0,1.2,0.6,12.6,7.8,10.0,D
3691,2010-02-28,2009-10,Tottenham,Everton,1.2,0.4,17.0,10.0,8.0,1.6,0.6,9.0,5.8,12.0,H
3692,2010-02-28,2009-10,Liverpool,Blackburn,0.6,0.2,8.6,4.4,8.0,1.2,0.8,12.4,6.4,10.0,H
3693,2010-03-06,2009-10,West Ham,Bolton,1.2,1.0,14.0,8.6,7.0,0.2,1.0,12.2,6.4,5.0,A
3694,2010-03-06,2009-10,Wolves,Man United,0.8,1.4,10.0,4.8,4.0,2.6,1.0,13.4,6.6,10.0,A
3695,2010-03-06,2009-10,Arsenal,Burnley,1.4,1.2,15.2,8.0,9.0,1.2,2.6,10.0,5.6,3.0,H
3696,2010-03-07,2009-10,Everton,Hull,1.4,1.0,9.6,6.4,9.0,1.0,1.6,7.4,3.6,5.0,H
3697,2010-03-08,2009-10,Wigan,Liverpool,0.4,1.2,11.8,5.4,3.0,1.0,0.4,9.8,5.0,10.0,H
3698,2010-03-09,2009-10,Sunderland,Bolton,0.4,0.8,8.4,4.8,4.0,0.6,1.2,12.0,5.6,7.0,H
3699,2010-03-09,2009-10,Portsmouth,Birmingham,0.8,2.0,11.8,7.2,4.0,1.0,1.2,11.0,6.2,7.0,A
3700,2010-03-10,2009-10,Burnley,Stoke,1.2,2.8,10.6,6.0,3.0,1.6,1.2,10.2,6.4,8.0,D
3701,2010-03-13,2009-10,Birmingham,Everton,1.2,1.2,10.6,6.2,9.0,2.2,1.2,11.2,7.0,9.0,D
3702,2010-03-13,2009-10,Bolton,Wigan,0.6,1.6,11.2,5.0,7.0,0.4,1.0,11.4,5.0,5.0,H
3703,2010-03-13,2009-10,Burnley,Wolves,1.0,2.8,11.0,5.8,1.0,0.4,1.2,9.8,5.2,3.0,A
3704,2010-03-13,2009-10,Chelsea,West Ham,1.6,1.4,14.8,6.8,7.0,1.4,1.4,16.2,9.0,6.0,H
3705,2010-03-13,2009-10,Hull,Arsenal,0.8,2.2,7.2,3.6,4.0,1.8,0.8,15.6,8.8,12.0,A
3706,2010-03-13,2009-10,Stoke,Aston Villa,1.2,1.4,8.8,4.8,6.0,1.6,0.6,10.4,5.4,9.0,D
3707,2010-03-13,2009-10,Tottenham,Blackburn,1.2,0.6,17.0,10.4,8.0,1.0,1.0,12.2,6.4,7.0,H
3708,2010-03-14,2009-10,Sunderland,Man City,1.2,0.8,9.6,5.2,6.0,1.6,1.0,9.2,5.0,8.0,D
3709,2010-03-14,2009-10,Man United,Fulham,2.2,0.8,14.2,6.8,10.0,1.2,0.2,10.2,6.4,11.0,H
3710,2010-03-15,2009-10,Liverpool,Portsmouth,0.6,0.6,9.4,4.4,7.0,1.0,2.2,11.6,7.2,4.0,H
3711,2010-03-16,2009-10,Wigan,Aston Villa,0.2,1.6,10.8,4.2,4.0,1.6,0.6,10.8,6.0,9.0,A
3712,2010-03-20,2009-10,Wigan,Burnley,0.4,2.0,10.8,5.2,3.0,1.2,2.6,13.4,7.4,1.0,H
3713,2010-03-20,2009-10,Arsenal,West Ham,2.2,0.6,16.4,9.4,15.0,1.4,1.8,13.0,7.2,6.0,H
3714,2010-03-20,2009-10,Aston Villa,Wolves,1.6,0.8,12.6,6.8,9.0,0.6,1.0,8.8,4.8,6.0,D
3715,2010-03-20,2009-10,Everton,Bolton,2.6,1.4,12.6,8.6,10.0,1.4,1.6,11.2,6.2,9.0,H
3716,2010-03-20,2009-10,Portsmouth,Hull,1.2,2.0,11.6,6.8,4.0,0.8,2.4,7.2,3.4,3.0,H
3717,2010-03-20,2009-10,Stoke,Tottenham,1.0,1.2,9.4,4.8,6.0,1.6,0.6,15.6,9.4,10.0,A
3718,2010-03-20,2009-10,Sunderland,Birmingham,1.2,0.8,9.8,5.0,6.0,1.2,1.4,9.0,5.0,7.0,H
3719,2010-03-21,2009-10,Man United,Liverpool,1.8,0.8,16.6,9.0,10.0,1.2,0.8,12.2,6.0,7.0,H
3720,2010-03-21,2009-10,Blackburn,Chelsea,1.2,1.6,12.6,7.0,6.0,2.2,1.4,15.0,7.6,9.0,D
3721,2010-03-21,2009-10,Fulham,Man City,1.0,0.8,9.0,5.6,8.0,1.6,0.8,8.4,4.6,9.0,A
3722,2010-03-23,2009-10,West Ham,Wolves,1.0,2.2,12.0,6.0,3.0,0.8,1.4,8.6,4.8,4.0,A
3723,2010-03-24,2009-10,Aston Villa,Sunderland,2.0,1.2,12.8,6.4,9.0,1.6,0.8,10.6,6.4,8.0,D
3724,2010-03-24,2009-10,Blackburn,Birmingham,1.4,1.2,12.4,7.0,7.0,1.4,1.6,11.4,7.0,7.0,H
3725,2010-03-24,2009-10,Man City,Everton,1.6,1.0,9.6,5.6,9.0,2.6,1.2,14.8,9.8,10.0,A
3726,2010-03-24,2009-10,Portsmouth,Chelsea,1.6,2.2,12.8,7.6,6.0,2.0,1.6,16.0,8.6,7.0,A
3727,2010-03-27,2009-10,Hull,Fulham,0.8,2.8,7.4,3.6,0.0,1.2,1.2,9.6,5.6,7.0,H
3728,2010-03-27,2009-10,Birmingham,Arsenal,1.4,1.6,11.2,6.8,7.0,2.4,0.6,16.0,9.2,15.0,D
3729,2010-03-27,2009-10,Bolton,Man United,1.4,1.4,10.4,5.6,9.0,2.0,0.8,16.2,8.8,12.0,A
3730,2010-03-27,2009-10,Chelsea,Aston Villa,2.8,1.2,17.2,9.8,10.0,2.0,1.2,13.0,6.0,9.0,H
3731,2010-03-27,2009-10,Tottenham,Portsmouth,2.0,0.8,13.2,8.2,12.0,1.4,2.8,11.8,6.4,6.0,H
3732,2010-03-27,2009-10,West Ham,Stoke,0.6,2.8,11.4,5.6,0.0,1.0,1.4,9.4,4.6,5.0,A
3733,2010-03-27,2009-10,Wolves,Everton,1.4,1.2,7.4,4.2,7.0,2.4,1.0,14.6,9.8,10.0,D
3734,2010-03-28,2009-10,Burnley,Blackburn,0.8,1.8,13.4,7.0,1.0,1.6,1.4,10.2,6.4,7.0,A
3735,2010-03-28,2009-10,Liverpool,Sunderland,1.4,1.0,11.2,5.0,7.0,1.8,0.6,11.4,6.6,9.0,H
3736,2010-03-29,2009-10,Man City,Wigan,1.4,1.2,10.2,6.0,8.0,0.6,1.4,13.4,6.0,6.0,H
3737,2010-04-03,2009-10,Stoke,Hull,0.8,1.2,9.0,4.6,5.0,1.2,2.6,7.4,3.6,3.0,H
3738,2010-04-03,2009-10,Sunderland,Tottenham,1.8,1.2,10.4,6.0,8.0,2.4,0.6,14.4,9.0,15.0,H
3739,2010-04-03,2009-10,Portsmouth,Blackburn,1.0,3.0,10.8,6.0,3.0,1.2,1.4,10.2,6.0,7.0,D
3740,2010-04-03,2009-10,Arsenal,Wolves,2.2,0.8,15.4,8.8,13.0,1.4,1.0,8.0,3.8,8.0,H
3741,2010-04-03,2009-10,Burnley,Man City,0.6,1.6,12.0,6.0,1.0,2.0,1.2,11.4,7.4,10.0,A
3742,2010-04-03,2009-10,Bolton,Aston Villa,1.2,2.2,10.0,5.8,6.0,1.2,2.2,11.4,5.4,6.0,A
3743,2010-04-03,2009-10,Man United,Chelsea,2.6,0.2,16.6,9.4,15.0,3.8,1.4,18.4,11.6,10.0,A
3744,2010-04-04,2009-10,Birmingham,Liverpool,1.4,1.8,10.6,6.4,5.0,2.0,1.0,15.0,7.8,9.0,D
3745,2010-04-04,2009-10,Everton,West Ham,2.2,0.6,16.2,10.4,11.0,0.6,2.4,12.8,6.2,0.0,D
3746,2010-04-04,2009-10,Fulham,Wigan,0.6,1.6,8.8,5.0,4.0,0.6,1.8,13.0,6.2,6.0,H
3747,2010-04-10,2009-10,Hull,Burnley,1.2,2.4,7.0,3.6,3.0,0.6,2.2,13.2,6.4,1.0,A
3748,2010-04-10,2009-10,West Ham,Sunderland,0.8,2.4,11.2,5.6,1.0,1.6,1.4,10.2,6.6,8.0,H
3749,2010-04-11,2009-10,Wolves,Stoke,1.4,1.0,6.2,3.0,8.0,1.0,0.6,10.0,4.6,8.0,D
3750,2010-04-11,2009-10,Man City,Birmingham,2.4,1.0,13.8,9.0,10.0,1.2,1.8,10.2,5.8,3.0,H
3751,2010-04-11,2009-10,Liverpool,Fulham,1.8,1.0,15.8,8.2,7.0,0.6,1.6,8.0,4.8,4.0,D
3752,2010-04-11,2009-10,Blackburn,Man United,1.0,1.0,11.0,6.2,8.0,2.2,0.6,16.0,8.2,12.0,D
3753,2010-04-13,2009-10,Chelsea,Bolton,3.8,0.8,16.0,10.0,13.0,0.8,2.2,9.8,6.4,3.0,H
3754,2010-04-14,2009-10,Aston Villa,Everton,1.4,2.2,12.0,6.2,8.0,1.6,0.8,14.6,9.4,9.0,D
3755,2010-04-14,2009-10,Tottenham,Arsenal,2.0,1.2,14.2,8.4,12.0,1.8,0.6,16.6,9.2,13.0,H
3756,2010-04-14,2009-10,Wigan,Portsmouth,0.6,2.2,13.0,6.8,3.0,0.8,2.6,9.8,5.0,4.0,D
3757,2010-04-17,2009-10,Tottenham,Chelsea,2.0,1.2,14.2,8.6,12.0,3.2,0.6,15.2,8.6,13.0,H
3758,2010-04-17,2009-10,Sunderland,Burnley,1.4,1.4,9.6,6.6,7.0,1.2,2.2,13.0,7.2,3.0,H
3759,2010-04-17,2009-10,Stoke,Bolton,0.8,0.4,10.2,4.2,8.0,0.8,1.6,9.8,6.4,3.0,A
3760,2010-04-17,2009-10,Birmingham,Hull,1.0,2.4,9.8,5.6,2.0,1.2,2.2,7.8,3.6,3.0,D
3761,2010-04-17,2009-10,Fulham,Wolves,0.6,1.6,7.8,5.0,4.0,1.0,0.8,6.8,4.0,6.0,D
3762,2010-04-17,2009-10,Blackburn,Everton,0.8,0.4,10.6,6.2,9.0,1.6,0.8,14.6,9.2,9.0,A
3763,2010-04-17,2009-10,Man City,Man United,3.2,1.0,14.6,8.8,12.0,2.0,0.6,15.6,8.2,10.0,A
3764,2010-04-18,2009-10,Portsmouth,Aston Villa,0.6,1.8,9.6,4.8,5.0,1.4,2.4,10.4,5.6,6.0,A
3765,2010-04-18,2009-10,Wigan,Arsenal,0.6,1.4,15.2,8.2,4.0,1.4,0.8,16.4,9.2,10.0,H
3766,2010-04-19,2009-10,Liverpool,West Ham,1.8,0.8,17.2,9.4,8.0,0.8,1.6,12.4,6.4,4.0,H
3767,2010-04-21,2009-10,Hull,Aston Villa,1.0,1.8,8.6,4.0,4.0,1.4,2.2,10.6,6.8,8.0,A
3768,2010-04-24,2009-10,Wolves,Blackburn,0.6,0.4,6.4,3.4,6.0,1.0,0.8,12.0,7.4,8.0,D
3769,2010-04-24,2009-10,Arsenal,Man City,1.4,1.2,15.0,9.0,7.0,2.8,1.0,13.4,8.0,9.0,D
3770,2010-04-24,2009-10,Bolton,Portsmouth,0.4,1.8,10.8,6.8,3.0,0.2,1.8,9.2,5.2,2.0,D
3771,2010-04-24,2009-10,Hull,Sunderland,0.6,1.6,9.6,5.0,4.0,1.2,1.4,10.6,7.0,7.0,A
3772,2010-04-24,2009-10,Man United,Tottenham,1.6,0.6,11.6,5.0,10.0,1.8,1.2,15.4,9.2,12.0,H
3773,2010-04-24,2009-10,West Ham,Wigan,0.8,1.8,12.0,6.0,4.0,1.0,1.4,16.4,9.2,7.0,H
3774,2010-04-25,2009-10,Everton,Fulham,1.8,1.2,13.2,7.8,9.0,0.6,1.0,8.4,4.8,5.0,H
3775,2010-04-25,2009-10,Chelsea,Stoke,3.2,0.8,14.2,8.2,12.0,1.0,0.8,9.8,4.0,7.0,H
3776,2010-04-25,2009-10,Burnley,Liverpool,1.2,2.2,10.4,5.8,3.0,1.6,0.6,16.0,8.6,8.0,A
3777,2010-04-25,2009-10,Aston Villa,Birmingham,1.6,2.0,10.6,7.0,10.0,0.8,1.8,7.6,4.2,3.0,H
3778,2010-05-01,2009-10,Birmingham,Burnley,0.6,1.6,9.2,6.0,3.0,1.2,2.8,10.2,5.4,3.0,H
3779,2010-05-01,2009-10,Man City,Aston Villa,2.8,0.6,11.6,7.4,10.0,1.6,0.6,11.2,7.2,13.0,H
3780,2010-05-01,2009-10,Portsmouth,Wolves,0.6,1.2,9.8,5.2,3.0,0.2,0.4,8.2,3.6,4.0,H
3781,2010-05-01,2009-10,Stoke,Everton,0.8,1.8,8.8,3.6,7.0,1.8,1.4,14.2,8.2,9.0,D
3782,2010-05-01,2009-10,Tottenham,Bolton,1.6,1.6,14.0,8.0,9.0,0.8,1.8,12.4,8.0,4.0,H
3783,2010-05-02,2009-10,Liverpool,Chelsea,2.2,0.2,17.6,10.2,11.0,3.6,0.8,16.0,9.6,12.0,A
3784,2010-05-02,2009-10,Sunderland,Man United,1.2,1.2,10.6,7.0,9.0,1.8,0.6,12.6,5.6,10.0,A
3785,2010-05-02,2009-10,Fulham,West Ham,0.6,1.0,8.0,5.2,5.0,1.2,1.6,10.4,5.4,7.0,H
3786,2010-05-03,2009-10,Blackburn,Arsenal,0.8,0.8,12.6,7.6,6.0,1.0,1.2,15.0,8.8,5.0,H
3787,2010-05-03,2009-10,Wigan,Hull,1.2,2.0,14.6,9.0,4.0,0.2,1.8,11.0,5.8,1.0,D
3788,2010-05-05,2009-10,Fulham,Stoke,1.2,1.0,6.6,4.0,8.0,0.6,1.8,8.8,3.4,5.0,A
3789,2010-05-05,2009-10,Man City,Tottenham,2.8,0.8,13.0,8.2,10.0,1.4,1.6,15.8,8.8,9.0,A
3790,2010-05-09,2009-10,Hull,Liverpool,0.6,1.8,11.2,5.8,2.0,1.6,0.6,14.0,7.4,8.0,D
3791,2010-05-09,2009-10,Wolves,Sunderland,0.4,1.0,10.0,5.4,3.0,1.2,0.8,11.2,7.0,9.0,H
3792,2010-05-09,2009-10,West Ham,Man City,1.6,2.0,8.4,5.0,7.0,1.6,0.8,11.0,6.4,7.0,D
3793,2010-05-09,2009-10,Man United,Stoke,1.2,0.6,12.8,5.8,10.0,0.4,1.8,8.0,3.2,5.0,H
3794,2010-05-09,2009-10,Everton,Portsmouth,1.8,1.4,12.0,7.4,9.0,1.2,1.0,10.6,6.2,6.0,H
3795,2010-05-09,2009-10,Chelsea,Wigan,2.6,0.6,16.4,9.6,12.0,1.6,1.8,15.4,9.8,5.0,H
3796,2010-05-09,2009-10,Burnley,Tottenham,1.4,3.0,11.2,6.2,3.0,1.4,1.0,15.4,8.2,12.0,H
3797,2010-05-09,2009-10,Bolton,Birmingham,0.8,1.2,11.8,7.4,4.0,0.8,1.6,10.4,6.2,5.0,H
3798,2010-05-09,2009-10,Aston Villa,Blackburn,1.6,1.2,10.6,6.6,10.0,1.0,1.0,12.4,8.0,6.0,A
3799,2010-05-09,2009-10,Arsenal,Fulham,1.0,1.4,13.6,8.0,4.0,0.8,1.0,7.6,4.2,5.0,H
3800,2010-08-14,2010-11,Wolves,Stoke,0.8,1.0,12.2,6.4,6.0,0.4,2.6,7.0,3.8,4.0,H
3802,2010-08-14,2010-11,Tottenham,Man City,1.4,1.6,16.0,8.4,9.0,0.8,0.8,11.0,6.0,5.0,D
3803,2010-08-14,2010-11,Sunderland,Birmingham,0.8,1.0,11.2,6.0,6.0,0.8,1.8,10.8,6.6,4.0,D
3804,2010-08-14,2010-11,Bolton,Fulham,1.2,1.2,11.8,7.0,7.0,0.8,1.8,8.2,4.2,4.0,D
3805,2010-08-14,2010-11,Blackburn,Everton,1.2,1.0,11.0,7.0,8.0,1.6,1.0,14.2,9.0,11.0,H
3806,2010-08-14,2010-11,Aston Villa,West Ham,1.2,1.0,11.8,7.6,9.0,1.4,1.8,8.8,5.6,7.0,H
3807,2010-08-14,2010-11,Chelsea,West Brom,3.8,0.4,17.6,10.6,12.0,1.2,0.8,12.4,7.6,7.0,H
3808,2010-08-15,2010-11,Liverpool,Arsenal,1.4,0.4,14.6,7.2,8.0,1.6,1.4,12.2,7.6,4.0,D
3809,2010-08-16,2010-11,Man United,Newcastle,1.8,0.2,14.6,7.8,13.0,0.6,1.2,11.0,5.8,4.0,H
3810,2010-08-21,2010-11,West Ham,Bolton,1.2,2.4,9.2,4.8,4.0,1.2,1.0,13.0,8.4,8.0,A
3811,2010-08-21,2010-11,Wigan,Chelsea,1.4,3.8,11.2,7.4,4.0,4.8,0.4,17.6,11.6,12.0,A
3812,2010-08-21,2010-11,West Brom,Sunderland,0.6,2.0,11.4,6.6,4.0,1.2,1.2,10.6,5.0,7.0,H
3813,2010-08-21,2010-11,Everton,Wolves,1.2,0.8,15.0,9.4,10.0,1.2,1.2,12.8,6.2,8.0,D
3814,2010-08-21,2010-11,Birmingham,Blackburn,1.0,1.2,12.4,7.4,5.0,1.4,1.0,10.8,6.0,10.0,H
3816,2010-08-21,2010-11,Stoke,Tottenham,0.4,2.6,6.8,4.0,4.0,1.0,1.4,16.4,10.0,7.0,A
3817,2010-08-22,2010-11,Fulham,Man United,0.8,1.8,8.4,4.8,4.0,2.4,0.2,15.6,8.6,15.0,D
3818,2010-08-22,2010-11,Newcastle,Aston Villa,0.6,1.8,9.8,4.8,3.0,1.4,0.8,14.0,8.0,9.0,H
3819,2010-08-23,2010-11,Man City,Liverpool,0.8,0.6,11.6,6.4,6.0,1.6,0.6,12.4,6.2,8.0,H
3820,2010-08-28,2010-11,Man United,West Ham,2.6,0.6,15.8,9.4,13.0,1.4,2.4,11.4,6.4,4.0,H
3821,2010-08-28,2010-11,Blackburn,Arsenal,1.2,0.8,9.2,4.4,10.0,2.4,0.6,14.2,8.4,8.0,A
3823,2010-08-28,2010-11,Chelsea,Stoke,5.8,0.0,17.8,12.0,15.0,0.6,1.6,9.2,5.6,4.0,H
3824,2010-08-28,2010-11,Tottenham,Wigan,1.2,1.0,16.0,10.6,10.0,0.8,4.6,11.4,7.6,1.0,A
3825,2010-08-28,2010-11,Wolves,Newcastle,1.4,1.4,13.6,6.8,8.0,1.8,1.2,13.2,7.0,6.0,D
3826,2010-08-29,2010-11,Aston Villa,Everton,1.0,2.0,12.4,7.2,6.0,0.8,0.6,15.6,9.8,8.0,H
3827,2010-08-29,2010-11,Bolton,Birmingham,1.4,1.0,12.8,8.4,8.0,1.4,1.4,12.4,7.4,7.0,D
3828,2010-08-29,2010-11,Liverpool,West Brom,1.0,1.2,11.6,6.0,5.0,0.8,1.8,11.6,6.2,7.0,H
3829,2010-08-29,2010-11,Sunderland,Man City,0.8,1.2,9.4,3.6,4.0,1.4,0.6,12.6,6.6,8.0,H
3830,2010-09-11,2010-11,Everton,Man United,0.4,0.6,15.6,9.8,5.0,2.6,0.4,16.4,10.0,13.0,D
3831,2010-09-11,2010-11,West Ham,Chelsea,0.8,2.6,11.0,5.4,1.0,4.8,0.0,15.0,9.6,15.0,A
3832,2010-09-11,2010-11,Wigan,Sunderland,0.6,4.0,11.6,6.6,4.0,0.8,1.2,9.8,3.4,4.0,D
3833,2010-09-11,2010-11,West Brom,Tottenham,0.2,1.8,12.0,5.2,4.0,1.0,1.2,13.4,9.6,7.0,D
3834,2010-09-11,2010-11,Arsenal,Bolton,2.8,0.8,15.2,9.4,10.0,1.4,1.0,12.2,8.0,8.0,H
3835,2010-09-11,2010-11,Man City,Blackburn,0.8,0.6,11.0,5.6,5.0,1.2,1.0,9.8,4.2,9.0,D
3836,2010-09-11,2010-11,Fulham,Wolves,0.8,1.8,11.4,6.0,3.0,1.4,1.4,11.8,6.2,8.0,H
3838,2010-09-12,2010-11,Birmingham,Liverpool,1.8,1.6,11.0,5.6,8.0,0.4,1.2,11.4,5.4,5.0,D
3839,2010-09-13,2010-11,Stoke,Aston Villa,0.6,2.0,8.6,5.0,3.0,1.0,2.0,12.8,7.2,6.0,H
3840,2010-09-18,2010-11,Tottenham,Wolves,1.0,1.4,14.6,10.2,5.0,1.4,1.2,9.0,4.4,8.0,H
3841,2010-09-18,2010-11,Aston Villa,Bolton,1.0,1.8,12.8,7.2,6.0,1.6,1.6,11.4,7.8,8.0,D
3842,2010-09-18,2010-11,Blackburn,Fulham,1.0,1.0,8.4,3.2,7.0,1.2,1.8,11.6,6.0,6.0,D
3843,2010-09-18,2010-11,Everton,Newcastle,1.0,1.2,18.0,10.8,5.0,1.4,1.4,12.4,7.8,4.0,A
3844,2010-09-18,2010-11,Stoke,West Ham,0.8,2.2,11.6,7.0,3.0,0.6,2.6,12.2,5.8,1.0,D
3845,2010-09-18,2010-11,Sunderland,Arsenal,1.0,1.2,8.6,3.4,5.0,3.4,0.6,18.6,11.4,13.0,D
3846,2010-09-18,2010-11,West Brom,Birmingham,0.4,1.6,12.6,5.4,5.0,1.4,1.4,11.4,5.4,6.0,H
3847,2010-09-19,2010-11,Man United,Liverpool,3.0,1.0,16.2,9.8,11.0,0.4,0.8,12.8,6.6,6.0,H
3849,2010-09-19,2010-11,Wigan,Man City,0.4,3.8,12.4,6.0,4.0,1.0,0.6,13.0,7.4,6.0,A
3850,2010-09-25,2010-11,Man City,Chelsea,1.2,0.4,11.8,7.2,8.0,4.2,0.2,17.4,10.2,15.0,H
3851,2010-09-25,2010-11,West Ham,Tottenham,0.6,2.6,12.4,5.4,1.0,1.2,0.8,15.4,10.2,8.0,H
3852,2010-09-25,2010-11,Liverpool,Sunderland,0.8,1.4,10.4,5.4,5.0,1.0,1.0,9.6,3.4,6.0,D
3853,2010-09-25,2010-11,Blackpool,Blackburn,1.6,2.4,8.8,4.2,7.0,1.0,1.2,8.4,3.6,5.0,A
3854,2010-09-25,2010-11,Fulham,Everton,1.4,1.2,12.4,6.4,7.0,0.8,1.4,15.0,8.8,2.0,D
3855,2010-09-25,2010-11,Birmingham,Wigan,1.4,1.6,10.6,5.0,6.0,0.4,2.6,13.4,6.0,4.0,D
3856,2010-09-25,2010-11,Arsenal,West Brom,2.8,0.8,18.6,10.6,11.0,1.0,1.8,13.2,6.4,7.0,A
3857,2010-09-26,2010-11,Bolton,Man United,1.4,1.6,11.2,7.6,6.0,2.8,1.4,15.8,8.6,11.0,D
3858,2010-09-26,2010-11,Newcastle,Stoke,1.6,1.2,12.6,8.0,7.0,1.0,1.6,12.6,6.8,4.0,A
3859,2010-09-26,2010-11,Wolves,Aston Villa,1.2,1.6,7.2,3.4,5.0,1.2,1.8,12.2,6.0,7.0,A
3860,2010-10-02,2010-11,Wigan,Wolves,0.4,1.8,14.6,6.8,5.0,1.0,1.8,7.4,4.4,2.0,H
3861,2010-10-02,2010-11,West Ham,Fulham,0.8,2.0,14.4,8.0,4.0,1.4,1.2,12.4,5.4,7.0,D
3862,2010-10-02,2010-11,West Brom,Bolton,1.6,1.0,12.6,6.6,10.0,1.8,2.0,11.6,7.6,6.0,D
3863,2010-10-02,2010-11,Tottenham,Aston Villa,1.2,1.0,14.4,8.8,7.0,1.0,2.0,9.6,5.4,7.0,H
3864,2010-10-02,2010-11,Sunderland,Man United,1.0,1.0,10.4,3.2,6.0,2.6,1.8,14.6,7.8,9.0,D
3865,2010-10-02,2010-11,Stoke,Blackburn,1.2,1.4,12.2,6.0,7.0,1.2,1.4,9.6,4.8,5.0,H
3866,2010-10-02,2010-11,Birmingham,Everton,1.0,1.2,10.0,4.4,6.0,0.8,1.2,14.6,7.8,3.0,A
3867,2010-10-03,2010-11,Chelsea,Arsenal,3.0,0.4,16.8,8.4,12.0,3.0,1.2,20.6,11.6,10.0,H
3868,2010-10-03,2010-11,Liverpool,Blackpool,1.0,1.6,11.6,5.6,5.0,1.0,2.8,9.2,4.4,4.0,A
3869,2010-10-03,2010-11,Man City,Newcastle,1.4,0.4,11.2,7.0,10.0,1.8,1.0,13.4,8.8,7.0,H
3870,2010-10-16,2010-11,Wolves,West Ham,0.8,2.0,6.0,3.6,1.0,0.8,1.6,13.4,7.0,5.0,D
3871,2010-10-16,2010-11,Newcastle,Wigan,0.8,1.4,11.0,6.8,4.0,0.8,0.6,16.0,7.8,8.0,D
3872,2010-10-16,2010-11,Man United,West Brom,2.2,1.4,13.8,7.2,9.0,1.6,1.2,13.8,7.4,8.0,D
3873,2010-10-16,2010-11,Fulham,Tottenham,1.2,1.0,12.6,4.8,7.0,1.2,1.0,16.8,9.6,7.0,A
3874,2010-10-16,2010-11,Bolton,Stoke,1.4,2.0,11.2,7.0,4.0,1.2,1.0,12.8,6.2,10.0,H
3875,2010-10-16,2010-11,Aston Villa,Chelsea,1.2,1.2,11.6,6.0,7.0,2.2,0.4,17.0,8.0,12.0,D
3876,2010-10-16,2010-11,Arsenal,Birmingham,1.8,1.6,18.0,9.4,7.0,0.6,1.4,9.2,3.6,3.0,H
3877,2010-10-17,2010-11,Blackpool,Man City,1.4,1.8,10.8,5.6,7.0,1.2,0.6,11.4,7.4,10.0,A
3878,2010-10-17,2010-11,Everton,Liverpool,1.0,1.0,14.0,7.8,5.0,1.2,1.4,12.8,6.2,5.0,H
3879,2010-10-18,2010-11,Blackburn,Sunderland,1.0,1.2,9.6,5.2,5.0,1.0,0.8,11.2,4.0,7.0,D
3880,2010-10-23,2010-11,Wigan,Bolton,1.0,1.0,15.0,7.6,6.0,1.4,1.8,11.2,6.6,6.0,D
3881,2010-10-23,2010-11,West Ham,Newcastle,1.0,1.2,13.8,8.0,6.0,1.0,1.6,10.6,6.4,4.0,A
3882,2010-10-23,2010-11,West Brom,Fulham,2.0,1.4,12.4,6.8,9.0,1.0,1.0,12.4,4.4,6.0,H
3883,2010-10-23,2010-11,Tottenham,Everton,1.6,1.0,17.2,9.4,10.0,1.4,0.8,12.8,7.2,8.0,D
3884,2010-10-23,2010-11,Sunderland,Aston Villa,0.8,0.8,12.0,4.6,5.0,1.0,1.2,11.4,5.8,5.0,H
3885,2010-10-23,2010-11,Chelsea,Wolves,1.8,0.4,16.6,8.0,10.0,0.8,2.0,6.8,4.2,1.0,H
3886,2010-10-23,2010-11,Birmingham,Blackpool,0.4,1.4,8.6,3.4,2.0,1.4,2.0,11.2,5.6,6.0,H
3887,2010-10-24,2010-11,Liverpool,Blackburn,1.0,1.8,13.6,6.6,2.0,0.8,0.8,8.4,4.4,6.0,H
3888,2010-10-24,2010-11,Man City,Arsenal,1.8,0.8,12.2,7.6,13.0,1.8,1.6,18.8,10.2,7.0,A
3889,2010-10-24,2010-11,Stoke,Man United,1.4,1.0,12.6,6.2,10.0,2.0,1.8,13.4,6.8,7.0,A
3890,2010-10-30,2010-11,Wolves,Man City,0.6,2.0,8.4,5.6,1.0,1.6,1.2,10.0,6.0,12.0,H
3891,2010-10-30,2010-11,Man United,Tottenham,1.8,1.4,13.2,6.2,9.0,1.6,1.0,16.6,9.2,10.0,H
3892,2010-10-30,2010-11,Fulham,Wigan,0.8,1.2,11.6,3.8,3.0,1.0,1.0,14.6,8.6,6.0,H
3893,2010-10-30,2010-11,Blackburn,Chelsea,0.8,1.0,8.4,4.4,5.0,1.6,0.2,16.6,8.2,10.0,A
3894,2010-10-30,2010-11,Arsenal,West Ham,1.6,1.4,16.6,9.0,7.0,1.0,1.0,12.2,6.8,6.0,H
3895,2010-10-30,2010-11,Everton,Stoke,1.0,0.4,9.6,5.0,8.0,1.2,1.2,9.8,4.2,7.0,H
3896,2010-10-31,2010-11,Aston Villa,Birmingham,0.8,1.0,11.6,6.0,5.0,0.8,1.4,9.0,4.4,4.0,D
3897,2010-10-31,2010-11,Bolton,Liverpool,1.4,1.2,11.6,5.8,7.0,1.4,2.0,14.2,7.0,4.0,A
3898,2010-10-31,2010-11,Newcastle,Sunderland,1.4,1.4,10.0,5.4,7.0,0.8,0.6,13.8,5.4,7.0,H
3899,2010-11-01,2010-11,Blackpool,West Brom,1.0,2.4,12.6,6.0,3.0,2.2,1.4,12.2,6.6,11.0,H
3900,2010-11-06,2010-11,Birmingham,West Ham,0.6,0.8,9.8,5.0,5.0,0.8,1.0,10.8,6.2,5.0,D
3901,2010-11-06,2010-11,Blackburn,Wigan,0.8,1.2,9.2,4.6,4.0,1.0,1.0,14.4,8.6,6.0,H
3902,2010-11-06,2010-11,Blackpool,Everton,1.4,1.8,14.6,6.8,6.0,1.2,0.2,12.0,6.4,11.0,D
3903,2010-11-06,2010-11,Bolton,Tottenham,1.2,1.2,11.8,6.4,6.0,1.0,1.2,14.8,8.0,7.0,H
3904,2010-11-06,2010-11,Fulham,Aston Villa,1.0,1.0,12.8,4.8,5.0,0.6,0.8,10.4,5.4,5.0,D
3905,2010-11-06,2010-11,Man United,Wolves,1.6,1.0,13.6,6.8,9.0,0.8,1.6,9.4,6.4,4.0,H
3906,2010-11-06,2010-11,Sunderland,Stoke,0.8,1.4,12.8,5.4,6.0,1.0,1.2,9.8,3.8,6.0,H
3907,2010-11-07,2010-11,Liverpool,Chelsea,1.2,1.4,14.8,7.6,7.0,1.2,0.4,14.4,7.0,10.0,H
3908,2010-11-07,2010-11,Arsenal,Newcastle,1.6,1.2,17.4,10.2,9.0,2.2,1.6,11.4,7.0,7.0,A
3909,2010-11-07,2010-11,West Brom,Man City,1.8,1.6,11.4,5.6,8.0,1.4,1.6,11.2,6.8,9.0,A
3910,2010-11-09,2010-11,Tottenham,Sunderland,1.4,1.8,13.6,7.0,7.0,0.8,1.0,13.6,6.6,8.0,D
3911,2010-11-09,2010-11,Stoke,Birmingham,0.6,1.4,10.4,4.4,3.0,1.0,1.2,9.4,5.2,5.0,H
3912,2010-11-10,2010-11,Aston Villa,Blackpool,0.4,0.8,11.4,5.4,3.0,1.6,1.8,14.6,6.8,7.0,H
3913,2010-11-10,2010-11,Chelsea,Fulham,1.2,0.6,13.6,7.6,10.0,1.2,1.2,13.2,6.4,5.0,H
3914,2010-11-10,2010-11,Everton,Bolton,1.6,0.6,13.0,7.8,11.0,1.6,1.2,12.4,6.2,8.0,D
3915,2010-11-10,2010-11,Man City,Man United,1.6,1.6,11.4,6.6,9.0,1.6,0.8,14.0,7.6,11.0,D
3916,2010-11-10,2010-11,Newcastle,Blackburn,2.2,1.2,10.6,6.0,10.0,0.8,1.2,8.6,3.6,4.0,A
3917,2010-11-10,2010-11,West Ham,West Brom,1.0,1.4,9.6,4.8,3.0,1.2,1.6,12.6,6.0,5.0,D
3918,2010-11-10,2010-11,Wigan,Liverpool,1.2,1.4,14.2,8.6,5.0,1.2,1.0,14.0,8.0,9.0,D
3919,2010-11-10,2010-11,Wolves,Arsenal,0.8,1.6,8.2,5.2,4.0,1.2,0.8,14.8,9.4,9.0,A
3920,2010-11-13,2010-11,West Ham,Blackpool,1.2,1.6,8.8,4.8,3.0,1.6,2.2,14.8,6.6,4.0,D
3921,2010-11-13,2010-11,Wigan,West Brom,1.0,1.6,11.4,6.8,3.0,1.4,1.8,12.0,5.4,5.0,H
3922,2010-11-13,2010-11,Tottenham,Blackburn,1.2,1.8,13.8,7.4,5.0,1.2,1.2,8.6,3.8,7.0,H
3923,2010-11-13,2010-11,Wolves,Bolton,0.8,1.6,10.6,6.6,4.0,1.6,1.2,12.4,6.2,8.0,A
3924,2010-11-13,2010-11,Newcastle,Fulham,2.2,1.2,10.8,5.8,10.0,1.0,1.2,10.8,6.0,4.0,D
3925,2010-11-13,2010-11,Man City,Birmingham,1.2,1.4,10.8,6.4,7.0,1.4,1.4,11.0,6.6,5.0,D
3926,2010-11-13,2010-11,Aston Villa,Man United,0.8,0.8,12.6,7.0,6.0,1.6,0.8,13.4,7.6,11.0,D
3927,2010-11-13,2010-11,Stoke,Liverpool,1.0,1.8,10.6,4.6,3.0,1.2,0.8,11.8,6.6,10.0,H
3928,2010-11-14,2010-11,Everton,Arsenal,1.4,0.8,15.4,9.0,9.0,1.6,0.4,14.6,10.0,12.0,A
3929,2010-11-14,2010-11,Chelsea,Sunderland,1.0,0.6,15.2,8.4,10.0,1.0,1.2,12.4,5.8,8.0,A
3930,2010-11-20,2010-11,Arsenal,Tottenham,1.6,0.4,13.6,9.0,12.0,1.6,2.0,15.0,8.6,5.0,A
3931,2010-11-20,2010-11,Birmingham,Chelsea,1.2,1.0,10.8,6.4,6.0,1.0,1.2,15.4,8.6,9.0,H
3932,2010-11-20,2010-11,Blackpool,Wolves,1.2,1.6,14.8,6.6,5.0,1.0,2.0,10.8,6.8,3.0,H
3933,2010-11-20,2010-11,Bolton,Newcastle,1.8,1.4,12.8,6.4,8.0,1.8,0.8,11.6,6.4,10.0,H
3934,2010-11-20,2010-11,Liverpool,West Ham,1.2,0.8,10.8,6.0,10.0,1.0,1.4,10.4,4.2,3.0,H
3935,2010-11-20,2010-11,Man United,Wigan,1.6,0.8,13.4,7.8,11.0,0.8,1.2,12.4,6.8,5.0,H
3936,2010-11-20,2010-11,West Brom,Stoke,1.0,1.6,13.0,6.2,4.0,1.2,1.4,11.8,5.4,6.0,A
3937,2010-11-21,2010-11,Blackburn,Aston Villa,1.6,2.0,9.2,4.8,6.0,1.2,1.2,12.8,7.2,6.0,H
3938,2010-11-21,2010-11,Fulham,Man City,0.8,0.8,10.6,6.6,5.0,0.6,1.0,12.4,7.0,5.0,A
3939,2010-11-22,2010-11,Sunderland,Everton,1.6,1.2,13.0,6.2,10.0,1.2,1.2,16.4,9.2,6.0,D
3940,2010-11-27,2010-11,West Ham,Wigan,0.8,1.6,10.6,4.2,3.0,0.6,1.4,11.4,5.8,4.0,H
3941,2010-11-27,2010-11,Stoke,Man City,1.6,1.0,11.8,5.8,9.0,1.4,0.6,12.8,7.4,8.0,D
3942,2010-11-27,2010-11,Man United,Blackburn,1.6,0.6,14.4,9.2,11.0,1.8,1.6,11.2,5.4,9.0,H
3943,2010-11-27,2010-11,Wolves,Sunderland,1.2,2.0,12.2,7.0,3.0,1.8,1.6,13.0,6.6,8.0,H
3944,2010-11-27,2010-11,Everton,West Brom,1.4,1.4,17.0,10.2,6.0,0.6,2.0,13.2,6.4,1.0,A
3945,2010-11-27,2010-11,Bolton,Blackpool,2.6,1.4,14.6,7.8,10.0,1.6,1.4,14.6,7.2,8.0,D
3946,2010-11-27,2010-11,Aston Villa,Arsenal,1.2,1.4,13.8,8.0,6.0,1.4,1.0,13.6,8.8,9.0,A
3947,2010-11-27,2010-11,Fulham,Birmingham,0.8,1.2,10.6,6.6,5.0,1.0,1.0,7.6,5.0,6.0,D
3948,2010-11-28,2010-11,Newcastle,Chelsea,1.6,1.6,10.2,5.0,7.0,0.6,1.4,16.8,8.4,6.0,D
3949,2010-11-28,2010-11,Tottenham,Liverpool,2.0,2.2,14.4,8.2,7.0,1.4,0.6,11.2,6.2,10.0,H
3950,2010-12-04,2010-11,Wigan,Stoke,0.8,1.6,11.8,7.2,4.0,1.8,1.0,13.2,7.4,10.0,D
3951,2010-12-04,2010-11,Chelsea,Everton,0.4,1.4,17.0,9.2,4.0,1.4,2.2,15.8,9.0,3.0,D
3952,2010-12-04,2010-11,Man City,Bolton,1.4,0.4,11.2,6.4,9.0,3.0,1.6,16.6,8.6,11.0,H
3953,2010-12-04,2010-11,Birmingham,Tottenham,1.2,1.2,7.0,4.4,6.0,2.4,2.0,16.2,9.8,10.0,D
3954,2010-12-04,2010-11,Arsenal,Fulham,2.0,1.4,13.0,8.2,9.0,0.6,1.4,9.8,6.2,3.0,H
3955,2010-12-04,2010-11,Blackburn,Wolves,1.8,2.6,9.2,4.6,9.0,1.4,2.2,13.0,7.4,3.0,H
3956,2010-12-05,2010-11,Sunderland,West Ham,2.0,1.2,13.8,7.4,8.0,1.4,1.6,12.4,5.4,6.0,H
3957,2010-12-05,2010-11,West Brom,Newcastle,1.2,1.8,12.2,6.0,4.0,0.8,1.6,8.0,3.2,5.0,H
3958,2010-12-06,2010-11,Liverpool,Aston Villa,1.4,1.0,11.6,7.0,7.0,1.6,2.2,13.6,8.2,5.0,H
3959,2010-12-11,2010-11,West Ham,Man City,1.0,1.4,10.8,4.2,5.0,1.2,0.4,13.2,7.4,9.0,A
3960,2010-12-11,2010-11,Aston Villa,West Brom,1.4,2.6,11.6,7.0,4.0,1.8,1.6,13.6,7.0,7.0,H
3961,2010-12-11,2010-11,Everton,Wigan,1.2,2.0,15.0,7.6,3.0,1.0,1.6,11.6,6.8,5.0,D
3962,2010-12-11,2010-11,Fulham,Sunderland,0.6,1.6,9.2,5.6,2.0,1.8,1.2,14.4,8.4,8.0,D
3963,2010-12-11,2010-11,Newcastle,Liverpool,0.8,2.2,8.8,4.2,2.0,1.6,1.0,12.2,7.0,7.0,H
3964,2010-12-11,2010-11,Stoke,Blackpool,2.2,1.0,13.2,7.8,11.0,1.6,1.6,13.6,7.6,6.0,A
3965,2010-12-12,2010-11,Wolves,Birmingham,1.2,2.4,13.4,7.6,3.0,1.0,1.0,8.0,4.4,6.0,H
3966,2010-12-12,2010-11,Tottenham,Chelsea,2.2,1.4,16.0,9.6,11.0,0.6,1.2,17.2,8.8,5.0,D
3967,2010-12-12,2010-11,Bolton,Blackburn,2.2,1.4,14.4,7.4,8.0,2.0,2.4,9.2,5.4,9.0,H
3968,2010-12-13,2010-11,Man United,Arsenal,2.6,0.8,13.8,9.4,11.0,2.4,1.4,13.8,8.4,12.0,H
3969,2010-12-18,2010-11,Blackburn,West Ham,1.8,2.6,11.0,6.6,6.0,0.8,1.6,11.8,3.8,4.0,D
3970,2010-12-18,2010-11,Sunderland,Bolton,1.6,1.0,15.0,8.0,8.0,2.4,1.4,14.8,7.8,10.0,H
3971,2010-12-20,2010-11,Man City,Everton,1.8,0.6,14.4,8.0,11.0,1.0,1.8,13.6,6.8,3.0,A
3972,2010-12-26,2010-11,Aston Villa,Tottenham,1.2,2.4,9.0,5.2,4.0,2.2,1.4,14.0,7.8,11.0,A
3973,2010-12-26,2010-11,Blackburn,Stoke,1.6,2.0,11.2,6.0,7.0,1.6,0.8,12.6,6.4,8.0,A
3974,2010-12-26,2010-11,Bolton,West Brom,1.8,1.2,14.6,8.0,7.0,1.6,1.6,13.0,6.6,6.0,H
3975,2010-12-26,2010-11,Fulham,West Ham,0.6,1.4,11.0,7.6,3.0,1.0,1.8,10.6,3.6,4.0,A
3976,2010-12-26,2010-11,Man United,Sunderland,2.4,0.6,13.8,9.4,11.0,1.2,1.0,13.8,7.2,8.0,H
3977,2010-12-26,2010-11,Newcastle,Man City,1.2,2.0,8.6,4.6,5.0,2.0,1.0,15.2,8.8,10.0,A
3978,2010-12-26,2010-11,Wolves,Wigan,1.4,2.0,13.4,8.0,6.0,0.8,1.4,10.6,6.0,5.0,A
3979,2010-12-27,2010-11,Arsenal,Chelsea,2.0,1.6,13.6,8.0,9.0,0.6,1.4,16.0,8.2,3.0,H
3980,2010-12-28,2010-11,West Ham,Everton,1.6,1.4,11.4,4.8,7.0,1.2,1.6,11.6,6.0,6.0,D
3981,2010-12-28,2010-11,West Brom,Blackburn,1.6,1.8,13.6,7.2,6.0,1.2,2.4,10.8,6.6,4.0,A
3982,2010-12-28,2010-11,Sunderland,Blackpool,0.8,1.0,12.4,6.0,7.0,1.4,1.2,13.4,7.0,8.0,A
3983,2010-12-28,2010-11,Tottenham,Newcastle,1.8,1.2,12.6,7.0,11.0,1.4,2.6,10.0,5.2,4.0,H
3984,2010-12-28,2010-11,Man City,Aston Villa,1.8,1.0,14.8,8.4,10.0,1.0,2.4,11.8,7.0,3.0,H
3985,2010-12-28,2010-11,Birmingham,Man United,0.6,0.6,5.8,2.4,6.0,2.8,0.6,15.2,10.6,13.0,D
3986,2010-12-28,2010-11,Stoke,Fulham,1.6,0.8,12.0,6.8,8.0,0.8,2.0,11.6,7.2,2.0,A
3987,2010-12-29,2010-11,Chelsea,Bolton,0.8,1.4,15.2,7.6,3.0,1.2,1.0,13.4,7.8,7.0,H
3988,2010-12-29,2010-11,Liverpool,Wolves,1.6,1.4,13.8,7.8,6.0,1.2,1.8,13.0,7.6,6.0,A
3989,2010-12-29,2010-11,Wigan,Arsenal,1.0,1.6,10.6,6.8,5.0,2.2,1.6,13.0,8.0,9.0,D
3990,2011-01-01,2010-11,Stoke,Everton,1.0,1.2,13.6,7.6,5.0,1.0,1.4,12.2,5.4,6.0,H
3991,2011-01-01,2010-11,Birmingham,Arsenal,0.8,0.8,6.4,2.4,6.0,2.2,1.4,13.6,8.4,10.0,A
3992,2011-01-01,2010-11,Liverpool,Bolton,1.6,1.2,13.6,7.6,6.0,0.8,0.8,9.8,5.4,6.0,H
3993,2011-01-01,2010-11,Man City,Blackpool,2.4,0.8,15.2,9.2,12.0,1.4,0.6,12.8,6.6,11.0,H
3994,2011-01-01,2010-11,Sunderland,Blackburn,0.4,0.8,15.8,7.4,7.0,1.6,1.2,11.4,7.0,7.0,H
3995,2011-01-01,2010-11,Tottenham,Fulham,1.6,0.8,13.2,7.4,11.0,1.0,1.2,10.6,7.2,5.0,H
3996,2011-01-01,2010-11,West Brom,Man United,1.8,1.8,14.8,7.8,6.0,2.6,0.4,14.0,9.4,13.0,A
3997,2011-01-01,2010-11,West Ham,Wolves,1.2,1.4,10.6,3.4,5.0,1.2,1.4,10.6,6.2,9.0,H
3998,2011-01-02,2010-11,Chelsea,Aston Villa,1.0,1.2,12.8,7.2,6.0,1.0,2.8,10.4,5.6,3.0,D
3999,2011-01-02,2010-11,Wigan,Newcastle,1.4,1.6,10.0,7.0,6.0,1.2,2.0,11.2,6.6,4.0,A
4000,2011-01-04,2010-11,Fulham,West Brom,0.8,1.2,10.8,6.6,4.0,1.2,2.0,16.8,8.8,3.0,H
4001,2011-01-04,2010-11,Blackpool,Birmingham,1.4,0.8,11.2,6.8,10.0,0.6,1.4,6.6,2.4,3.0,A
4002,2011-01-04,2010-11,Man United,Stoke,2.6,0.6,11.6,7.6,13.0,1.2,1.0,11.8,6.4,7.0,H
4003,2011-01-05,2010-11,Everton,Tottenham,0.8,1.0,12.8,6.6,6.0,1.4,0.6,11.8,6.6,11.0,H
4004,2011-01-05,2010-11,Wolves,Chelsea,0.6,1.4,10.8,6.6,6.0,1.4,1.6,12.4,6.6,6.0,H
4005,2011-01-05,2010-11,Bolton,Wigan,1.0,1.0,10.4,5.8,6.0,1.2,1.2,9.8,5.8,6.0,D
4006,2011-01-05,2010-11,Newcastle,West Ham,1.2,1.8,12.8,7.0,6.0,1.6,1.2,11.2,4.2,8.0,H
4007,2011-01-05,2010-11,Aston Villa,Sunderland,1.2,2.6,12.4,6.8,4.0,0.8,0.8,15.0,6.4,7.0,A
4008,2011-01-05,2010-11,Arsenal,Man City,2.0,1.0,13.8,8.6,10.0,2.4,0.8,14.4,8.0,12.0,D
4009,2011-01-05,2010-11,Blackburn,Liverpool,1.0,1.8,11.6,6.2,4.0,1.4,1.4,13.0,6.8,6.0,H
4010,2011-01-12,2010-11,Blackpool,Liverpool,1.2,1.0,12.4,7.6,7.0,1.4,1.6,13.2,7.0,6.0,H
4011,2011-01-15,2010-11,Chelsea,Blackburn,1.2,1.6,13.4,7.2,5.0,1.4,1.6,10.4,4.8,7.0,H
4012,2011-01-15,2010-11,Man City,Wolves,1.8,0.6,13.0,6.6,10.0,0.8,0.8,9.4,5.6,9.0,H
4013,2011-01-15,2010-11,Stoke,Bolton,1.0,1.0,10.6,5.2,6.0,0.8,1.0,10.8,5.8,4.0,H
4014,2011-01-15,2010-11,West Brom,Blackpool,0.6,2.4,15.2,7.2,0.0,1.2,0.8,11.8,7.4,9.0,H
4015,2011-01-15,2010-11,West Ham,Arsenal,1.4,1.6,11.2,4.8,8.0,1.6,0.8,13.4,8.4,8.0,A
4016,2011-01-15,2010-11,Wigan,Fulham,1.0,1.0,8.8,5.6,6.0,1.2,0.8,11.0,6.4,7.0,D
4017,2011-01-16,2010-11,Birmingham,Aston Villa,0.8,1.4,7.4,3.2,5.0,1.2,2.2,13.0,6.8,4.0,D
4018,2011-01-16,2010-11,Liverpool,Everton,1.0,2.0,12.8,6.8,3.0,1.0,1.0,13.4,7.6,8.0,D
4019,2011-01-16,2010-11,Sunderland,Newcastle,1.0,0.8,15.0,7.0,9.0,2.0,1.2,12.8,7.0,9.0,D
4020,2011-01-16,2010-11,Tottenham,Man United,1.4,0.8,12.4,6.6,10.0,1.6,0.6,12.2,6.8,13.0,D
4021,2011-01-22,2010-11,Newcastle,Tottenham,1.6,1.2,13.0,6.4,7.0,1.2,0.6,13.6,7.2,10.0,D
4022,2011-01-22,2010-11,Man United,Birmingham,1.4,0.6,10.8,5.6,11.0,0.8,1.4,7.6,3.0,5.0,H
4023,2011-01-22,2010-11,Fulham,Stoke,1.4,1.0,11.0,4.8,7.0,1.4,0.8,9.8,5.2,9.0,H
4024,2011-01-22,2010-11,Wolves,Liverpool,1.2,1.6,8.6,5.2,6.0,1.2,1.8,13.4,8.2,4.0,A
4025,2011-01-22,2010-11,Blackpool,Sunderland,1.4,1.4,11.6,6.8,6.0,1.0,1.0,14.4,7.4,7.0,A
4026,2011-01-22,2010-11,Aston Villa,Man City,1.0,2.2,14.4,6.8,2.0,2.4,0.8,11.0,6.0,13.0,H
4027,2011-01-22,2010-11,Arsenal,Wigan,2.2,0.6,15.0,9.8,11.0,1.2,1.2,9.4,5.8,6.0,H
4028,2011-01-22,2010-11,Everton,West Ham,1.4,1.4,12.2,7.0,8.0,1.2,2.0,10.4,5.4,7.0,D
4029,2011-01-23,2010-11,Blackburn,West Brom,1.2,1.8,8.4,4.2,6.0,1.0,2.4,16.6,8.6,3.0,H
4030,2011-01-24,2010-11,Bolton,Chelsea,0.8,1.2,11.0,5.4,4.0,1.4,1.4,16.2,8.0,7.0,A
4031,2011-01-25,2010-11,Blackpool,Man United,1.2,1.8,12.4,7.4,3.0,2.0,0.6,12.6,5.4,11.0,A
4032,2011-01-25,2010-11,Wigan,Aston Villa,0.8,1.6,7.4,4.4,3.0,1.0,1.8,11.2,5.4,5.0,A
4033,2011-01-26,2010-11,Liverpool,Fulham,1.8,1.6,14.6,9.2,7.0,1.6,0.4,10.4,5.0,10.0,H
4034,2011-02-01,2010-11,West Brom,Wigan,1.0,2.4,18.4,10.8,3.0,0.6,1.6,9.8,5.0,2.0,D
4035,2011-02-01,2010-11,Sunderland,Chelsea,1.4,0.8,15.4,8.2,10.0,2.0,0.8,17.0,9.4,10.0,A
4036,2011-02-01,2010-11,Arsenal,Everton,2.2,0.4,17.6,11.2,11.0,1.4,1.6,13.6,7.6,6.0,H
4037,2011-02-01,2010-11,Man United,Aston Villa,2.4,0.8,14.0,7.2,13.0,1.4,1.2,11.6,6.6,8.0,H
4038,2011-02-02,2010-11,Birmingham,Man City,0.8,2.2,8.2,3.2,5.0,1.8,0.8,14.0,7.6,10.0,D
4039,2011-02-02,2010-11,Blackburn,Tottenham,1.6,1.4,9.4,5.0,9.0,1.0,0.6,13.8,7.4,8.0,A
4040,2011-02-02,2010-11,Blackpool,West Ham,1.6,2.2,12.0,7.0,3.0,1.0,2.2,11.0,5.0,5.0,A
4041,2011-02-02,2010-11,Bolton,Wolves,0.4,2.0,10.8,5.4,1.0,1.0,1.8,9.2,5.2,6.0,H
4042,2011-02-02,2010-11,Fulham,Newcastle,1.2,0.6,12.0,6.0,7.0,1.6,0.8,11.6,5.6,8.0,H
4043,2011-02-02,2010-11,Liverpool,Stoke,1.6,1.4,13.6,9.2,7.0,1.0,1.2,9.4,3.6,6.0,H
4044,2011-02-05,2010-11,Tottenham,Bolton,0.8,0.6,12.4,6.8,8.0,0.6,1.8,12.2,6.6,4.0,H
4045,2011-02-05,2010-11,Wolves,Man United,0.8,2.0,10.0,5.6,3.0,2.6,0.8,16.6,8.8,13.0,H
4046,2011-02-05,2010-11,Wigan,Blackburn,1.0,1.8,10.2,5.6,3.0,1.0,1.4,11.6,6.0,6.0,H
4047,2011-02-05,2010-11,Stoke,Sunderland,1.0,1.2,7.8,2.2,6.0,1.8,1.2,9.8,5.6,10.0,H
4048,2011-02-05,2010-11,Man City,West Brom,1.4,1.2,14.2,7.8,8.0,1.2,2.2,18.4,10.6,4.0,H
4049,2011-02-05,2010-11,Everton,Blackpool,1.4,1.8,11.8,7.4,5.0,1.6,2.4,10.8,6.0,3.0,H
4050,2011-02-05,2010-11,Aston Villa,Fulham,1.0,1.2,10.2,5.6,7.0,1.4,0.4,11.8,7.0,10.0,D
4051,2011-02-05,2010-11,Newcastle,Arsenal,1.6,0.6,10.0,4.6,8.0,2.2,0.2,18.4,11.4,13.0,D
4052,2011-02-06,2010-11,Chelsea,Liverpool,2.6,1.2,18.8,10.8,10.0,1.8,0.8,13.6,9.2,10.0,A
4053,2011-02-06,2010-11,West Ham,Birmingham,1.4,2.2,11.2,6.6,7.0,1.0,2.4,9.4,4.0,5.0,A
4054,2011-02-12,2010-11,Blackpool,Aston Villa,1.8,3.2,10.4,5.6,0.0,1.4,1.4,10.6,6.2,8.0,D
4055,2011-02-12,2010-11,Arsenal,Wolves,2.4,1.0,17.4,11.2,11.0,1.2,1.8,8.2,4.6,6.0,H
4056,2011-02-12,2010-11,Birmingham,Stoke,1.2,1.8,10.8,4.4,8.0,1.2,1.6,10.0,3.4,6.0,H
4057,2011-02-12,2010-11,Blackburn,Newcastle,1.6,1.6,11.2,6.4,6.0,2.2,1.4,10.6,5.2,6.0,D
4058,2011-02-12,2010-11,Liverpool,Wigan,1.8,0.4,13.0,8.8,13.0,1.6,2.2,10.4,5.6,5.0,D
4059,2011-02-12,2010-11,Man United,Man City,2.4,1.0,15.8,8.8,10.0,1.8,1.2,13.8,8.8,8.0,H
4060,2011-02-12,2010-11,Sunderland,Tottenham,1.6,1.8,9.4,5.6,7.0,1.0,0.8,12.4,6.4,8.0,A
4061,2011-02-12,2010-11,West Brom,West Ham,1.0,2.4,18.4,10.8,4.0,1.0,2.4,12.2,7.2,4.0,D
4062,2011-02-13,2010-11,Bolton,Everton,0.6,1.8,11.8,6.4,4.0,2.4,2.0,13.4,8.6,8.0,H
4063,2011-02-14,2010-11,Fulham,Chelsea,1.2,0.8,12.0,7.6,8.0,2.0,0.8,18.6,9.6,9.0,D
4064,2011-02-15,2010-11,Birmingham,Newcastle,1.0,1.6,10.6,3.8,8.0,1.2,1.4,10.8,5.0,4.0,A
4065,2011-02-20,2010-11,West Brom,Wolves,1.6,2.4,19.0,12.2,5.0,1.0,2.2,8.0,4.2,3.0,D
4066,2011-02-22,2010-11,Blackpool,Tottenham,1.6,2.8,11.4,6.2,1.0,1.2,0.6,12.0,6.4,11.0,H
4067,2011-02-23,2010-11,Arsenal,Stoke,2.8,1.0,18.2,11.2,13.0,1.0,1.4,12.0,4.2,6.0,H
4068,2011-02-26,2010-11,Aston Villa,Blackburn,1.4,1.4,9.4,6.4,8.0,1.0,1.4,10.0,5.6,4.0,H
4069,2011-02-26,2010-11,Everton,Sunderland,2.0,2.2,11.4,7.0,5.0,1.6,2.2,10.4,6.6,4.0,H
4070,2011-02-26,2010-11,Newcastle,Bolton,1.4,1.2,11.0,6.0,6.0,0.8,1.6,11.2,6.0,6.0,D
4071,2011-02-26,2010-11,Wigan,Man United,1.6,2.2,10.4,5.0,5.0,2.8,1.2,16.6,9.2,12.0,A
4072,2011-02-26,2010-11,Wolves,Blackpool,0.6,1.6,7.2,3.2,4.0,2.0,2.6,10.4,5.6,4.0,H
4073,2011-02-27,2010-11,Man City,Fulham,2.0,1.6,15.4,10.4,7.0,1.0,0.6,11.6,8.2,8.0,D
4074,2011-02-27,2010-11,West Ham,Liverpool,1.6,2.0,13.2,8.2,5.0,1.6,0.2,11.8,7.0,13.0,H
4075,2011-02-28,2010-11,Stoke,West Brom,0.6,1.6,11.0,4.0,3.0,1.2,2.2,19.2,12.2,3.0,D
4076,2011-03-01,2010-11,Chelsea,Man United,2.0,0.6,19.8,9.8,10.0,2.6,1.2,14.8,9.2,12.0,H
4077,2011-03-05,2010-11,Man City,Wigan,1.4,1.2,15.2,8.8,5.0,1.6,2.4,11.8,5.6,5.0,H
4078,2011-03-05,2010-11,Fulham,Blackburn,0.8,0.8,11.8,7.8,6.0,1.2,1.8,10.4,5.6,4.0,H
4079,2011-03-05,2010-11,Newcastle,Everton,1.4,1.2,11.0,6.0,6.0,2.0,1.8,12.8,7.8,7.0,A
4080,2011-03-05,2010-11,Birmingham,West Brom,0.8,1.8,10.0,4.0,7.0,1.4,2.0,17.6,10.4,4.0,A
4081,2011-03-05,2010-11,Arsenal,Sunderland,2.4,1.0,16.2,9.4,13.0,1.4,2.4,10.8,6.6,3.0,D
4082,2011-03-05,2010-11,Bolton,Aston Villa,1.0,1.4,12.0,6.8,7.0,2.0,1.6,10.8,6.8,8.0,H
4083,2011-03-05,2010-11,West Ham,Stoke,2.2,1.6,15.2,9.2,8.0,0.8,1.4,10.4,4.4,4.0,H
4084,2011-03-06,2010-11,Wolves,Tottenham,1.4,1.0,8.0,4.6,7.0,1.4,1.2,13.8,7.2,10.0,D
4085,2011-03-06,2010-11,Liverpool,Man United,1.2,0.8,11.2,6.6,10.0,2.2,1.2,13.8,8.0,9.0,H
4086,2011-03-07,2010-11,Blackpool,Chelsea,1.6,2.8,9.6,5.0,4.0,2.0,0.8,17.8,9.8,10.0,A
4087,2011-03-09,2010-11,Everton,Birmingham,2.0,1.6,13.2,8.2,9.0,1.0,1.4,10.6,4.6,7.0,D
4088,2011-03-19,2010-11,Aston Villa,Wolves,2.0,2.0,10.6,6.0,5.0,2.0,1.4,8.4,4.4,8.0,A
4089,2011-03-19,2010-11,Blackburn,Blackpool,1.2,2.4,9.4,5.0,1.0,1.6,2.8,9.8,4.4,4.0,D
4090,2011-03-19,2010-11,Everton,Fulham,2.0,1.4,15.8,9.6,10.0,1.4,1.0,12.4,8.4,9.0,H
4091,2011-03-19,2010-11,Man United,Bolton,1.8,1.6,12.6,7.2,6.0,1.6,1.0,12.8,7.0,10.0,H
4092,2011-03-19,2010-11,Stoke,Newcastle,0.8,1.6,10.6,5.2,4.0,1.6,1.4,12.2,7.0,6.0,H
4093,2011-03-19,2010-11,Tottenham,West Ham,1.8,1.6,14.0,7.4,10.0,2.4,1.2,15.6,10.2,10.0,D
4094,2011-03-19,2010-11,West Brom,Arsenal,1.6,1.8,15.2,9.4,6.0,1.8,1.0,14.4,7.8,11.0,D
4095,2011-03-19,2010-11,Wigan,Birmingham,1.4,2.2,10.4,5.0,5.0,0.8,1.2,8.8,3.8,7.0,H
4096,2011-03-20,2010-11,Chelsea,Man City,1.8,1.0,18.6,9.8,10.0,1.6,1.0,11.8,6.6,8.0,H
4097,2011-03-20,2010-11,Sunderland,Liverpool,1.0,2.2,9.8,6.0,1.0,1.6,1.0,12.4,7.2,10.0,A
4098,2011-04-02,2010-11,Wigan,Tottenham,1.4,2.0,11.4,6.2,7.0,1.6,1.6,18.0,9.2,8.0,D
4099,2011-04-02,2010-11,West Ham,Man United,1.8,1.0,15.4,9.2,8.0,1.8,1.2,12.6,7.4,9.0,A
4100,2011-04-02,2010-11,Stoke,Chelsea,1.0,1.2,8.6,4.6,4.0,1.4,0.6,17.6,9.2,10.0,D
4101,2011-04-02,2010-11,West Brom,Liverpool,2.0,1.6,12.6,8.2,7.0,1.6,1.0,11.8,6.2,10.0,H
4102,2011-04-02,2010-11,Everton,Aston Villa,1.4,1.0,14.4,8.8,10.0,1.8,1.6,11.0,6.0,5.0,D
4103,2011-04-02,2010-11,Birmingham,Bolton,0.8,1.6,8.4,4.0,4.0,1.4,1.2,12.4,6.6,7.0,H
4104,2011-04-02,2010-11,Arsenal,Blackburn,1.8,1.2,14.2,8.0,9.0,1.6,2.6,10.8,4.6,2.0,D
4105,2011-04-02,2010-11,Newcastle,Wolves,0.8,1.4,11.8,7.2,5.0,1.8,1.2,8.8,4.4,8.0,H
4106,2011-04-03,2010-11,Fulham,Blackpool,1.4,1.4,12.6,7.8,6.0,1.4,2.2,9.2,4.2,5.0,H
4107,2011-04-03,2010-11,Man City,Sunderland,1.2,1.0,10.4,5.2,7.0,0.6,1.8,9.6,5.6,1.0,H
4108,2011-04-09,2010-11,Wolves,Everton,2.0,1.6,11.0,6.2,8.0,1.8,1.0,15.4,9.4,11.0,A
4109,2011-04-09,2010-11,Tottenham,Stoke,1.2,1.4,17.4,9.0,6.0,1.2,1.2,8.2,4.8,5.0,H
4110,2011-04-09,2010-11,Man United,Fulham,2.2,1.4,14.0,8.0,9.0,1.6,1.0,12.6,8.2,8.0,H
4111,2011-04-09,2010-11,Sunderland,West Brom,0.2,2.2,9.0,5.0,1.0,1.8,1.2,13.0,8.8,9.0,A
4112,2011-04-09,2010-11,Bolton,West Ham,1.4,1.2,14.6,8.4,7.0,2.2,1.6,13.4,7.8,8.0,H
4113,2011-04-09,2010-11,Blackburn,Birmingham,1.0,1.8,10.4,4.0,3.0,1.0,1.8,8.2,4.4,4.0,D
4114,2011-04-09,2010-11,Chelsea,Wigan,1.6,0.6,18.8,10.4,11.0,0.6,1.4,12.0,5.8,5.0,H
4115,2011-04-10,2010-11,Aston Villa,Newcastle,1.8,1.6,10.4,6.0,5.0,1.6,1.6,12.8,8.6,7.0,H
4116,2011-04-10,2010-11,Blackpool,Arsenal,1.2,2.6,8.4,4.4,4.0,1.0,0.4,15.4,8.2,9.0,A
4117,2011-04-11,2010-11,Liverpool,Man City,1.6,1.4,13.0,7.2,7.0,1.6,1.0,10.6,5.8,7.0,H
4118,2011-04-16,2010-11,West Brom,Chelsea,2.2,1.4,11.6,8.2,11.0,1.8,0.6,18.4,11.2,13.0,A
4119,2011-04-16,2010-11,Birmingham,Sunderland,1.2,1.6,7.2,4.4,5.0,0.4,2.4,7.2,3.8,1.0,H
4120,2011-04-16,2010-11,Blackpool,Wigan,0.8,3.0,9.2,4.8,1.0,0.4,1.4,12.6,6.8,4.0,A
4121,2011-04-16,2010-11,Everton,Blackburn,2.0,1.0,13.8,8.8,11.0,1.2,2.0,12.6,5.0,3.0,H
4122,2011-04-16,2010-11,West Ham,Aston Villa,1.6,1.6,12.6,7.2,7.0,1.8,1.4,11.6,6.6,7.0,A
4123,2011-04-17,2010-11,Arsenal,Liverpool,1.2,0.6,15.2,8.0,9.0,2.0,1.2,13.4,7.6,9.0,D
4124,2011-04-19,2010-11,Newcastle,Man United,1.2,1.8,12.0,8.0,4.0,1.8,1.4,14.4,8.6,9.0,D
4125,2011-04-20,2010-11,Chelsea,Birmingham,2.0,0.6,18.8,11.2,13.0,1.4,1.0,7.4,4.4,8.0,H
4126,2011-04-20,2010-11,Tottenham,Arsenal,1.4,1.6,17.0,9.6,6.0,1.2,0.8,15.8,8.4,7.0,D
4127,2011-04-23,2010-11,Wolves,Fulham,1.8,2.0,12.0,7.2,7.0,1.6,1.4,12.6,7.6,7.0,D
4128,2011-04-23,2010-11,Tottenham,West Brom,1.8,1.6,15.2,9.4,7.0,2.2,1.8,10.8,7.2,10.0,D
4129,2011-04-23,2010-11,Man United,Everton,1.6,1.0,15.6,8.8,10.0,2.0,0.8,14.6,8.6,11.0,H
4130,2011-04-23,2010-11,Sunderland,Wigan,0.4,2.4,7.8,3.8,1.0,1.0,0.8,12.4,7.0,7.0,H
4131,2011-04-23,2010-11,Chelsea,West Ham,2.0,0.6,18.6,10.4,13.0,1.2,1.8,11.6,6.4,4.0,H
4132,2011-04-23,2010-11,Blackpool,Newcastle,1.0,2.8,11.6,6.4,1.0,1.0,1.6,11.8,7.8,4.0,D
4133,2011-04-23,2010-11,Aston Villa,Stoke,1.4,1.4,12.4,6.8,7.0,1.6,1.6,8.8,5.0,5.0,D
4134,2011-04-23,2010-11,Liverpool,Birmingham,2.0,0.8,12.8,7.0,10.0,1.4,1.4,7.6,4.4,7.0,H
4135,2011-04-24,2010-11,Bolton,Arsenal,1.6,1.2,17.0,9.8,7.0,1.8,1.4,15.6,8.8,7.0,H
4136,2011-04-25,2010-11,Blackburn,Man City,1.0,1.6,12.4,5.0,3.0,1.4,1.2,10.6,5.0,7.0,A
4137,2011-04-26,2010-11,Stoke,Wolves,1.6,1.6,8.4,5.0,5.0,1.2,2.2,11.4,5.6,5.0,H
4138,2011-04-27,2010-11,Fulham,Bolton,1.6,1.4,13.4,7.6,7.0,1.8,1.2,15.8,9.8,9.0,H
4139,2011-04-30,2010-11,Wigan,Everton,1.4,1.4,12.2,7.4,7.0,1.8,0.8,12.2,7.0,10.0,D
4140,2011-04-30,2010-11,West Brom,Aston Villa,2.0,2.0,11.0,7.0,8.0,1.2,1.0,11.8,6.0,8.0,H
4141,2011-04-30,2010-11,Sunderland,Fulham,1.2,2.8,8.8,4.6,3.0,1.6,1.0,14.0,6.8,7.0,A
4142,2011-04-30,2010-11,Blackpool,Stoke,1.0,2.4,12.4,6.8,2.0,2.2,1.0,10.4,5.6,8.0,D
4143,2011-04-30,2010-11,Blackburn,Bolton,0.6,1.2,12.4,4.4,3.0,1.2,1.4,15.6,9.2,6.0,H
4144,2011-04-30,2010-11,Chelsea,Tottenham,2.2,0.6,18.6,10.4,13.0,1.6,1.4,16.0,9.2,7.0,H
4145,2011-05-01,2010-11,Arsenal,Man United,1.6,1.4,15.4,8.0,6.0,1.6,0.4,17.4,9.8,13.0,H
4146,2011-05-01,2010-11,Birmingham,Wolves,1.2,2.0,8.2,4.8,7.0,0.6,2.2,9.8,5.0,4.0,D
4147,2011-05-01,2010-11,Liverpool,Newcastle,2.4,0.6,12.8,7.6,10.0,1.0,1.4,11.6,7.4,5.0,H
4148,2011-05-01,2010-11,Man City,West Ham,1.4,1.0,9.8,5.2,9.0,0.6,2.4,11.0,5.8,1.0,H
4149,2011-05-07,2010-11,Everton,Man City,1.6,0.8,9.6,5.2,8.0,1.6,1.2,12.2,7.0,9.0,H
4150,2011-05-07,2010-11,West Ham,Blackburn,0.8,2.8,10.2,5.6,0.0,0.4,0.8,11.0,4.6,5.0,D
4151,2011-05-07,2010-11,Tottenham,Blackpool,1.8,1.8,13.2,7.8,6.0,0.6,2.0,13.0,6.8,2.0,D
4152,2011-05-07,2010-11,Bolton,Sunderland,1.2,1.4,15.6,8.6,6.0,1.2,3.0,10.4,5.8,3.0,A
4153,2011-05-07,2010-11,Aston Villa,Wigan,1.4,1.2,11.8,6.2,8.0,1.2,1.4,11.6,6.6,5.0,D
4154,2011-05-07,2010-11,Newcastle,Birmingham,1.0,1.2,10.2,6.2,5.0,1.0,2.0,8.0,3.8,5.0,H
4155,2011-05-08,2010-11,Man United,Chelsea,1.4,0.6,16.8,9.6,10.0,2.4,0.6,17.8,10.4,15.0,H
4156,2011-05-08,2010-11,Stoke,Arsenal,1.4,1.0,10.6,5.6,6.0,1.8,1.4,13.4,6.2,8.0,H
4157,2011-05-08,2010-11,Wolves,West Brom,0.6,2.4,9.6,4.4,2.0,2.0,1.8,11.8,7.2,10.0,H
4158,2011-05-09,2010-11,Fulham,Liverpool,2.0,0.6,13.4,6.8,10.0,2.6,0.6,12.6,7.8,10.0,A
4159,2011-05-10,2010-11,Man City,Tottenham,1.8,1.2,13.6,8.0,9.0,2.0,2.0,15.2,8.8,6.0,H
4160,2011-05-14,2010-11,Sunderland,Wolves,1.6,2.2,10.8,6.2,6.0,1.0,1.8,9.8,4.6,5.0,A
4161,2011-05-14,2010-11,West Brom,Everton,1.8,2.2,11.2,5.6,7.0,1.6,0.6,8.8,5.0,10.0,H
4162,2011-05-14,2010-11,Blackpool,Bolton,0.8,1.6,13.6,7.0,3.0,1.2,1.4,15.2,8.0,6.0,H
4163,2011-05-14,2010-11,Blackburn,Man United,0.6,1.0,11.2,5.0,5.0,1.0,0.4,15.8,9.4,10.0,D
4164,2011-05-15,2010-11,Arsenal,Aston Villa,1.4,1.8,13.0,5.8,5.0,1.2,1.0,12.4,6.6,8.0,A
4165,2011-05-15,2010-11,Birmingham,Fulham,1.0,2.2,7.8,3.2,4.0,1.8,1.6,12.8,6.0,7.0,A
4166,2011-05-15,2010-11,Chelsea,Newcastle,2.4,1.0,17.4,10.0,12.0,0.6,1.2,10.6,6.4,5.0,D
4167,2011-05-15,2010-11,Liverpool,Tottenham,3.4,0.6,13.2,8.2,13.0,1.4,1.8,16.2,8.6,3.0,A
4168,2011-05-15,2010-11,Wigan,West Ham,1.4,1.6,10.2,6.4,5.0,0.6,2.2,13.8,8.2,1.0,H
4169,2011-05-17,2010-11,Man City,Stoke,1.0,1.2,12.2,6.4,9.0,1.8,1.0,10.4,5.8,8.0,H
4170,2011-05-22,2010-11,Wolves,Blackburn,1.6,1.4,9.6,4.4,8.0,0.6,1.0,9.4,4.4,5.0,A
4171,2011-05-22,2010-11,West Ham,Sunderland,1.0,2.2,13.6,8.6,1.0,1.4,2.2,12.2,7.2,6.0,A
4172,2011-05-22,2010-11,Tottenham,Birmingham,1.2,1.2,14.6,7.6,5.0,0.6,2.6,7.2,2.8,1.0,H
4173,2011-05-22,2010-11,Stoke,Wigan,1.4,1.0,9.2,5.2,8.0,2.0,1.8,11.8,7.0,8.0,A
4174,2011-05-22,2010-11,Newcastle,West Brom,1.0,1.4,12.0,7.4,6.0,1.4,1.8,11.6,5.8,7.0,D
4175,2011-05-22,2010-11,Everton,Chelsea,1.0,0.8,11.6,5.8,7.0,2.2,1.2,16.6,9.2,10.0,H
4176,2011-05-22,2010-11,Fulham,Arsenal,2.2,1.2,14.0,6.8,10.0,1.4,2.0,15.4,7.6,4.0,D
4177,2011-05-22,2010-11,Bolton,Man City,1.2,2.2,14.0,7.4,3.0,1.6,0.6,12.8,7.4,12.0,A
4178,2011-05-22,2010-11,Aston Villa,Liverpool,1.4,1.2,11.4,6.2,8.0,2.8,1.0,12.2,7.2,10.0,H
4179,2011-05-22,2010-11,Man United,Blackpool,0.8,0.6,14.4,7.8,8.0,1.4,1.6,13.6,7.4,6.0,H
4181,2011-08-13,2011-12,Wigan,Norwich,1.6,1.6,12.2,7.8,8.0,1.4,2.2,10.4,5.0,9.0,D
4182,2011-08-13,2011-12,Newcastle,Arsenal,1.6,2.0,12.6,8.4,6.0,1.2,1.8,15.2,7.0,4.0,D
4183,2011-08-13,2011-12,Liverpool,Sunderland,2.6,1.0,12.2,7.0,9.0,2.0,1.8,12.6,8.2,9.0,D
4184,2011-08-13,2011-12,Fulham,Aston Villa,2.4,1.4,13.0,7.0,10.0,1.2,1.0,9.2,5.6,8.0,D
4185,2011-08-13,2011-12,Blackburn,Wolves,1.2,1.0,11.2,6.0,8.0,1.8,1.8,9.6,4.8,7.0,A
4186,2011-08-14,2011-12,Stoke,Chelsea,1.2,1.0,10.6,5.6,7.0,1.6,1.2,17.0,9.6,7.0,D
4187,2011-08-14,2011-12,West Brom,Man United,1.8,1.8,11.8,6.0,8.0,1.6,1.0,14.4,8.4,10.0,A
4190,2011-08-20,2011-12,Sunderland,Newcastle,1.4,1.6,13.4,8.0,7.0,1.4,1.8,12.0,7.4,6.0,A
4192,2011-08-20,2011-12,Aston Villa,Blackburn,1.0,0.8,9.2,5.4,8.0,1.4,1.2,12.0,6.4,8.0,H
4193,2011-08-20,2011-12,Arsenal,Liverpool,1.0,1.4,13.6,6.4,5.0,1.8,1.2,11.0,5.2,7.0,A
4194,2011-08-20,2011-12,Chelsea,West Brom,1.0,1.2,17.8,9.6,5.0,1.6,1.8,12.6,6.8,7.0,H
4195,2011-08-21,2011-12,Bolton,Man City,1.6,1.8,14.8,7.2,3.0,2.2,0.4,15.4,9.8,12.0,A
4196,2011-08-21,2011-12,Norwich,Stoke,1.2,2.2,10.0,4.0,7.0,0.6,1.0,8.4,4.6,5.0,D
4197,2011-08-21,2011-12,Wolves,Fulham,2.2,1.4,11.2,5.4,10.0,1.8,1.4,12.0,7.4,8.0,H
4198,2011-08-22,2011-12,Man United,Tottenham,1.8,1.2,12.4,7.0,10.0,1.2,1.0,15.2,9.0,7.0,H
4201,2011-08-27,2011-12,Liverpool,Bolton,1.6,1.2,11.8,5.8,7.0,2.0,2.2,13.8,7.4,3.0,H
4202,2011-08-27,2011-12,Aston Villa,Wolves,1.4,0.6,8.8,5.4,11.0,2.4,1.2,13.2,6.4,12.0,D
4203,2011-08-27,2011-12,Blackburn,Everton,1.4,1.8,10.6,6.0,5.0,0.8,0.8,12.2,5.8,7.0,A
4204,2011-08-27,2011-12,Chelsea,Norwich,1.0,1.2,19.0,10.0,5.0,1.2,2.4,9.2,4.2,5.0,H
4205,2011-08-28,2011-12,Man United,Arsenal,2.4,1.0,15.6,9.8,13.0,0.8,1.8,13.8,7.2,2.0,H
4206,2011-08-28,2011-12,Newcastle,Fulham,1.6,1.2,13.0,8.8,9.0,1.2,1.8,11.8,7.0,5.0,H
4207,2011-08-28,2011-12,Tottenham,Man City,1.0,1.2,16.8,10.0,7.0,2.6,0.4,16.4,10.2,15.0,A
4208,2011-08-28,2011-12,West Brom,Stoke,1.4,2.0,12.2,6.8,4.0,0.8,1.2,9.6,4.4,5.0,A
4209,2011-09-10,2011-12,Wolves,Tottenham,1.8,1.0,11.0,4.8,10.0,1.0,2.0,15.8,9.8,6.0,A
4210,2011-09-10,2011-12,Sunderland,Chelsea,1.0,1.0,14.6,8.0,5.0,1.4,1.0,18.4,9.4,8.0,A
4211,2011-09-10,2011-12,Stoke,Liverpool,0.4,1.0,8.6,3.2,5.0,1.2,1.0,12.0,5.4,7.0,H
4212,2011-09-10,2011-12,Man City,Wigan,3.4,0.6,19.4,11.8,15.0,1.4,0.6,14.2,8.8,11.0,H
4213,2011-09-10,2011-12,Everton,Aston Villa,0.8,0.6,13.4,6.0,9.0,1.2,0.4,9.8,5.0,11.0,D
4214,2011-09-10,2011-12,Bolton,Man United,2.0,2.4,11.8,6.4,3.0,3.6,1.2,18.0,11.2,13.0,A
4216,2011-09-11,2011-12,Fulham,Blackburn,1.0,1.2,13.0,7.4,5.0,1.2,1.8,11.8,6.4,4.0,D
4217,2011-09-11,2011-12,Norwich,West Brom,0.8,2.2,8.2,4.0,5.0,1.2,1.6,12.6,7.0,4.0,A
4221,2011-09-17,2011-12,Everton,Wigan,0.8,0.8,14.8,6.8,7.0,0.8,0.8,12.2,7.8,8.0,H
4222,2011-09-17,2011-12,Aston Villa,Newcastle,1.2,0.6,9.6,4.6,9.0,1.2,0.8,10.8,6.6,9.0,D
4223,2011-09-17,2011-12,Blackburn,Arsenal,1.2,1.8,12.6,7.0,4.0,1.0,2.4,13.6,7.4,5.0,H
4224,2011-09-17,2011-12,Bolton,Norwich,1.4,2.6,12.4,7.2,3.0,0.6,2.4,10.0,4.2,2.0,A
4225,2011-09-18,2011-12,Fulham,Man City,0.8,1.4,12.0,7.2,3.0,3.4,0.6,20.8,12.0,15.0,D
4226,2011-09-18,2011-12,Man United,Chelsea,4.4,1.0,18.8,12.2,15.0,1.4,0.8,18.6,9.6,10.0,H
4227,2011-09-18,2011-12,Sunderland,Stoke,1.0,0.8,14.6,7.6,5.0,0.6,0.4,8.4,3.0,8.0,H
4228,2011-09-18,2011-12,Tottenham,Liverpool,1.4,1.8,16.4,10.6,9.0,1.2,0.8,14.0,7.2,7.0,H
4229,2011-09-24,2011-12,West Brom,Fulham,0.6,1.6,12.6,7.2,3.0,0.8,1.4,12.8,8.2,3.0,D
4230,2011-09-24,2011-12,Arsenal,Bolton,1.2,2.8,16.0,9.4,4.0,1.6,2.6,10.6,7.0,3.0,H
4231,2011-09-24,2011-12,Chelsea,Swansea,1.6,1.2,18.8,9.6,10.0,0.6,1.0,10.4,5.4,5.0,H
4232,2011-09-24,2011-12,Liverpool,Wolves,1.2,1.4,13.2,6.8,7.0,0.8,1.2,11.2,5.0,7.0,H
4233,2011-09-24,2011-12,Man City,Everton,3.4,1.0,21.2,12.2,13.0,1.4,0.8,13.6,6.8,10.0,H
4234,2011-09-24,2011-12,Newcastle,Blackburn,0.8,0.4,12.0,7.2,9.0,1.4,2.0,12.0,6.0,4.0,H
4235,2011-09-24,2011-12,Stoke,Man United,0.6,1.0,8.0,3.0,8.0,4.2,0.8,17.6,11.4,15.0,D
4236,2011-09-24,2011-12,Wigan,Tottenham,0.8,1.4,11.8,6.8,5.0,1.8,1.8,19.6,13.0,9.0,A
4237,2011-09-25,2011-12,QPR,Aston Villa,0.8,1.2,13.4,7.2,7.0,1.2,0.8,9.6,3.4,7.0,D
4238,2011-09-26,2011-12,Norwich,Sunderland,1.0,1.4,11.8,5.2,5.0,1.2,0.8,12.8,6.6,5.0,H
4239,2011-10-01,2011-12,Sunderland,West Brom,1.2,1.0,12.2,6.6,4.0,0.4,1.2,11.4,6.6,4.0,D
4240,2011-10-01,2011-12,Wolves,Newcastle,0.6,1.4,10.8,5.4,4.0,1.4,0.6,14.6,8.6,11.0,A
4241,2011-10-01,2011-12,Man United,Norwich,4.0,0.8,18.0,12.2,13.0,1.2,1.4,11.4,6.2,7.0,H
4242,2011-10-01,2011-12,Aston Villa,Wigan,1.4,1.0,9.8,4.0,7.0,0.8,1.6,9.2,5.4,4.0,H
4243,2011-10-01,2011-12,Blackburn,Man City,1.4,2.2,9.6,4.6,4.0,3.0,1.0,19.6,10.0,13.0,A
4244,2011-10-01,2011-12,Everton,Liverpool,1.2,1.2,12.8,6.8,7.0,1.4,1.4,13.8,7.2,9.0,A
4245,2011-10-02,2011-12,Bolton,Chelsea,0.8,3.2,8.6,6.2,0.0,2.4,1.4,17.8,8.8,12.0,A
4246,2011-10-02,2011-12,Fulham,QPR,0.8,1.4,13.8,8.2,3.0,1.0,0.6,14.2,7.6,8.0,H
4247,2011-10-02,2011-12,Swansea,Stoke,0.8,1.0,9.8,5.2,5.0,0.8,1.2,9.6,4.0,8.0,H
4248,2011-10-02,2011-12,Tottenham,Arsenal,1.8,1.8,18.0,11.2,9.0,1.8,2.8,18.8,11.4,6.0,H
4249,2011-10-15,2011-12,Wigan,Bolton,0.8,2.0,10.0,6.4,3.0,0.6,3.6,10.2,7.4,0.0,A
4250,2011-10-15,2011-12,Stoke,Fulham,0.6,1.4,8.8,4.2,7.0,2.0,1.0,16.0,10.0,6.0,H
4251,2011-10-15,2011-12,QPR,Blackburn,0.8,1.8,16.8,9.0,5.0,1.2,2.4,8.6,4.2,4.0,D
4252,2011-10-15,2011-12,Man City,Aston Villa,3.2,0.6,20.0,10.6,13.0,1.2,0.8,11.2,4.8,7.0,H
4253,2011-10-15,2011-12,Liverpool,Man United,1.4,1.4,14.2,7.4,9.0,3.8,0.8,16.0,9.8,13.0,D
4254,2011-10-15,2011-12,Chelsea,Everton,3.0,1.4,17.6,9.2,12.0,1.2,1.4,12.4,6.2,7.0,H
4255,2011-10-15,2011-12,Norwich,Swansea,1.0,1.6,12.2,6.0,6.0,1.2,1.0,9.2,5.0,7.0,H
4256,2011-10-16,2011-12,Arsenal,Sunderland,2.0,2.8,19.4,11.6,6.0,1.6,1.2,11.6,7.0,5.0,H
4257,2011-10-16,2011-12,Newcastle,Tottenham,1.6,0.8,14.2,7.8,11.0,2.2,1.4,17.2,10.4,12.0,D
4258,2011-10-16,2011-12,West Brom,Wolves,0.6,1.2,11.6,6.4,5.0,0.4,1.8,12.4,6.4,1.0,H
4259,2011-10-22,2011-12,Wolves,Swansea,0.4,2.2,14.4,8.0,0.0,1.4,1.6,8.6,4.6,6.0,D
4260,2011-10-22,2011-12,Newcastle,Wigan,1.6,1.0,14.0,7.4,9.0,0.6,2.6,10.0,6.2,0.0,H
4261,2011-10-22,2011-12,Aston Villa,West Brom,1.4,1.6,9.8,5.0,6.0,1.0,1.0,11.8,7.2,8.0,A
4262,2011-10-22,2011-12,Bolton,Sunderland,1.0,3.2,11.6,8.8,3.0,1.8,1.6,10.8,6.2,4.0,A
4263,2011-10-22,2011-12,Liverpool,Norwich,1.0,1.4,13.6,7.2,7.0,1.4,1.2,13.4,6.4,9.0,D
4264,2011-10-23,2011-12,Arsenal,Stoke,2.0,1.4,19.6,11.2,9.0,0.8,1.4,10.2,5.2,7.0,H
4265,2011-10-23,2011-12,Blackburn,Tottenham,1.4,2.4,7.8,4.8,5.0,2.4,0.8,16.4,10.0,13.0,A
4266,2011-10-23,2011-12,Fulham,Everton,1.8,1.0,13.6,8.4,6.0,1.2,2.0,12.4,6.4,4.0,A
4267,2011-10-23,2011-12,Man United,Man City,2.4,0.6,13.0,7.4,11.0,3.0,0.6,18.6,10.2,13.0,A
4268,2011-10-23,2011-12,QPR,Chelsea,1.0,1.6,15.4,8.4,6.0,3.0,1.4,15.8,8.6,12.0,H
4269,2011-10-29,2011-12,West Brom,Liverpool,1.2,1.2,10.6,6.4,8.0,1.2,1.4,14.6,8.0,8.0,A
4270,2011-10-29,2011-12,Chelsea,Arsenal,2.6,1.4,15.4,8.4,9.0,2.4,1.6,17.8,10.6,9.0,A
4271,2011-10-29,2011-12,Everton,Man United,1.4,1.8,11.2,5.8,6.0,1.6,1.8,12.8,7.2,8.0,A
4272,2011-10-29,2011-12,Man City,Wolves,3.6,0.8,17.8,10.6,13.0,0.8,2.2,16.4,9.4,1.0,H
4273,2011-10-29,2011-12,Norwich,Blackburn,1.6,1.2,12.4,7.4,10.0,1.4,2.6,9.6,5.4,4.0,D
4274,2011-10-29,2011-12,Sunderland,Aston Villa,2.0,1.2,11.6,6.8,7.0,1.2,1.6,9.0,4.4,5.0,D
4275,2011-10-29,2011-12,Swansea,Bolton,1.8,1.8,9.8,6.4,7.0,1.0,2.6,10.6,7.8,3.0,H
4276,2011-10-29,2011-12,Wigan,Fulham,0.6,2.2,10.6,6.2,0.0,1.8,1.4,14.0,8.4,5.0,A
4277,2011-10-30,2011-12,Tottenham,QPR,2.4,1.0,14.8,9.2,13.0,1.2,1.6,14.2,8.0,8.0,H
4278,2011-10-31,2011-12,Stoke,Newcastle,0.8,2.0,10.6,5.4,4.0,1.8,1.0,15.0,8.8,11.0,A
4279,2011-11-05,2011-12,Arsenal,West Brom,2.8,1.4,15.6,9.0,12.0,1.2,1.0,10.0,6.0,8.0,H
4280,2011-11-05,2011-12,Aston Villa,Norwich,1.4,1.8,9.0,5.0,5.0,1.8,1.6,12.8,7.6,8.0,H
4281,2011-11-05,2011-12,Blackburn,Chelsea,1.2,2.6,10.0,5.8,2.0,3.0,1.8,13.8,8.6,9.0,A
4282,2011-11-05,2011-12,Liverpool,Swansea,1.6,0.6,17.0,9.0,11.0,1.8,2.0,12.4,7.8,7.0,D
4283,2011-11-05,2011-12,Man United,Sunderland,1.2,1.6,11.8,7.0,8.0,1.6,1.6,12.6,7.0,5.0,H
4284,2011-11-05,2011-12,Newcastle,Everton,2.2,1.0,12.0,6.6,13.0,0.8,1.8,11.4,6.0,3.0,H
4285,2011-11-05,2011-12,QPR,Man City,0.8,2.2,13.2,7.2,5.0,3.8,0.6,17.8,10.2,15.0,A
4286,2011-11-06,2011-12,Bolton,Stoke,1.0,2.8,10.8,7.0,3.0,1.0,1.8,10.8,5.2,4.0,H
4287,2011-11-06,2011-12,Fulham,Tottenham,1.8,1.0,12.6,7.2,7.0,2.2,1.2,14.4,8.6,13.0,A
4288,2011-11-06,2011-12,Wolves,Wigan,1.0,2.2,15.6,8.6,1.0,0.4,2.0,12.4,7.2,0.0,H
4289,2011-11-19,2011-12,Wigan,Blackburn,0.4,2.2,14.0,7.8,0.0,1.0,2.2,11.8,7.2,2.0,D
4290,2011-11-19,2011-12,West Brom,Bolton,1.2,1.6,10.2,5.8,7.0,2.0,2.2,14.2,9.6,6.0,H
4291,2011-11-19,2011-12,Sunderland,Fulham,1.4,1.4,12.0,6.4,5.0,2.0,1.6,14.2,9.4,6.0,D
4292,2011-11-19,2011-12,Swansea,Man United,1.6,1.2,13.2,7.6,8.0,1.2,1.4,12.2,7.0,10.0,A
4293,2011-11-19,2011-12,Norwich,Arsenal,1.8,2.0,12.4,7.4,5.0,2.8,1.4,13.4,7.6,12.0,A
4294,2011-11-19,2011-12,Man City,Newcastle,4.0,1.0,17.4,10.2,15.0,2.0,1.0,10.2,6.2,13.0,H
4295,2011-11-19,2011-12,Everton,Wolves,1.0,1.8,12.8,6.6,3.0,1.4,2.0,16.0,9.8,4.0,H
4296,2011-11-19,2011-12,Stoke,QPR,0.8,2.6,9.8,4.8,3.0,1.0,2.6,13.4,7.2,4.0,A
4297,2011-11-20,2011-12,Chelsea,Liverpool,2.4,1.6,13.2,8.8,9.0,1.2,0.4,17.8,9.8,9.0,A
4298,2011-11-21,2011-12,Tottenham,Aston Villa,2.4,1.2,13.2,8.8,13.0,1.8,2.0,9.8,5.4,7.0,H
4299,2011-11-26,2011-12,West Brom,Tottenham,1.2,1.4,12.0,7.0,9.0,2.4,1.0,14.0,9.0,13.0,A
4300,2011-11-26,2011-12,Sunderland,Wigan,1.0,1.0,12.2,6.6,5.0,1.0,2.4,15.4,8.2,1.0,A
4301,2011-11-26,2011-12,Stoke,Blackburn,1.2,2.8,11.0,5.0,3.0,1.6,2.0,12.0,6.8,3.0,H
4302,2011-11-26,2011-12,Norwich,QPR,2.0,2.0,11.2,7.0,5.0,1.6,1.8,11.8,6.8,7.0,H
4303,2011-11-26,2011-12,Man United,Newcastle,1.0,1.4,11.4,6.6,10.0,1.8,1.4,10.2,6.4,10.0,D
4304,2011-11-26,2011-12,Bolton,Everton,2.0,1.6,13.0,8.8,6.0,1.4,1.6,13.0,7.6,6.0,A
4305,2011-11-26,2011-12,Arsenal,Fulham,3.0,1.2,14.8,9.0,15.0,0.8,1.6,13.0,8.6,4.0,D
4306,2011-11-26,2011-12,Chelsea,Wolves,1.6,1.8,12.6,7.0,6.0,1.4,2.0,11.8,7.6,4.0,H
4307,2011-11-27,2011-12,Liverpool,Man City,1.2,0.6,16.6,8.6,9.0,3.8,1.2,16.0,9.6,15.0,D
4308,2011-11-27,2011-12,Swansea,Aston Villa,1.2,1.4,13.2,7.8,5.0,1.4,2.4,7.6,3.6,4.0,D
4309,2011-12-03,2011-12,QPR,West Brom,1.6,2.0,12.0,6.4,6.0,1.0,2.0,10.4,5.8,6.0,D
4310,2011-12-03,2011-12,Tottenham,Bolton,2.6,0.8,16.4,10.2,15.0,1.4,1.8,11.8,8.0,3.0,H
4311,2011-12-03,2011-12,Newcastle,Chelsea,1.6,1.2,9.4,6.2,10.0,1.6,1.6,14.6,8.2,6.0,A
4312,2011-12-03,2011-12,Wigan,Arsenal,1.2,2.0,14.2,7.2,4.0,2.8,1.2,14.8,9.2,13.0,A
4313,2011-12-03,2011-12,Blackburn,Swansea,1.6,2.4,13.2,7.4,2.0,1.0,0.8,12.0,7.4,6.0,H
4314,2011-12-03,2011-12,Aston Villa,Man United,1.2,1.6,7.8,3.2,5.0,1.0,1.4,14.0,8.6,10.0,A
4315,2011-12-03,2011-12,Man City,Norwich,3.2,1.2,14.4,8.2,13.0,1.8,2.0,11.2,7.0,5.0,H
4316,2011-12-04,2011-12,Wolves,Sunderland,1.4,2.2,10.6,6.0,4.0,1.0,1.0,14.0,8.0,5.0,H
4317,2011-12-04,2011-12,Everton,Stoke,1.6,1.0,14.6,9.4,9.0,1.4,3.0,9.8,4.8,3.0,A
4318,2011-12-05,2011-12,Fulham,Liverpool,1.0,1.4,14.2,9.6,5.0,1.2,0.6,17.2,8.8,9.0,H
4319,2011-12-10,2011-12,Arsenal,Everton,3.0,1.0,16.2,10.2,13.0,1.0,1.0,14.6,8.8,6.0,H
4320,2011-12-10,2011-12,Bolton,Aston Villa,1.4,2.0,11.4,8.2,3.0,1.0,1.4,8.6,3.8,5.0,A
4321,2011-12-10,2011-12,Liverpool,QPR,1.0,0.6,15.6,7.6,8.0,1.6,2.2,13.2,6.6,4.0,H
4322,2011-12-10,2011-12,Man United,Wolves,1.0,0.2,13.8,8.0,13.0,1.4,2.0,9.6,5.4,6.0,H
4323,2011-12-10,2011-12,Norwich,Newcastle,1.8,2.8,9.8,5.4,4.0,1.4,1.8,10.0,6.0,7.0,H
4324,2011-12-10,2011-12,Swansea,Fulham,1.0,1.2,10.8,5.6,5.0,1.0,0.8,15.0,10.6,8.0,H
4325,2011-12-10,2011-12,West Brom,Wigan,0.8,2.0,11.8,6.8,4.0,1.2,2.6,13.2,7.0,4.0,A
4326,2011-12-11,2011-12,Stoke,Tottenham,1.4,2.4,10.2,5.2,6.0,2.8,0.6,19.6,12.0,15.0,H
4327,2011-12-11,2011-12,Sunderland,Blackburn,0.8,1.4,14.0,8.4,2.0,2.2,2.4,12.2,7.6,5.0,H
4328,2011-12-12,2011-12,Chelsea,Man City,2.2,1.4,16.0,9.4,9.0,3.0,1.2,14.8,9.0,13.0,H
4329,2011-12-17,2011-12,Wigan,Chelsea,1.6,2.4,11.0,6.0,7.0,2.0,0.6,16.2,8.8,12.0,D
4330,2011-12-17,2011-12,Newcastle,Swansea,1.2,2.4,11.0,7.2,4.0,0.8,1.0,10.0,4.8,5.0,D
4331,2011-12-17,2011-12,Wolves,Stoke,1.4,2.2,10.0,6.6,6.0,1.6,2.0,10.2,5.8,9.0,A
4332,2011-12-17,2011-12,Everton,Norwich,1.0,1.0,12.4,6.8,6.0,2.0,2.6,9.8,6.4,6.0,D
4333,2011-12-17,2011-12,Blackburn,West Brom,1.8,2.2,10.4,6.6,4.0,1.0,2.0,12.4,7.2,4.0,A
4334,2011-12-17,2011-12,Fulham,Bolton,0.6,1.2,16.0,11.0,5.0,1.4,1.8,13.2,10.0,3.0,H
4335,2011-12-18,2011-12,Aston Villa,Liverpool,1.0,1.2,10.0,5.0,7.0,0.8,0.6,16.4,9.2,8.0,A
4336,2011-12-18,2011-12,Man City,Arsenal,2.6,1.4,12.6,8.0,10.0,2.2,0.4,16.0,10.0,13.0,H
4337,2011-12-18,2011-12,QPR,Man United,1.4,1.8,12.0,5.4,4.0,1.6,0.4,16.8,10.4,13.0,A
4338,2011-12-18,2011-12,Tottenham,Sunderland,2.4,0.8,18.2,11.8,12.0,0.8,1.2,15.8,9.2,4.0,H
4339,2011-12-20,2011-12,Blackburn,Bolton,2.0,2.4,11.2,7.8,4.0,0.4,2.2,12.0,8.0,0.0,A
4340,2011-12-20,2011-12,Wolves,Norwich,1.0,2.4,9.4,5.2,3.0,1.8,2.2,9.4,5.2,7.0,D
4341,2011-12-21,2011-12,Wigan,Liverpool,1.6,2.0,11.4,6.0,8.0,1.2,0.6,16.6,9.6,10.0,D
4342,2011-12-21,2011-12,QPR,Sunderland,1.0,1.6,10.6,4.2,4.0,0.8,1.2,15.6,9.4,4.0,A
4343,2011-12-21,2011-12,Newcastle,West Brom,0.8,2.2,12.4,7.2,2.0,1.4,1.6,13.2,7.6,7.0,A
4344,2011-12-21,2011-12,Aston Villa,Arsenal,0.4,1.2,10.8,5.4,4.0,1.6,0.6,16.0,10.2,10.0,A
4345,2011-12-21,2011-12,Fulham,Man United,0.8,0.6,14.0,8.8,8.0,1.8,0.4,17.6,11.0,13.0,A
4346,2011-12-21,2011-12,Everton,Swansea,1.0,0.8,15.2,8.6,7.0,0.8,1.0,8.8,4.2,5.0,H
4347,2011-12-21,2011-12,Man City,Stoke,2.2,1.0,12.4,8.2,10.0,2.0,1.2,10.0,5.4,12.0,H
4348,2011-12-22,2011-12,Tottenham,Chelsea,2.0,0.6,19.8,12.6,12.0,2.0,0.8,15.8,8.2,10.0,D
4349,2011-12-26,2011-12,Stoke,Aston Villa,1.6,1.2,7.0,4.0,12.0,0.6,1.2,11.8,6.0,4.0,D
4350,2011-12-26,2011-12,Sunderland,Everton,1.4,1.6,16.4,10.4,6.0,0.8,0.6,15.2,8.0,7.0,D
4351,2011-12-26,2011-12,Man United,Wigan,2.6,0.4,17.8,12.0,13.0,1.0,1.4,10.2,5.8,8.0,H
4352,2011-12-26,2011-12,West Brom,Man City,1.6,1.8,12.8,7.4,7.0,2.2,0.8,14.0,9.6,10.0,D
4353,2011-12-26,2011-12,Chelsea,Fulham,2.0,0.6,16.2,9.2,11.0,0.8,1.6,14.0,8.6,7.0,D
4354,2011-12-26,2011-12,Bolton,Newcastle,0.6,2.0,12.0,7.8,3.0,1.0,2.2,14.6,8.0,2.0,A
4355,2011-12-26,2011-12,Liverpool,Blackburn,0.8,0.4,18.4,11.0,8.0,1.6,2.2,13.4,8.8,3.0,D
4356,2011-12-27,2011-12,Arsenal,Wolves,1.6,0.6,13.6,8.6,10.0,1.2,2.4,12.2,6.8,4.0,D
4357,2011-12-27,2011-12,Norwich,Tottenham,2.0,2.2,11.6,7.2,8.0,1.8,0.8,19.0,12.8,10.0,A
4358,2011-12-27,2011-12,Swansea,QPR,0.8,1.0,7.8,3.8,5.0,0.8,1.8,12.2,4.4,1.0,D
4359,2011-12-30,2011-12,Liverpool,Newcastle,0.8,0.4,20.6,11.8,8.0,1.2,2.0,15.4,8.2,4.0,H
4360,2011-12-31,2011-12,Swansea,Tottenham,1.0,1.2,8.0,4.2,5.0,1.6,0.6,18.2,11.6,10.0,D
4361,2011-12-31,2011-12,Stoke,Wigan,1.0,1.0,6.8,3.4,10.0,0.6,2.2,10.6,6.0,5.0,D
4362,2011-12-31,2011-12,Norwich,Fulham,1.6,2.4,10.2,6.4,5.0,0.8,1.6,13.8,8.6,7.0,D
4363,2011-12-31,2011-12,Bolton,Wolves,0.6,2.0,11.2,7.0,3.0,1.4,2.0,12.0,7.2,5.0,D
4364,2011-12-31,2011-12,Chelsea,Aston Villa,1.6,0.8,17.6,10.0,9.0,0.6,1.2,12.0,6.0,4.0,A
4365,2011-12-31,2011-12,Arsenal,QPR,1.6,0.6,14.2,9.6,10.0,0.8,1.6,12.0,5.0,2.0,H
4366,2011-12-31,2011-12,Man United,Blackburn,3.4,0.2,16.6,11.2,15.0,1.6,1.8,11.2,6.8,4.0,A
4367,2012-01-01,2011-12,Sunderland,Man City,1.4,1.4,15.4,9.8,7.0,2.0,0.6,16.2,10.8,10.0,H
4368,2012-01-01,2011-12,West Brom,Everton,1.4,1.2,12.4,7.0,8.0,0.6,0.8,13.6,5.8,5.0,A
4369,2012-01-02,2011-12,Wolves,Chelsea,1.2,2.0,10.6,6.2,3.0,1.2,1.4,16.6,8.4,6.0,A
4370,2012-01-02,2011-12,Fulham,Arsenal,0.8,1.8,12.2,7.2,5.0,1.0,0.6,14.2,9.0,10.0,H
4371,2012-01-02,2011-12,QPR,Norwich,0.6,1.6,10.4,4.8,1.0,1.6,1.6,12.8,7.8,6.0,A
4372,2012-01-02,2011-12,Aston Villa,Swansea,1.2,1.2,13.0,7.2,7.0,0.8,0.6,8.8,4.8,6.0,A
4373,2012-01-02,2011-12,Blackburn,Stoke,1.4,1.8,10.4,6.0,4.0,1.2,1.4,7.8,3.2,8.0,A
4374,2012-01-03,2011-12,Man City,Liverpool,1.0,0.6,17.0,9.8,7.0,1.4,0.4,20.2,11.4,11.0,H
4375,2012-01-03,2011-12,Tottenham,West Brom,1.2,0.8,15.6,9.8,8.0,1.2,1.2,11.4,5.4,7.0,H
4376,2012-01-03,2011-12,Wigan,Sunderland,1.0,1.8,11.2,6.4,6.0,1.4,1.0,13.4,8.4,10.0,A
4377,2012-01-04,2011-12,Everton,Bolton,0.8,0.6,14.0,6.6,8.0,0.8,1.6,11.2,7.0,4.0,A
4378,2012-01-04,2011-12,Newcastle,Man United,1.4,2.0,13.2,6.8,4.0,3.6,0.8,19.6,12.8,12.0,H
4379,2012-01-11,2011-12,Tottenham,Everton,1.2,0.4,16.6,10.2,11.0,1.0,0.8,14.6,7.2,8.0,H
4380,2012-01-14,2011-12,West Brom,Norwich,1.0,1.0,10.4,4.2,7.0,1.2,1.4,12.8,6.8,6.0,A
4381,2012-01-14,2011-12,Tottenham,Wolves,1.4,0.4,16.2,9.2,11.0,1.2,1.6,10.2,5.6,3.0,D
4382,2012-01-14,2011-12,Man United,Bolton,2.8,1.2,16.4,10.4,9.0,1.0,1.4,10.2,6.0,7.0,H
4383,2012-01-14,2011-12,Chelsea,Sunderland,1.2,1.4,17.0,9.0,6.0,1.8,1.0,11.0,7.8,10.0,H
4384,2012-01-14,2011-12,Blackburn,Fulham,1.4,1.8,12.6,7.0,4.0,1.2,1.6,14.0,7.4,8.0,H
4385,2012-01-14,2011-12,Aston Villa,Everton,0.8,1.4,11.6,5.4,4.0,0.8,1.0,11.2,5.0,7.0,D
4386,2012-01-14,2011-12,Liverpool,Stoke,1.2,1.0,19.6,10.4,8.0,1.2,1.4,7.4,2.4,8.0,D
4387,2012-01-15,2011-12,Newcastle,QPR,1.6,1.2,13.0,6.4,7.0,0.8,1.8,11.0,5.6,1.0,H
4388,2012-01-15,2011-12,Swansea,Arsenal,0.8,0.6,7.2,4.0,6.0,1.0,1.0,15.2,9.6,7.0,H
4389,2012-01-16,2011-12,Wigan,Man City,0.8,2.4,13.8,7.6,3.0,1.4,0.2,17.6,10.6,10.0,A
4390,2012-01-21,2011-12,Sunderland,Swansea,1.8,1.0,11.2,7.8,10.0,1.4,1.0,8.4,5.0,8.0,H
4391,2012-01-21,2011-12,Wolves,Aston Villa,1.2,1.4,9.2,5.2,4.0,1.0,1.2,11.8,6.0,5.0,A
4392,2012-01-21,2011-12,QPR,Wigan,0.8,1.6,11.8,6.8,1.0,0.6,2.4,12.2,7.0,2.0,H
4393,2012-01-21,2011-12,Stoke,West Brom,0.8,1.2,6.4,1.8,6.0,0.8,1.2,11.0,4.6,4.0,A
4394,2012-01-21,2011-12,Fulham,Newcastle,1.0,2.2,14.2,7.0,5.0,1.8,1.2,11.4,6.0,9.0,H
4395,2012-01-21,2011-12,Bolton,Liverpool,1.0,1.6,9.6,5.8,7.0,0.8,1.0,18.4,9.0,6.0,H
4396,2012-01-21,2011-12,Norwich,Chelsea,1.4,1.4,12.8,7.4,8.0,1.2,1.2,19.2,10.0,8.0,D
4397,2012-01-21,2011-12,Everton,Blackburn,0.8,1.2,10.0,4.6,5.0,1.8,1.6,12.2,6.4,7.0,D
4398,2012-01-22,2011-12,Arsenal,Man United,1.4,1.4,15.6,9.8,7.0,3.0,1.2,16.4,9.8,9.0,A
4399,2012-01-22,2011-12,Man City,Tottenham,1.4,0.2,17.0,10.4,10.0,1.4,0.4,17.4,9.2,11.0,H
4400,2012-01-31,2011-12,Everton,Man City,0.8,1.2,11.2,5.6,5.0,1.4,0.6,15.6,8.6,10.0,H
4401,2012-01-31,2011-12,Man United,Stoke,2.4,1.4,15.4,8.4,9.0,1.0,1.0,8.0,2.4,6.0,H
4402,2012-01-31,2011-12,Swansea,Chelsea,1.4,1.2,9.8,5.0,8.0,1.0,1.0,19.0,9.8,8.0,D
4403,2012-01-31,2011-12,Tottenham,Wigan,1.4,1.0,16.0,9.0,8.0,0.8,3.0,11.0,5.8,1.0,H
4404,2012-01-31,2011-12,Wolves,Liverpool,1.2,1.6,8.2,5.2,3.0,1.0,1.6,17.0,8.6,5.0,A
4405,2012-02-01,2011-12,Aston Villa,QPR,1.4,1.2,12.0,6.2,8.0,1.0,1.2,11.6,6.6,4.0,D
4406,2012-02-01,2011-12,Blackburn,Newcastle,1.8,1.4,11.6,6.6,8.0,1.8,1.6,10.2,5.6,9.0,A
4407,2012-02-01,2011-12,Bolton,Arsenal,1.2,1.6,11.0,6.4,7.0,1.2,1.6,16.4,9.8,4.0,D
4408,2012-02-01,2011-12,Fulham,West Brom,2.0,1.6,13.6,6.8,8.0,0.6,1.0,11.2,4.2,4.0,D
4409,2012-02-01,2011-12,Sunderland,Norwich,1.6,0.6,9.2,5.6,10.0,1.0,1.0,10.2,5.2,8.0,H
4410,2012-02-04,2011-12,Stoke,Sunderland,1.0,1.4,8.2,2.6,5.0,2.0,0.4,8.8,5.2,12.0,A
4411,2012-02-04,2011-12,Wigan,Everton,1.0,2.6,11.2,6.0,1.0,0.8,1.2,10.4,4.8,5.0,D
4412,2012-02-04,2011-12,West Brom,Swansea,0.8,1.2,12.8,5.8,4.0,1.4,1.2,9.8,5.2,8.0,A
4413,2012-02-04,2011-12,Norwich,Bolton,1.0,1.2,11.0,5.2,8.0,1.2,1.2,13.0,7.4,8.0,H
4414,2012-02-04,2011-12,Man City,Fulham,1.4,0.8,15.4,9.0,9.0,2.0,1.6,14.4,6.8,8.0,H
4415,2012-02-04,2011-12,Arsenal,Blackburn,1.0,1.4,15.0,7.8,4.0,1.6,1.6,15.2,8.6,7.0,H
4416,2012-02-04,2011-12,QPR,Wolves,1.2,1.4,9.8,5.8,4.0,1.0,2.0,8.0,4.6,2.0,A
4417,2012-02-05,2011-12,Chelsea,Man United,1.0,1.0,18.2,8.8,8.0,1.8,1.4,14.2,8.0,9.0,D
4418,2012-02-05,2011-12,Newcastle,Aston Villa,1.8,1.6,9.6,5.2,9.0,1.8,1.6,14.6,8.4,8.0,H
4419,2012-02-06,2011-12,Liverpool,Tottenham,1.4,1.4,16.0,8.8,7.0,1.8,1.0,17.6,10.2,10.0,D
4420,2012-02-11,2011-12,Everton,Chelsea,0.8,1.0,10.0,4.8,6.0,1.4,1.0,18.8,9.8,9.0,H
4421,2012-02-11,2011-12,Blackburn,QPR,1.2,2.6,13.8,8.2,4.0,1.4,1.6,11.2,6.8,4.0,H
4422,2012-02-11,2011-12,Bolton,Wigan,1.0,1.4,12.4,6.8,7.0,0.8,2.4,9.6,5.0,1.0,A
4423,2012-02-11,2011-12,Fulham,Stoke,1.8,2.0,14.4,7.2,7.0,0.6,1.2,7.6,3.2,4.0,H
4424,2012-02-11,2011-12,Man United,Liverpool,2.0,1.4,11.8,7.4,10.0,0.8,1.2,16.0,9.4,5.0,H
4425,2012-02-11,2011-12,Sunderland,Arsenal,2.0,0.4,8.0,4.6,12.0,2.2,1.6,15.8,8.6,4.0,A
4426,2012-02-11,2011-12,Swansea,Norwich,1.6,1.2,10.0,5.2,10.0,1.2,1.0,11.8,5.2,10.0,A
4427,2012-02-11,2011-12,Tottenham,Newcastle,1.6,1.0,15.4,8.6,8.0,2.0,1.2,11.8,6.4,12.0,H
4428,2012-02-12,2011-12,Aston Villa,Man City,1.4,1.8,14.8,8.2,5.0,2.0,0.6,13.6,8.8,12.0,A
4429,2012-02-12,2011-12,Wolves,West Brom,1.2,2.0,9.2,4.8,4.0,1.0,1.4,14.4,7.6,4.0,A
4430,2012-02-25,2011-12,West Brom,Sunderland,2.0,1.4,18.0,10.4,7.0,1.4,0.6,7.6,3.8,9.0,H
4431,2012-02-25,2011-12,Wigan,Aston Villa,1.0,1.8,7.6,4.2,4.0,1.4,1.6,14.6,8.8,5.0,D
4432,2012-02-25,2011-12,QPR,Fulham,1.6,1.8,14.4,8.2,4.0,1.8,2.0,12.4,6.4,7.0,A
4433,2012-02-25,2011-12,Man City,Blackburn,1.6,0.6,15.0,9.2,12.0,1.6,2.6,12.4,7.8,7.0,H
4434,2012-02-25,2011-12,Newcastle,Wolves,1.4,2.2,11.2,5.8,9.0,1.2,2.6,9.4,5.4,4.0,D
4435,2012-02-25,2011-12,Chelsea,Bolton,1.0,1.2,17.4,9.2,6.0,0.8,1.6,12.6,7.0,4.0,H
4436,2012-02-26,2011-12,Arsenal,Tottenham,2.4,1.4,14.4,8.2,7.0,2.2,1.0,16.2,9.0,8.0,H
4437,2012-02-26,2011-12,Norwich,Man United,1.4,1.2,12.8,6.2,10.0,2.4,1.0,12.8,7.4,13.0,A
4438,2012-02-26,2011-12,Stoke,Swansea,0.4,1.4,8.4,3.4,1.0,1.6,1.8,11.6,6.2,7.0,H
4439,2012-03-03,2011-12,Blackburn,Aston Villa,1.0,3.0,9.8,6.0,4.0,1.2,1.4,13.2,7.2,5.0,D
4440,2012-03-03,2011-12,Liverpool,Arsenal,1.0,1.0,14.2,8.6,5.0,3.0,1.2,15.8,9.0,10.0,A
4441,2012-03-03,2011-12,QPR,Everton,1.6,1.8,14.8,8.0,4.0,1.2,0.6,9.8,5.4,9.0,D
4442,2012-03-03,2011-12,Stoke,Norwich,0.8,1.4,9.6,4.4,3.0,1.2,1.4,14.6,6.8,7.0,H
4443,2012-03-03,2011-12,West Brom,Chelsea,2.6,1.0,18.4,11.4,10.0,1.4,1.2,18.2,10.4,6.0,H
4444,2012-03-03,2011-12,Wigan,Swansea,1.0,1.6,9.0,4.6,5.0,1.0,1.8,12.0,6.4,4.0,A
4445,2012-03-03,2011-12,Man City,Bolton,2.0,0.6,16.6,10.2,12.0,0.8,1.6,12.0,6.2,4.0,H
4446,2012-03-04,2011-12,Fulham,Wolves,1.8,1.4,10.4,5.6,10.0,1.4,2.8,9.8,6.0,4.0,H
4447,2012-03-04,2011-12,Newcastle,Sunderland,1.6,2.6,12.0,6.6,7.0,1.4,1.2,7.8,3.8,9.0,D
4448,2012-03-04,2011-12,Tottenham,Man United,2.4,1.8,13.4,7.8,7.0,2.2,1.2,11.2,7.4,13.0,A
4449,2012-03-10,2011-12,Wolves,Blackburn,1.0,3.2,8.8,4.8,4.0,1.0,3.0,10.0,6.2,4.0,A
4450,2012-03-10,2011-12,Sunderland,Liverpool,1.2,1.4,7.8,4.6,7.0,1.2,1.4,14.0,8.4,4.0,H
4451,2012-03-10,2011-12,Everton,Tottenham,1.2,0.6,10.0,5.6,9.0,2.2,1.8,14.6,8.2,7.0,H
4452,2012-03-10,2011-12,Bolton,QPR,0.2,1.8,10.6,5.6,1.0,1.2,1.8,16.0,8.4,2.0,H
4453,2012-03-10,2011-12,Aston Villa,Fulham,0.8,1.2,14.4,8.6,3.0,1.8,1.0,13.4,8.0,10.0,H
4454,2012-03-10,2011-12,Chelsea,Stoke,1.4,1.4,17.0,9.8,5.0,0.8,1.0,9.8,5.2,6.0,H
4455,2012-03-11,2011-12,Man United,West Brom,2.4,1.2,10.6,7.4,13.0,2.4,0.8,19.2,12.4,10.0,H
4456,2012-03-11,2011-12,Norwich,Wigan,1.2,1.6,15.0,7.2,6.0,0.8,1.4,10.0,5.4,5.0,D
4457,2012-03-11,2011-12,Swansea,Man City,1.4,1.4,12.2,7.2,7.0,1.8,0.2,18.6,10.8,12.0,H
4458,2012-03-12,2011-12,Arsenal,Newcastle,3.2,1.0,15.4,9.2,13.0,1.4,1.8,13.8,7.2,8.0,H
4459,2012-03-13,2011-12,Liverpool,Everton,1.0,1.0,13.6,7.8,4.0,1.2,0.4,8.8,5.0,11.0,H
4460,2012-03-17,2011-12,Fulham,Swansea,1.6,1.0,11.8,7.0,9.0,1.4,1.2,12.4,7.2,9.0,A
4461,2012-03-17,2011-12,Wigan,West Brom,0.8,1.0,11.6,6.0,6.0,2.2,1.0,17.4,10.8,9.0,D
4462,2012-03-18,2011-12,Wolves,Man United,1.0,3.0,10.6,6.0,4.0,2.4,1.2,12.4,7.8,13.0,A
4463,2012-03-18,2011-12,Newcastle,Norwich,1.2,2.2,13.0,6.8,5.0,1.4,1.2,15.2,7.6,7.0,H
4464,2012-03-20,2011-12,Blackburn,Sunderland,1.4,2.6,7.8,5.4,7.0,0.8,1.4,7.0,3.6,7.0,H
4465,2012-03-21,2011-12,Everton,Arsenal,1.0,1.0,8.0,4.8,8.0,3.6,1.2,16.4,10.4,15.0,A
4466,2012-03-21,2011-12,Man City,Chelsea,1.8,0.2,18.8,11.2,12.0,1.4,1.2,17.2,10.0,7.0,H
4467,2012-03-21,2011-12,QPR,Liverpool,1.0,1.8,18.8,10.0,1.0,1.0,1.0,12.0,7.0,4.0,H
4468,2012-03-21,2011-12,Tottenham,Stoke,1.6,1.8,14.8,7.4,4.0,0.8,0.8,9.8,5.2,6.0,D
4469,2012-03-24,2011-12,Swansea,Everton,1.6,1.0,11.4,7.0,9.0,0.8,1.0,7.8,4.4,7.0,A
4470,2012-03-24,2011-12,Sunderland,QPR,0.6,1.8,6.6,3.2,4.0,1.4,1.8,18.2,9.4,4.0,H
4471,2012-03-24,2011-12,Stoke,Man City,1.0,0.8,9.6,4.4,7.0,1.6,0.4,19.6,11.2,12.0,D
4472,2012-03-24,2011-12,Norwich,Wolves,1.0,1.4,13.2,6.8,4.0,0.6,3.8,9.2,5.4,1.0,H
4473,2012-03-24,2011-12,Liverpool,Wigan,1.4,1.6,12.6,7.2,3.0,0.8,1.0,15.2,7.0,6.0,A
4474,2012-03-24,2011-12,Chelsea,Tottenham,1.0,1.0,14.6,9.0,6.0,1.8,2.0,17.8,9.8,4.0,D
4475,2012-03-24,2011-12,Bolton,Blackburn,0.6,2.0,10.0,5.4,3.0,1.6,1.2,10.4,6.6,10.0,H
4476,2012-03-24,2011-12,Arsenal,Aston Villa,2.4,1.0,14.8,9.8,15.0,0.6,0.8,13.6,7.2,5.0,H
4477,2012-03-25,2011-12,West Brom,Newcastle,2.2,0.8,15.4,9.0,10.0,1.0,2.0,12.8,7.2,5.0,A
4478,2012-03-26,2011-12,Man United,Fulham,2.8,0.6,14.0,9.4,15.0,1.6,1.0,12.4,6.8,9.0,H
4479,2012-03-31,2011-12,Wolves,Bolton,0.6,3.2,9.2,5.0,1.0,1.0,1.8,10.4,5.4,6.0,A
4480,2012-03-31,2011-12,Wigan,Stoke,0.8,1.0,14.4,6.8,6.0,1.0,0.6,9.2,4.2,8.0,H
4481,2012-03-31,2011-12,Man City,Sunderland,1.6,0.6,19.4,11.4,10.0,1.0,1.6,8.0,3.8,7.0,D
4482,2012-03-31,2011-12,QPR,Arsenal,1.2,1.8,15.2,8.0,4.0,2.6,0.8,16.8,10.6,15.0,H
4483,2012-03-31,2011-12,Everton,West Brom,0.8,1.0,8.8,4.6,7.0,1.4,1.2,13.0,7.0,7.0,H
4484,2012-03-31,2011-12,Aston Villa,Chelsea,0.4,1.0,11.6,6.0,5.0,1.0,0.6,15.0,8.6,7.0,A
4485,2012-03-31,2011-12,Fulham,Norwich,1.2,1.0,11.2,6.8,6.0,0.8,1.2,12.6,6.8,4.0,H
4486,2012-04-01,2011-12,Newcastle,Liverpool,1.6,1.2,13.4,8.0,8.0,1.4,1.6,13.2,7.8,3.0,H
4487,2012-04-01,2011-12,Tottenham,Swansea,0.8,2.0,18.0,9.4,2.0,1.2,0.8,10.2,5.8,9.0,H
4488,2012-04-02,2011-12,Blackburn,Man United,1.2,1.2,11.0,6.4,7.0,2.6,0.4,15.6,11.4,15.0,A
4489,2012-04-06,2011-12,Swansea,Newcastle,1.4,1.0,10.2,6.0,9.0,1.6,0.8,13.0,7.8,10.0,A
4490,2012-04-07,2011-12,Sunderland,Tottenham,1.6,1.4,7.6,3.8,8.0,1.0,1.2,19.4,10.6,5.0,D
4491,2012-04-07,2011-12,West Brom,Blackburn,0.6,1.6,11.2,5.4,4.0,1.2,1.0,12.8,7.2,7.0,H
4492,2012-04-07,2011-12,Stoke,Wolves,0.6,1.0,8.6,3.4,5.0,0.6,3.4,10.6,5.4,0.0,H
4493,2012-04-07,2011-12,Norwich,Everton,0.8,1.2,12.6,7.0,4.0,1.0,0.8,10.4,5.4,9.0,D
4494,2012-04-07,2011-12,Liverpool,Aston Villa,1.2,1.6,12.6,8.2,3.0,0.8,1.6,11.6,6.0,5.0,D
4495,2012-04-07,2011-12,Chelsea,Wigan,1.2,1.0,12.4,7.2,7.0,1.2,1.0,14.2,7.8,8.0,H
4496,2012-04-07,2011-12,Bolton,Fulham,1.4,1.8,11.6,6.0,9.0,1.4,1.2,12.6,8.0,6.0,A
4497,2012-04-08,2011-12,Arsenal,Man City,1.8,0.8,15.2,9.4,12.0,1.6,1.2,19.2,10.8,8.0,H
4498,2012-04-08,2011-12,Man United,QPR,2.6,0.2,16.2,10.8,15.0,1.6,1.8,13.8,8.0,7.0,H
4499,2012-04-09,2011-12,Newcastle,Bolton,1.8,0.6,9.2,6.2,12.0,1.4,1.8,12.6,7.2,9.0,H
4500,2012-04-09,2011-12,Fulham,Chelsea,1.0,1.2,9.8,5.8,6.0,1.6,1.0,13.6,8.0,10.0,D
4501,2012-04-09,2011-12,Tottenham,Norwich,0.8,0.6,18.8,10.4,6.0,1.2,1.4,14.0,8.2,5.0,A
4502,2012-04-09,2011-12,Aston Villa,Stoke,1.0,1.8,10.6,6.0,5.0,0.8,1.2,9.2,3.2,5.0,D
4503,2012-04-09,2011-12,Everton,Sunderland,1.2,1.2,10.4,5.4,7.0,1.4,1.2,8.6,4.4,8.0,H
4504,2012-04-10,2011-12,Blackburn,Liverpool,1.0,1.4,13.0,7.4,6.0,1.4,1.6,15.0,8.2,4.0,A
4505,2012-04-11,2011-12,Man City,West Brom,1.2,1.4,16.0,9.2,5.0,1.0,1.6,9.2,4.4,4.0,H
4506,2012-04-11,2011-12,QPR,Swansea,1.4,2.0,11.2,7.4,6.0,1.0,1.4,11.6,7.0,6.0,H
4507,2012-04-11,2011-12,Wigan,Man United,1.4,1.0,14.0,7.6,8.0,2.4,0.0,19.8,12.6,15.0,H
4508,2012-04-11,2011-12,Wolves,Arsenal,0.8,2.8,10.8,5.8,0.0,1.6,0.6,15.6,9.4,12.0,A
4509,2012-04-14,2011-12,West Brom,QPR,1.0,2.0,8.8,4.0,4.0,1.8,1.6,11.0,6.8,9.0,H
4510,2012-04-14,2011-12,Norwich,Man City,1.4,1.4,13.8,8.2,7.0,2.0,1.2,15.8,9.0,8.0,A
4511,2012-04-14,2011-12,Sunderland,Wolves,1.2,2.0,8.0,4.2,5.0,0.8,3.0,9.8,5.6,0.0,D
4512,2012-04-14,2011-12,Swansea,Blackburn,0.8,2.0,11.8,7.2,3.0,1.0,2.0,12.6,6.6,3.0,H
4513,2012-04-15,2011-12,Man United,Aston Villa,2.0,0.2,17.4,11.4,12.0,1.0,1.8,8.6,4.2,5.0,H
4514,2012-04-16,2011-12,Arsenal,Wigan,1.8,0.4,13.4,8.2,12.0,1.4,0.8,12.6,7.4,10.0,A
4515,2012-04-21,2011-12,Arsenal,Chelsea,1.8,0.8,14.6,8.2,9.0,1.6,1.2,11.8,6.6,8.0,D
4516,2012-04-21,2011-12,Aston Villa,Sunderland,0.8,2.6,6.8,3.4,2.0,1.2,1.6,10.6,5.4,6.0,D
4517,2012-04-21,2011-12,Blackburn,Norwich,0.6,2.6,10.8,5.2,0.0,1.6,2.4,14.6,8.8,7.0,H
4518,2012-04-21,2011-12,Bolton,Swansea,1.4,1.8,12.8,7.4,9.0,0.8,2.0,13.0,7.4,3.0,D
4519,2012-04-21,2011-12,Fulham,Wigan,1.2,1.2,11.0,7.4,7.0,1.6,0.8,11.0,7.6,12.0,H
4520,2012-04-21,2011-12,Newcastle,Stoke,2.0,0.2,9.8,6.4,15.0,1.0,1.2,9.0,3.2,6.0,H
4521,2012-04-21,2011-12,QPR,Tottenham,1.2,1.4,12.2,7.0,6.0,1.0,0.8,17.2,10.4,6.0,H
4522,2012-04-22,2011-12,Wolves,Man City,0.8,2.0,10.8,6.6,1.0,2.8,1.2,16.2,10.4,8.0,A
4523,2012-04-22,2011-12,Man United,Everton,1.8,0.2,17.8,11.0,12.0,2.0,0.6,13.8,7.2,10.0,D
4524,2012-04-22,2011-12,Liverpool,West Brom,1.4,2.0,15.2,8.6,4.0,1.0,1.8,10.2,5.6,6.0,A
4525,2012-04-24,2011-12,Aston Villa,Bolton,0.8,2.0,8.6,4.4,3.0,1.2,1.8,12.0,7.0,7.0,A
4526,2012-04-28,2011-12,Everton,Fulham,2.8,1.2,15.8,8.8,11.0,1.6,0.8,11.2,7.8,10.0,H
4527,2012-04-28,2011-12,Norwich,Liverpool,1.2,2.6,14.0,7.6,4.0,1.0,1.6,17.2,8.8,4.0,A
4528,2012-04-28,2011-12,Stoke,Arsenal,0.8,1.6,8.8,3.2,5.0,1.2,0.8,13.2,7.4,7.0,D
4529,2012-04-28,2011-12,Sunderland,Bolton,0.6,1.4,9.6,4.8,4.0,1.2,1.8,12.0,8.0,7.0,D
4530,2012-04-28,2011-12,Swansea,Wolves,1.0,1.8,15.0,9.2,4.0,0.6,2.0,10.2,6.2,1.0,D
4531,2012-04-28,2011-12,West Brom,Aston Villa,1.0,1.2,9.2,5.2,9.0,0.6,1.6,10.2,4.6,3.0,D
4532,2012-04-28,2011-12,Wigan,Newcastle,1.4,1.0,11.6,7.6,9.0,2.4,0.2,10.0,6.6,15.0,H
4533,2012-04-29,2011-12,Tottenham,Blackburn,0.8,0.8,15.8,8.4,5.0,0.8,2.2,10.6,5.6,3.0,H
4534,2012-04-29,2011-12,Chelsea,QPR,1.4,0.8,13.2,7.0,9.0,1.2,0.8,12.6,6.8,9.0,H
4535,2012-04-30,2011-12,Man City,Man United,3.0,1.0,16.4,10.0,10.0,2.4,1.0,18.0,10.0,10.0,H
4536,2012-05-01,2011-12,Liverpool,Fulham,1.4,1.2,17.8,8.8,7.0,1.6,1.4,11.4,8.0,10.0,A
4537,2012-05-01,2011-12,Stoke,Everton,0.8,1.6,8.0,3.4,5.0,3.2,1.2,15.0,8.6,11.0,D
4538,2012-05-02,2011-12,Bolton,Tottenham,1.0,1.8,11.4,7.6,5.0,1.2,0.8,15.8,8.6,7.0,A
4539,2012-05-02,2011-12,Chelsea,Newcastle,2.6,1.0,16.2,9.6,11.0,1.8,0.8,10.2,5.8,12.0,A
4540,2012-05-05,2011-12,Arsenal,Norwich,1.2,0.6,14.0,8.0,8.0,1.0,2.8,12.4,6.6,4.0,D
4541,2012-05-06,2011-12,Man United,Swansea,2.0,1.2,16.0,9.2,7.0,1.6,2.0,14.8,9.4,5.0,H
4542,2012-05-06,2011-12,Wolves,Everton,1.0,2.2,10.4,6.4,2.0,3.0,1.4,14.0,7.6,9.0,D
4543,2012-05-06,2011-12,QPR,Stoke,1.0,1.8,12.8,6.6,6.0,1.0,1.4,8.8,4.0,6.0,H
4544,2012-05-06,2011-12,Newcastle,Man City,1.8,0.8,10.4,5.6,12.0,2.6,0.4,15.0,9.0,12.0,A
4545,2012-05-06,2011-12,Bolton,West Brom,1.2,2.0,11.6,7.8,5.0,1.0,0.8,10.0,5.6,10.0,D
4546,2012-05-06,2011-12,Aston Villa,Tottenham,0.4,1.4,10.8,5.0,3.0,1.4,0.8,15.4,8.6,7.0,D
4547,2012-05-06,2011-12,Fulham,Sunderland,1.4,1.2,10.0,7.0,10.0,0.4,1.2,10.4,5.2,4.0,H
4548,2012-05-07,2011-12,Blackburn,Wigan,0.8,2.2,8.4,4.4,3.0,1.8,1.0,11.0,7.0,9.0,A
4549,2012-05-08,2011-12,Liverpool,Chelsea,1.4,1.0,19.6,8.6,7.0,1.8,1.0,17.2,9.0,8.0,H
4550,2012-05-13,2011-12,Tottenham,Fulham,1.6,1.0,16.6,9.0,7.0,1.2,1.4,11.8,8.4,10.0,H
4551,2012-05-13,2011-12,Swansea,Liverpool,1.6,2.0,13.6,8.6,5.0,2.0,1.0,20.0,10.2,9.0,H
4552,2012-05-13,2011-12,Wigan,Wolves,1.8,0.6,12.2,7.4,12.0,0.8,1.8,10.0,5.6,3.0,H
4553,2012-05-13,2011-12,West Brom,Arsenal,0.8,1.2,11.6,7.0,8.0,1.6,1.2,15.6,9.2,6.0,A
4554,2012-05-13,2011-12,Sunderland,Man United,0.6,1.6,10.4,4.8,3.0,2.0,1.2,16.4,10.0,7.0,A
4555,2012-05-13,2011-12,Chelsea,Blackburn,1.6,1.6,15.2,8.0,5.0,0.8,1.8,7.6,3.8,3.0,H
4556,2012-05-13,2011-12,Norwich,Aston Villa,1.2,3.0,12.0,5.6,4.0,0.4,1.4,10.2,4.8,3.0,H
4557,2012-05-13,2011-12,Everton,Newcastle,2.6,1.0,15.8,8.6,9.0,1.4,1.2,12.2,6.6,9.0,H
4558,2012-05-13,2011-12,Stoke,Bolton,0.6,1.4,7.6,3.0,3.0,1.6,2.0,12.0,7.8,6.0,D
4559,2012-05-13,2011-12,Man City,QPR,3.0,0.2,17.4,11.0,15.0,1.2,1.4,15.2,7.6,9.0,H
4560,2012-08-18,2012-13,Arsenal,Sunderland,1.6,1.6,16.0,9.4,6.0,0.6,1.0,11.0,5.8,3.0,D
4561,2012-08-18,2012-13,Fulham,Norwich,1.0,1.6,11.6,8.0,9.0,1.2,2.8,13.8,6.8,4.0,H
4562,2012-08-18,2012-13,Newcastle,Tottenham,1.2,1.8,12.8,6.8,6.0,1.8,0.6,17.0,9.0,10.0,H
4563,2012-08-18,2012-13,QPR,Swansea,1.0,2.0,12.6,6.6,6.0,1.8,1.4,14.4,9.0,8.0,A
4564,2012-08-18,2012-13,West Brom,Liverpool,1.2,1.0,13.2,8.4,8.0,1.4,0.8,19.6,9.6,6.0,H
4565,2012-08-18,2012-13,West Ham,Aston Villa,0.8,2.4,14.6,9.6,1.0,0.4,1.0,10.0,5.0,3.0,H
4566,2012-08-18,2012-13,Reading,Stoke,0.8,1.0,7.8,3.4,4.0,0.8,1.6,8.6,4.0,3.0,D
4567,2012-08-19,2012-13,Man City,Southampton,2.8,0.6,21.0,13.4,15.0,1.8,2.4,9.8,5.4,5.0,H
4568,2012-08-19,2012-13,Wigan,Chelsea,2.2,1.0,12.8,7.8,12.0,1.8,1.6,16.4,8.4,7.0,A
4569,2012-08-20,2012-13,Everton,Man United,2.4,1.2,14.8,8.4,9.0,2.2,1.0,18.2,11.2,10.0,H
4570,2012-08-22,2012-13,Chelsea,Reading,2.2,1.6,14.8,7.6,9.0,1.0,0.8,8.8,4.0,5.0,H
4571,2012-08-25,2012-13,Tottenham,West Brom,2.0,0.8,16.0,8.6,10.0,1.6,1.0,13.2,8.4,8.0,D
4572,2012-08-25,2012-13,Southampton,Wigan,2.0,2.8,10.6,5.8,4.0,1.8,1.2,12.8,7.2,9.0,A
4573,2012-08-25,2012-13,Swansea,West Ham,2.2,1.4,13.6,9.0,8.0,1.0,1.8,13.8,9.0,4.0,H
4574,2012-08-25,2012-13,Norwich,QPR,1.0,2.6,11.4,5.6,4.0,1.0,2.8,13.4,7.6,6.0,D
4575,2012-08-25,2012-13,Chelsea,Newcastle,1.8,1.8,14.4,6.2,9.0,1.0,2.0,10.8,5.4,6.0,H
4576,2012-08-25,2012-13,Aston Villa,Everton,0.4,1.2,9.6,4.8,2.0,1.8,0.4,14.6,7.8,11.0,A
4577,2012-08-25,2012-13,Man United,Fulham,1.4,1.2,15.8,9.4,7.0,1.6,1.4,10.8,8.0,9.0,H
4578,2012-08-26,2012-13,Liverpool,Man City,1.4,1.2,16.8,8.6,6.0,2.2,0.8,20.6,13.0,15.0,D
4579,2012-08-26,2012-13,Stoke,Arsenal,1.0,1.2,8.4,4.2,4.0,1.4,1.2,15.2,8.6,7.0,D
4580,2012-09-01,2012-13,Wigan,Stoke,2.0,0.8,13.4,7.8,12.0,0.8,1.0,8.6,4.2,4.0,D
4581,2012-09-01,2012-13,West Ham,Fulham,0.8,2.0,13.8,9.4,4.0,2.0,1.2,12.4,9.2,9.0,H
4582,2012-09-01,2012-13,West Brom,Everton,1.6,1.2,13.4,8.6,6.0,1.6,0.6,16.2,8.6,11.0,H
4583,2012-09-01,2012-13,Swansea,Sunderland,2.6,1.2,11.6,8.0,10.0,0.6,1.0,8.6,5.0,3.0,D
4584,2012-09-01,2012-13,Man City,QPR,2.2,1.2,19.4,12.2,13.0,1.0,3.0,12.2,7.4,4.0,H
4585,2012-09-01,2012-13,Tottenham,Norwich,1.8,1.0,15.8,9.0,8.0,1.2,2.4,11.6,5.4,5.0,D
4586,2012-09-02,2012-13,Liverpool,Arsenal,1.2,1.6,16.8,8.4,4.0,1.4,1.2,15.8,8.2,7.0,A
4587,2012-09-02,2012-13,Newcastle,Aston Villa,1.0,1.6,10.8,5.8,6.0,0.4,1.4,7.6,4.2,2.0,D
4588,2012-09-02,2012-13,Southampton,Man United,1.8,2.4,11.2,6.0,4.0,1.2,0.8,15.8,9.4,9.0,A
4589,2012-09-15,2012-13,Sunderland,Liverpool,1.0,1.4,7.4,4.6,3.0,1.2,1.8,16.6,9.0,4.0,D
4590,2012-09-15,2012-13,Stoke,Man City,1.0,1.2,9.8,4.8,4.0,2.6,1.4,20.8,13.6,13.0,D
4591,2012-09-15,2012-13,QPR,Chelsea,1.0,2.4,11.8,7.0,4.0,2.2,1.4,13.2,6.2,12.0,D
4592,2012-09-15,2012-13,Norwich,West Ham,1.4,2.0,12.0,5.6,6.0,1.2,1.8,12.4,8.8,6.0,D
4593,2012-09-15,2012-13,Fulham,West Brom,1.8,1.8,13.8,11.0,6.0,2.0,1.2,13.6,8.8,8.0,H
4594,2012-09-15,2012-13,Aston Villa,Swansea,0.6,1.6,8.6,5.0,2.0,2.2,0.8,12.4,8.4,10.0,H
4595,2012-09-15,2012-13,Arsenal,Southampton,1.6,1.0,14.6,7.6,9.0,1.4,2.4,11.2,5.8,1.0,H
4596,2012-09-15,2012-13,Man United,Wigan,1.8,1.0,18.6,10.8,12.0,1.6,1.2,13.2,7.2,10.0,H
4597,2012-09-16,2012-13,Reading,Tottenham,1.4,1.2,9.4,4.6,5.0,1.2,1.0,16.2,8.8,6.0,A
4598,2012-09-17,2012-13,Everton,Newcastle,1.4,0.8,16.4,8.8,10.0,0.8,1.8,11.6,5.8,4.0,D
4599,2012-09-22,2012-13,Wigan,Fulham,1.4,2.0,11.0,6.2,7.0,2.0,1.6,14.4,10.8,6.0,A
4600,2012-09-22,2012-13,West Brom,Reading,1.6,1.4,12.2,7.8,7.0,1.6,1.8,8.8,4.6,4.0,H
4601,2012-09-22,2012-13,West Ham,Sunderland,0.8,1.2,11.6,7.6,7.0,0.8,1.2,6.2,4.2,3.0,D
4602,2012-09-22,2012-13,Southampton,Aston Villa,1.2,3.2,11.6,6.0,0.0,0.8,1.4,11.2,7.2,4.0,H
4603,2012-09-22,2012-13,Chelsea,Stoke,2.0,0.6,14.0,7.0,13.0,1.2,1.2,9.0,5.2,5.0,H
4604,2012-09-22,2012-13,Swansea,Everton,2.2,0.8,11.8,7.6,10.0,1.8,1.2,16.2,8.8,10.0,A
4605,2012-09-23,2012-13,Liverpool,Man United,0.6,1.8,16.0,8.2,2.0,2.2,1.0,16.8,9.2,12.0,A
4606,2012-09-23,2012-13,Man City,Arsenal,2.4,1.6,20.0,13.4,11.0,2.2,0.6,14.6,7.4,11.0,D
4607,2012-09-23,2012-13,Newcastle,Norwich,1.2,1.8,11.0,5.4,5.0,0.8,1.4,13.6,7.2,6.0,H
4608,2012-09-23,2012-13,Tottenham,QPR,1.6,1.0,16.4,9.0,8.0,0.8,2.4,9.6,5.8,2.0,H
4609,2012-09-29,2012-13,Reading,Newcastle,1.6,1.8,7.8,3.6,4.0,1.2,1.2,12.0,6.0,8.0,D
4610,2012-09-29,2012-13,Stoke,Swansea,0.8,1.0,9.2,4.8,4.0,2.0,1.4,12.8,8.2,7.0,H
4611,2012-09-29,2012-13,Sunderland,Wigan,0.8,1.0,4.6,3.2,4.0,1.0,2.0,11.8,6.0,4.0,H
4612,2012-09-29,2012-13,Norwich,Liverpool,0.4,1.6,11.0,5.4,3.0,0.8,2.0,15.8,8.0,2.0,A
4613,2012-09-29,2012-13,Everton,Southampton,1.8,1.0,18.8,10.4,10.0,1.8,3.0,11.8,6.2,3.0,H
4614,2012-09-29,2012-13,Fulham,Man City,2.4,1.4,14.8,11.2,9.0,2.0,1.4,15.8,10.6,9.0,A
4615,2012-09-29,2012-13,Arsenal,Chelsea,1.8,0.4,14.2,6.6,9.0,1.8,0.4,13.8,7.6,13.0,A
4616,2012-09-29,2012-13,Man United,Tottenham,2.4,1.2,15.0,8.2,12.0,1.6,1.2,17.0,10.0,8.0,A
4617,2012-09-30,2012-13,Aston Villa,West Brom,1.0,1.8,11.0,6.6,4.0,1.4,0.8,11.6,7.0,10.0,D
4618,2012-10-01,2012-13,QPR,West Ham,0.6,2.2,10.8,6.4,2.0,1.0,0.8,12.2,7.4,8.0,A
4619,2012-10-06,2012-13,Chelsea,Norwich,1.8,0.6,14.8,8.0,13.0,0.8,1.6,12.2,6.4,3.0,H
4620,2012-10-06,2012-13,Man City,Sunderland,1.8,1.2,16.0,10.0,9.0,1.0,0.8,5.6,3.4,7.0,H
4621,2012-10-06,2012-13,Swansea,Reading,1.0,1.8,12.0,6.6,4.0,1.2,2.2,8.4,3.6,2.0,D
4622,2012-10-06,2012-13,West Brom,QPR,1.0,1.0,11.4,6.4,8.0,0.8,1.6,9.4,6.0,2.0,H
4623,2012-10-06,2012-13,West Ham,Arsenal,1.2,1.0,14.0,8.6,8.0,2.0,0.8,14.2,6.8,8.0,A
4624,2012-10-06,2012-13,Wigan,Everton,1.0,1.8,11.0,5.8,4.0,2.2,1.2,19.0,10.8,10.0,D
4625,2012-10-07,2012-13,Tottenham,Aston Villa,2.0,1.2,16.6,10.0,11.0,1.2,1.8,12.8,7.0,5.0,H
4626,2012-10-07,2012-13,Southampton,Fulham,1.6,3.0,11.6,5.4,3.0,1.6,1.8,14.0,10.0,6.0,D
4627,2012-10-07,2012-13,Liverpool,Stoke,1.8,1.8,15.0,7.8,5.0,1.0,0.8,10.0,5.2,6.0,D
4628,2012-10-07,2012-13,Newcastle,Man United,1.2,1.4,12.4,5.8,6.0,2.8,1.6,15.6,8.4,12.0,A
4629,2012-10-20,2012-13,Fulham,Aston Villa,1.6,1.6,14.0,8.8,7.0,1.0,1.6,13.0,7.4,5.0,H
4630,2012-10-20,2012-13,Liverpool,Reading,1.4,1.4,15.2,7.2,5.0,1.4,2.4,8.2,4.2,2.0,H
4631,2012-10-20,2012-13,Man United,Stoke,2.8,1.2,14.0,8.0,12.0,1.0,0.8,9.6,5.0,6.0,H
4632,2012-10-20,2012-13,Norwich,Arsenal,0.8,2.2,11.0,6.4,2.0,2.6,1.0,15.0,8.4,10.0,H
4633,2012-10-20,2012-13,Swansea,Wigan,0.8,2.2,15.0,8.4,2.0,1.0,2.2,10.6,5.4,2.0,H
4634,2012-10-20,2012-13,Tottenham,Chelsea,2.2,1.0,17.6,10.0,13.0,1.8,0.4,14.2,8.4,13.0,A
4635,2012-10-20,2012-13,West Brom,Man City,1.4,1.2,12.0,7.0,10.0,2.0,0.8,19.0,12.2,11.0,A
4636,2012-10-20,2012-13,West Ham,Southampton,1.4,1.0,14.0,8.0,8.0,2.0,3.0,11.4,4.8,4.0,H
4637,2012-10-21,2012-13,QPR,Everton,1.0,2.0,10.8,6.4,1.0,2.0,1.4,18.4,10.8,8.0,D
4638,2012-10-21,2012-13,Sunderland,Newcastle,1.0,1.4,6.6,4.2,6.0,1.2,1.6,12.8,5.4,6.0,D
4639,2012-10-27,2012-13,Wigan,West Ham,0.8,2.2,10.8,5.8,1.0,1.6,1.2,12.4,7.2,8.0,H
4640,2012-10-27,2012-13,Reading,Fulham,1.0,1.8,8.4,4.2,2.0,1.8,1.0,14.6,7.8,10.0,D
4641,2012-10-27,2012-13,Stoke,Sunderland,1.0,1.2,8.0,4.6,5.0,0.8,1.2,9.0,4.8,6.0,D
4642,2012-10-27,2012-13,Aston Villa,Norwich,0.8,1.6,12.2,6.4,4.0,0.8,2.0,10.4,6.2,4.0,D
4643,2012-10-27,2012-13,Arsenal,QPR,2.2,1.2,15.4,8.4,7.0,1.0,1.6,11.8,6.6,2.0,H
4644,2012-10-27,2012-13,Man City,Swansea,1.8,0.8,19.4,12.4,11.0,0.8,2.0,15.8,8.6,4.0,H
4645,2012-10-28,2012-13,Chelsea,Man United,2.2,0.8,14.2,8.6,13.0,3.0,1.2,13.0,7.8,12.0,A
4646,2012-10-28,2012-13,Everton,Liverpool,2.2,1.2,18.0,10.6,9.0,1.6,1.0,16.4,8.2,8.0,D
4647,2012-10-28,2012-13,Newcastle,West Brom,1.2,1.6,11.6,5.6,6.0,1.2,1.6,12.4,7.0,7.0,H
4648,2012-10-28,2012-13,Southampton,Tottenham,1.8,3.2,10.6,4.0,4.0,2.4,1.6,19.2,11.4,12.0,A
4649,2012-11-03,2012-13,West Ham,Man City,1.8,1.6,13.6,8.6,7.0,1.8,0.6,18.4,11.2,13.0,D
4650,2012-11-03,2012-13,Tottenham,Wigan,2.2,1.6,17.0,10.0,12.0,1.2,1.6,12.6,7.6,4.0,A
4651,2012-11-03,2012-13,Swansea,Chelsea,0.8,1.8,15.6,8.6,4.0,2.6,1.4,14.4,9.0,12.0,D
4652,2012-11-03,2012-13,Man United,Arsenal,2.8,1.6,12.6,7.2,12.0,1.2,1.0,15.6,8.2,7.0,H
4653,2012-11-03,2012-13,Norwich,Stoke,1.0,2.2,9.2,4.6,4.0,0.8,1.0,9.4,5.2,5.0,H
4654,2012-11-03,2012-13,Fulham,Everton,1.8,1.6,13.2,6.6,8.0,2.2,1.2,18.0,10.2,9.0,D
4655,2012-11-03,2012-13,Sunderland,Aston Villa,0.6,1.0,9.0,4.6,6.0,0.6,1.8,10.2,4.8,2.0,A
4656,2012-11-04,2012-13,QPR,Reading,1.0,1.8,10.6,6.0,1.0,1.4,1.8,10.6,5.6,3.0,D
4657,2012-11-04,2012-13,Liverpool,Newcastle,1.8,1.2,14.8,7.4,8.0,1.2,1.4,11.4,5.4,8.0,D
4658,2012-11-05,2012-13,West Brom,Southampton,1.4,1.4,12.0,6.2,7.0,1.8,2.4,11.0,4.4,4.0,H
4659,2012-11-10,2012-13,Stoke,QPR,0.8,1.0,8.4,4.6,5.0,1.0,1.6,13.4,7.2,2.0,H
4660,2012-11-10,2012-13,Wigan,West Brom,1.2,1.2,10.4,6.6,7.0,1.6,1.4,13.4,6.6,7.0,A
4661,2012-11-10,2012-13,Reading,Norwich,1.6,1.8,12.6,7.0,4.0,1.2,2.0,10.0,5.6,7.0,D
4662,2012-11-10,2012-13,Southampton,Swansea,1.0,2.6,10.4,4.6,1.0,1.0,1.4,13.8,7.8,5.0,D
4663,2012-11-10,2012-13,Aston Villa,Man United,0.6,1.0,10.4,5.6,5.0,2.8,1.6,13.2,7.8,12.0,A
4664,2012-11-10,2012-13,Arsenal,Fulham,1.2,1.2,15.0,8.0,6.0,1.8,1.8,12.4,5.8,6.0,D
4665,2012-11-10,2012-13,Everton,Sunderland,2.0,1.6,17.2,9.4,7.0,0.4,1.0,10.4,4.4,5.0,H
4666,2012-11-11,2012-13,Chelsea,Liverpool,2.6,1.6,13.2,8.6,10.0,1.8,1.0,16.2,8.2,9.0,D
4667,2012-11-11,2012-13,Man City,Tottenham,1.6,0.4,19.2,10.8,13.0,1.8,1.6,16.0,9.2,9.0,H
4668,2012-11-11,2012-13,Newcastle,West Ham,1.2,1.6,10.2,4.4,6.0,1.6,1.4,10.8,6.6,7.0,A
4669,2012-11-17,2012-13,Newcastle,Swansea,0.8,1.4,11.4,5.6,5.0,1.2,1.2,13.2,8.4,6.0,A
4670,2012-11-17,2012-13,Arsenal,Tottenham,1.6,1.4,15.2,8.8,7.0,1.4,1.6,15.2,8.4,6.0,H
4671,2012-11-17,2012-13,Liverpool,Wigan,1.0,0.8,16.0,8.0,7.0,1.4,1.4,11.6,7.2,7.0,H
4672,2012-11-17,2012-13,Man City,Aston Villa,1.6,0.4,18.2,10.0,13.0,0.8,1.4,8.6,5.4,4.0,H
4673,2012-11-17,2012-13,Norwich,Man United,0.8,1.0,10.0,4.8,8.0,3.0,1.4,13.4,7.6,15.0,H
4674,2012-11-17,2012-13,QPR,Southampton,0.8,1.4,14.2,7.0,2.0,1.0,2.2,11.0,5.2,2.0,A
4675,2012-11-17,2012-13,Reading,Everton,1.2,1.4,11.2,6.2,4.0,1.8,1.6,17.0,9.6,7.0,H
4676,2012-11-17,2012-13,West Brom,Chelsea,1.8,1.4,12.0,6.0,9.0,2.4,1.6,13.6,8.2,8.0,H
4677,2012-11-18,2012-13,Fulham,Sunderland,2.2,2.0,12.8,6.2,7.0,0.4,1.4,9.4,4.0,2.0,A
4678,2012-11-19,2012-13,West Ham,Stoke,1.4,1.2,9.4,5.6,7.0,0.6,1.0,8.4,4.6,5.0,D
4679,2012-11-24,2012-13,Sunderland,West Brom,1.0,1.0,10.2,4.6,5.0,1.6,1.2,11.0,5.6,9.0,A
4680,2012-11-24,2012-13,Wigan,Reading,1.0,1.6,11.4,6.6,6.0,1.2,1.2,12.0,5.8,6.0,H
4681,2012-11-24,2012-13,Stoke,Fulham,0.8,1.2,9.8,5.2,5.0,2.0,2.2,13.6,7.8,6.0,H
4682,2012-11-24,2012-13,Everton,Norwich,1.6,1.6,18.0,9.6,6.0,0.8,0.2,10.6,5.0,11.0,D
4683,2012-11-24,2012-13,Aston Villa,Arsenal,0.8,2.0,9.0,6.0,4.0,2.0,1.6,13.8,8.0,7.0,D
4684,2012-11-24,2012-13,Man United,QPR,2.4,1.6,13.4,7.6,12.0,0.6,1.4,14.2,7.2,2.0,H
4685,2012-11-25,2012-13,Chelsea,Man City,1.8,1.8,13.4,8.0,5.0,2.0,0.4,17.2,8.4,13.0,D
4686,2012-11-25,2012-13,Southampton,Newcastle,1.2,2.0,12.6,7.0,4.0,1.0,1.2,14.2,7.0,5.0,H
4687,2012-11-25,2012-13,Swansea,Liverpool,1.2,1.0,11.2,7.0,8.0,1.6,0.8,17.2,9.2,9.0,D
4688,2012-11-25,2012-13,Tottenham,West Ham,1.4,2.6,11.8,7.2,3.0,1.4,0.8,11.2,7.2,8.0,H
4689,2012-11-27,2012-13,Aston Villa,Reading,0.8,1.8,9.2,6.8,5.0,1.6,1.6,13.6,6.8,6.0,H
4690,2012-11-27,2012-13,Sunderland,QPR,1.2,1.6,10.8,5.8,4.0,0.6,1.8,13.4,7.2,1.0,D
4691,2012-11-28,2012-13,Stoke,Newcastle,0.6,0.4,10.6,4.6,8.0,0.8,1.4,13.8,6.2,4.0,H
4692,2012-11-28,2012-13,Swansea,West Brom,0.8,0.8,11.0,6.4,6.0,2.2,1.2,10.0,5.2,12.0,H
4693,2012-11-28,2012-13,Southampton,Norwich,1.4,1.2,13.8,8.2,7.0,0.8,0.4,10.8,5.2,9.0,D
4694,2012-11-28,2012-13,Tottenham,Liverpool,1.6,2.0,12.2,6.6,6.0,1.4,0.8,16.8,9.4,7.0,H
4695,2012-11-28,2012-13,Everton,Arsenal,1.6,1.6,18.8,10.6,6.0,2.0,1.4,13.8,7.8,8.0,D
4696,2012-11-28,2012-13,Chelsea,Fulham,1.0,1.4,12.2,6.8,3.0,1.8,2.4,11.8,7.2,3.0,D
4697,2012-11-28,2012-13,Man United,West Ham,2.2,1.4,13.8,8.0,12.0,0.8,1.2,11.4,6.8,5.0,H
4698,2012-11-28,2012-13,Wigan,Man City,1.4,1.6,13.2,7.4,9.0,1.6,0.2,15.2,7.2,11.0,A
4699,2012-12-01,2012-13,West Brom,Stoke,2.2,1.4,9.6,4.8,12.0,1.0,0.6,10.6,4.4,10.0,A
4700,2012-12-01,2012-13,West Ham,Chelsea,0.6,1.0,10.2,5.2,5.0,0.6,0.8,12.8,7.2,4.0,H
4701,2012-12-01,2012-13,Reading,Man United,1.0,1.2,12.8,6.2,5.0,1.8,1.0,15.4,9.2,12.0,A
4702,2012-12-01,2012-13,QPR,Aston Villa,0.6,1.6,15.2,8.4,2.0,0.8,1.6,10.8,7.2,7.0,D
4703,2012-12-01,2012-13,Man City,Everton,1.8,0.2,16.2,7.4,11.0,1.4,1.4,18.2,11.0,6.0,D
4704,2012-12-01,2012-13,Liverpool,Southampton,1.2,0.8,17.2,10.2,6.0,1.4,1.0,13.2,7.4,8.0,H
4705,2012-12-01,2012-13,Fulham,Tottenham,1.2,1.8,10.2,7.0,3.0,1.6,2.0,12.8,7.2,6.0,A
4706,2012-12-01,2012-13,Arsenal,Swansea,2.0,1.6,12.0,7.4,6.0,1.4,0.8,11.8,7.0,9.0,A
4707,2012-12-02,2012-13,Norwich,Sunderland,0.8,0.4,9.8,5.0,9.0,1.2,1.6,12.2,6.8,4.0,H
4708,2012-12-03,2012-13,Newcastle,Wigan,0.6,1.6,13.2,6.2,1.0,1.0,1.8,11.6,5.6,6.0,H
4709,2012-12-08,2012-13,Wigan,QPR,0.8,2.4,12.0,5.6,3.0,0.6,1.6,14.0,8.4,2.0,D
4710,2012-12-08,2012-13,Swansea,Norwich,1.6,0.6,12.4,7.6,11.0,1.0,0.6,8.8,4.4,9.0,A
4711,2012-12-08,2012-13,Sunderland,Chelsea,1.4,1.8,13.2,7.8,4.0,0.6,1.2,13.8,7.6,3.0,A
4712,2012-12-08,2012-13,Aston Villa,Stoke,0.8,1.8,10.4,6.6,5.0,1.2,0.4,10.2,4.6,13.0,D
4713,2012-12-08,2012-13,Arsenal,West Brom,1.8,1.6,12.6,8.4,6.0,1.8,1.6,9.2,5.8,9.0,H
4714,2012-12-08,2012-13,Southampton,Reading,1.4,0.8,13.0,7.2,8.0,1.4,1.8,11.2,6.0,4.0,H
4715,2012-12-09,2012-13,Everton,Tottenham,1.2,1.2,14.6,9.0,6.0,2.2,1.8,12.2,6.4,9.0,H
4716,2012-12-09,2012-13,Man City,Man United,2.0,0.4,14.4,7.0,11.0,2.2,1.4,15.2,8.8,12.0,A
4717,2012-12-09,2012-13,West Ham,Liverpool,1.2,1.2,12.2,7.6,7.0,1.2,0.6,18.0,10.0,8.0,A
4718,2012-12-10,2012-13,Fulham,Newcastle,0.8,2.0,10.2,6.4,2.0,1.0,1.4,14.4,7.2,3.0,H
4719,2012-12-11,2012-13,Sunderland,Reading,1.4,2.0,14.8,9.0,4.0,1.4,2.0,11.0,5.8,3.0,H
4720,2012-12-15,2012-13,Stoke,Everton,1.0,0.4,8.4,3.6,11.0,1.2,1.2,14.8,9.2,6.0,D
4721,2012-12-15,2012-13,QPR,Fulham,1.0,1.8,12.2,7.6,3.0,0.6,1.6,11.6,6.8,4.0,H
4722,2012-12-15,2012-13,Norwich,Wigan,1.8,1.2,8.8,5.4,11.0,1.0,2.4,12.0,6.2,4.0,H
4723,2012-12-15,2012-13,Man United,Sunderland,2.2,1.4,13.6,8.0,12.0,1.4,1.8,15.6,9.4,4.0,H
4724,2012-12-15,2012-13,Liverpool,Aston Villa,1.6,0.8,19.4,10.6,10.0,0.4,1.2,10.2,6.2,6.0,A
4725,2012-12-15,2012-13,Newcastle,Man City,1.2,1.6,15.6,8.0,3.0,2.0,0.8,14.4,7.6,8.0,A
4726,2012-12-16,2012-13,Tottenham,Swansea,2.2,1.8,12.6,7.2,9.0,2.0,1.2,15.6,9.0,10.0,H
4727,2012-12-16,2012-13,West Brom,West Ham,1.4,1.8,9.2,5.4,6.0,1.4,1.8,12.0,7.8,4.0,D
4728,2012-12-17,2012-13,Reading,Arsenal,1.0,2.4,11.0,6.0,0.0,1.6,1.0,12.8,8.0,8.0,A
4729,2012-12-22,2012-13,Wigan,Arsenal,1.2,2.2,12.6,6.8,4.0,1.6,1.0,15.2,9.4,8.0,A
4730,2012-12-22,2012-13,West Ham,Everton,1.2,1.6,10.8,6.0,4.0,1.2,1.0,12.4,8.0,7.0,A
4731,2012-12-22,2012-13,West Brom,Norwich,1.0,1.6,11.4,6.2,4.0,2.0,1.4,10.0,6.4,11.0,H
4732,2012-12-22,2012-13,Tottenham,Stoke,2.0,0.8,16.2,9.6,12.0,1.0,0.4,8.8,4.0,11.0,D
4733,2012-12-22,2012-13,Newcastle,QPR,1.2,1.8,13.6,7.6,3.0,1.2,1.4,13.4,8.0,6.0,H
4734,2012-12-22,2012-13,Man City,Reading,1.6,1.0,13.4,8.0,8.0,1.0,2.8,9.2,5.0,0.0,H
4735,2012-12-22,2012-13,Liverpool,Fulham,1.2,1.4,20.2,11.8,7.0,0.6,1.4,9.2,4.8,4.0,H
4736,2012-12-22,2012-13,Southampton,Sunderland,1.4,0.6,14.4,8.0,10.0,1.2,1.6,14.4,9.0,4.0,A
4737,2012-12-23,2012-13,Swansea,Man United,1.6,1.2,13.4,7.2,7.0,2.8,1.4,14.2,7.4,15.0,D
4738,2012-12-23,2012-13,Chelsea,Aston Villa,1.0,1.2,13.6,8.0,5.0,1.0,0.4,10.0,5.8,9.0,H
4739,2012-12-26,2012-13,Stoke,Liverpool,0.8,0.4,7.2,3.8,9.0,2.0,1.4,20.4,11.4,9.0,H
4740,2012-12-26,2012-13,Everton,Wigan,1.4,1.0,12.6,7.8,9.0,0.6,2.0,11.4,5.6,1.0,H
4741,2012-12-26,2012-13,Reading,Swansea,1.0,2.8,8.2,4.0,0.0,1.8,1.4,12.8,7.6,7.0,D
4742,2012-12-26,2012-13,Sunderland,Man City,1.4,1.6,13.8,8.6,6.0,1.8,1.0,14.6,8.6,10.0,H
4743,2012-12-26,2012-13,QPR,West Brom,1.0,1.0,12.4,7.6,6.0,0.6,1.4,11.6,6.6,4.0,A
4744,2012-12-26,2012-13,Aston Villa,Tottenham,1.0,2.0,9.4,5.0,8.0,1.4,0.6,15.4,9.8,10.0,A
4745,2012-12-26,2012-13,Man United,Newcastle,2.4,1.4,15.0,8.6,13.0,1.4,1.4,15.6,8.6,6.0,H
4746,2012-12-26,2012-13,Fulham,Southampton,0.6,2.0,9.0,5.0,4.0,0.8,0.6,12.8,6.4,7.0,D
4747,2012-12-26,2012-13,Norwich,Chelsea,2.0,1.6,10.4,6.4,10.0,2.4,0.8,14.6,9.2,8.0,A
4748,2012-12-29,2012-13,Arsenal,Newcastle,1.8,1.0,14.6,9.8,10.0,1.8,1.8,17.4,9.6,6.0,H
4749,2012-12-29,2012-13,Aston Villa,Wigan,0.8,2.8,7.2,3.8,5.0,0.8,2.0,11.6,6.0,1.0,A
4750,2012-12-29,2012-13,Fulham,Swansea,0.8,2.2,9.4,4.0,4.0,1.2,1.2,12.2,6.8,5.0,A
4751,2012-12-29,2012-13,Man United,West Brom,3.0,2.0,13.6,8.0,13.0,0.8,1.0,12.8,7.4,7.0,H
4752,2012-12-29,2012-13,Norwich,Man City,1.8,1.6,10.2,6.2,9.0,1.4,1.2,15.4,9.8,7.0,A
4753,2012-12-29,2012-13,Reading,West Ham,0.4,2.0,6.8,3.0,1.0,1.2,1.4,10.0,5.8,4.0,H
4754,2012-12-29,2012-13,Stoke,Southampton,1.0,0.4,6.4,4.0,9.0,0.6,0.8,10.8,5.0,5.0,D
4755,2012-12-29,2012-13,Sunderland,Tottenham,1.4,1.2,13.0,8.6,9.0,1.8,0.4,16.6,11.6,10.0,A
4756,2012-12-30,2012-13,Everton,Chelsea,1.6,1.0,13.2,7.6,11.0,2.6,0.8,17.6,11.2,10.0,A
4757,2012-12-30,2012-13,QPR,Liverpool,1.2,1.4,13.4,7.4,5.0,2.0,1.6,20.0,10.8,9.0,A
4758,2013-01-01,2012-13,Wigan,Man United,1.4,1.4,11.6,6.4,4.0,2.6,1.4,15.0,9.8,13.0,A
4759,2013-01-01,2012-13,West Ham,Norwich,1.2,1.4,10.4,5.8,4.0,2.0,2.2,11.4,6.8,6.0,H
4760,2013-01-01,2012-13,West Brom,Fulham,0.8,1.2,12.6,7.0,7.0,1.0,2.0,12.2,6.2,4.0,A
4761,2013-01-01,2012-13,Swansea,Aston Villa,1.2,1.4,11.8,6.6,5.0,0.6,3.2,8.0,4.0,4.0,D
4762,2013-01-01,2012-13,Southampton,Arsenal,1.0,1.2,10.8,6.0,5.0,3.0,1.4,15.4,10.4,12.0,D
4763,2013-01-01,2012-13,Man City,Stoke,2.0,1.6,16.2,10.4,9.0,1.4,1.0,7.2,4.8,7.0,H
4764,2013-01-01,2012-13,Tottenham,Reading,1.6,0.6,18.2,13.2,10.0,0.6,1.8,6.2,3.0,4.0,H
4765,2013-01-02,2012-13,Chelsea,QPR,3.0,1.0,17.2,10.6,12.0,1.0,1.8,12.8,6.4,4.0,A
4766,2013-01-02,2012-13,Liverpool,Sunderland,2.4,1.6,18.4,10.8,9.0,1.4,1.0,12.0,7.8,9.0,H
4767,2013-01-02,2012-13,Newcastle,Everton,1.8,3.2,16.2,9.6,3.0,1.6,1.2,14.0,7.8,10.0,A
4768,2013-01-12,2012-13,Stoke,Chelsea,1.4,1.6,7.8,5.4,6.0,2.8,0.6,18.6,11.0,12.0,A
4769,2013-01-12,2012-13,Aston Villa,Southampton,1.0,3.6,7.8,4.2,4.0,1.2,1.2,11.0,6.4,6.0,A
4770,2013-01-12,2012-13,Everton,Swansea,1.6,1.2,12.0,6.8,10.0,1.0,1.0,12.2,7.2,6.0,D
4771,2013-01-12,2012-13,Fulham,Wigan,1.0,2.0,11.0,5.8,4.0,1.0,1.8,10.2,5.2,3.0,D
4772,2013-01-12,2012-13,Norwich,Newcastle,1.4,2.0,11.2,5.8,3.0,1.8,3.2,15.0,9.2,3.0,D
4773,2013-01-12,2012-13,QPR,Tottenham,0.8,1.4,12.8,6.6,6.0,2.0,0.4,22.6,16.0,13.0,D
4774,2013-01-12,2012-13,Reading,West Brom,0.8,1.8,5.2,2.8,4.0,1.0,1.2,14.6,8.6,7.0,H
4775,2013-01-12,2012-13,Sunderland,West Ham,0.8,1.6,10.0,6.6,6.0,1.0,1.4,10.0,4.8,4.0,H
4776,2013-01-13,2012-13,Man United,Liverpool,2.8,1.0,16.2,11.0,13.0,2.4,1.2,20.6,12.4,9.0,H
4777,2013-01-13,2012-13,Arsenal,Man City,3.2,1.2,14.6,9.6,13.0,2.2,1.0,16.4,10.0,12.0,A
4778,2013-01-16,2012-13,Chelsea,Southampton,3.0,0.4,18.6,11.8,12.0,1.2,1.2,9.6,5.4,6.0,D
4779,2013-01-19,2012-13,Man City,Fulham,2.0,0.8,16.4,9.8,12.0,1.0,1.8,12.6,6.2,5.0,H
4780,2013-01-19,2012-13,West Ham,QPR,0.6,1.4,10.0,4.4,4.0,0.4,1.2,9.8,5.0,4.0,D
4781,2013-01-19,2012-13,Wigan,Sunderland,1.0,1.6,10.8,5.2,4.0,1.2,1.0,11.0,7.4,9.0,A
4782,2013-01-19,2012-13,West Brom,Aston Villa,1.4,1.8,13.0,7.8,6.0,0.4,3.6,9.2,5.0,1.0,D
4783,2013-01-19,2012-13,Liverpool,Norwich,2.4,1.0,17.8,10.0,9.0,1.0,1.8,10.4,4.4,1.0,H
4784,2013-01-19,2012-13,Newcastle,Reading,1.6,2.6,13.4,8.4,4.0,1.0,1.2,5.2,3.2,7.0,A
4785,2013-01-19,2012-13,Swansea,Stoke,1.0,0.8,12.2,7.6,7.0,1.2,2.2,7.2,4.8,5.0,H
4786,2013-01-20,2012-13,Chelsea,Arsenal,1.8,0.8,17.6,10.2,10.0,2.8,1.6,13.2,9.0,10.0,H
4787,2013-01-20,2012-13,Tottenham,Man United,1.8,0.4,21.0,14.4,11.0,2.6,1.0,16.2,11.8,13.0,D
4788,2013-01-21,2012-13,Southampton,Everton,1.6,1.4,8.4,4.6,7.0,1.4,1.0,13.4,7.4,10.0,D
4789,2013-01-23,2012-13,Arsenal,West Ham,2.0,1.6,10.6,7.2,7.0,0.8,1.6,12.4,6.6,4.0,H
4790,2013-01-29,2012-13,Stoke,Wigan,1.4,2.8,7.8,4.8,4.0,1.4,2.0,12.2,6.4,4.0,D
4791,2013-01-29,2012-13,Sunderland,Swansea,1.6,1.4,11.0,7.2,9.0,1.4,0.8,11.8,6.8,9.0,D
4792,2013-01-29,2012-13,Aston Villa,Newcastle,0.8,2.4,10.0,5.6,2.0,1.6,3.0,12.8,8.8,1.0,A
4793,2013-01-29,2012-13,QPR,Man City,0.6,1.2,10.6,5.4,5.0,2.2,0.8,17.0,10.0,12.0,D
4794,2013-01-30,2012-13,Arsenal,Liverpool,2.8,1.8,13.2,9.0,7.0,2.6,1.0,16.8,9.6,9.0,D
4795,2013-01-30,2012-13,Everton,West Brom,1.0,0.8,12.4,7.2,8.0,1.4,2.0,15.6,8.0,4.0,H
4796,2013-01-30,2012-13,Fulham,West Ham,1.0,1.4,11.8,5.0,5.0,0.8,2.2,12.6,6.6,4.0,H
4797,2013-01-30,2012-13,Man United,Southampton,2.6,1.0,13.6,9.4,13.0,1.4,1.2,9.8,6.2,7.0,H
4798,2013-01-30,2012-13,Norwich,Tottenham,0.8,2.4,9.4,4.2,1.0,2.0,0.6,21.4,15.2,11.0,D
4799,2013-01-30,2012-13,Reading,Chelsea,1.4,1.2,5.2,3.4,10.0,2.0,1.0,16.2,9.6,10.0,D
4800,2013-02-02,2012-13,Reading,Sunderland,1.8,1.6,5.6,3.4,10.0,1.4,1.4,9.4,6.4,7.0,H
4801,2013-02-02,2012-13,Wigan,Southampton,1.6,2.0,12.4,6.4,5.0,1.0,1.0,12.4,6.8,6.0,D
4802,2013-02-02,2012-13,West Ham,Swansea,1.0,2.6,12.0,6.8,4.0,1.4,0.8,13.4,7.6,9.0,H
4803,2013-02-02,2012-13,QPR,Norwich,0.4,0.8,8.0,4.4,6.0,1.0,2.4,9.4,4.2,2.0,D
4804,2013-02-02,2012-13,Newcastle,Chelsea,1.4,2.4,11.6,8.0,4.0,2.0,1.2,16.0,8.6,8.0,H
4805,2013-02-02,2012-13,Fulham,Man United,1.4,1.4,12.4,5.8,7.0,2.2,0.6,12.6,8.8,13.0,A
4806,2013-02-02,2012-13,Everton,Aston Villa,1.0,0.8,11.2,6.2,8.0,1.0,2.0,11.2,6.2,2.0,D
4807,2013-02-02,2012-13,Arsenal,Stoke,1.8,1.6,12.8,7.8,5.0,1.2,3.0,8.2,4.4,2.0,H
4808,2013-02-03,2012-13,Man City,Liverpool,2.2,0.6,16.2,9.0,13.0,2.8,0.8,16.4,9.4,10.0,D
4809,2013-02-03,2012-13,West Brom,Tottenham,1.2,2.2,14.6,7.6,1.0,1.4,0.8,19.8,13.4,9.0,A
4810,2013-02-09,2012-13,Tottenham,Newcastle,1.2,0.6,20.4,13.2,9.0,1.4,1.4,13.4,9.0,7.0,H
4811,2013-02-09,2012-13,Swansea,QPR,1.0,0.8,13.6,7.2,6.0,0.4,0.2,8.2,4.4,7.0,H
4812,2013-02-09,2012-13,Stoke,Reading,0.6,2.6,7.4,3.2,1.0,2.0,1.8,6.8,4.0,10.0,H
4813,2013-02-09,2012-13,Sunderland,Arsenal,1.4,1.4,9.6,6.4,7.0,1.8,1.4,14.6,8.8,7.0,A
4814,2013-02-09,2012-13,Norwich,Fulham,0.4,1.6,9.6,4.4,3.0,1.2,1.2,11.0,4.8,7.0,D
4815,2013-02-09,2012-13,Chelsea,Wigan,2.4,1.6,13.8,7.6,8.0,1.4,2.4,11.6,5.8,3.0,H
4816,2013-02-09,2012-13,Southampton,Man City,1.2,1.2,13.6,7.0,6.0,1.8,0.4,15.4,8.2,11.0,H
4817,2013-02-10,2012-13,Aston Villa,West Ham,1.6,2.0,10.6,6.2,3.0,0.8,2.4,12.8,7.0,4.0,H
4818,2013-02-10,2012-13,Man United,Everton,2.0,0.6,11.8,7.6,13.0,1.4,1.0,13.2,7.6,9.0,H
4819,2013-02-11,2012-13,Liverpool,West Brom,2.6,1.2,17.4,9.6,8.0,1.2,2.0,12.8,6.4,1.0,A
4820,2013-02-17,2012-13,Liverpool,Swansea,2.0,1.6,16.6,9.2,5.0,1.4,0.6,11.6,7.0,8.0,H
4821,2013-02-23,2012-13,Reading,Wigan,2.0,1.6,6.4,4.0,10.0,1.6,2.4,12.8,7.2,3.0,A
4822,2013-02-23,2012-13,West Brom,Sunderland,1.4,1.6,10.2,5.0,4.0,1.4,1.0,10.8,6.8,7.0,H
4823,2013-02-23,2012-13,QPR,Man United,0.4,1.0,9.4,5.0,4.0,1.6,0.6,11.0,7.0,13.0,A
4824,2013-02-23,2012-13,Arsenal,Aston Villa,2.0,1.0,16.4,9.8,10.0,1.6,1.8,10.4,5.4,5.0,H
4825,2013-02-23,2012-13,Fulham,Stoke,0.8,1.0,10.4,4.8,5.0,1.0,2.2,9.2,4.6,4.0,H
4826,2013-02-23,2012-13,Norwich,Everton,0.2,1.2,10.8,5.4,4.0,1.0,1.2,13.6,8.0,6.0,H
4827,2013-02-24,2012-13,Man City,Chelsea,1.4,1.0,13.4,7.2,8.0,2.4,1.8,16.6,9.2,8.0,H
4828,2013-02-24,2012-13,Newcastle,Southampton,1.4,1.4,12.4,8.2,7.0,1.6,1.4,14.0,7.6,6.0,H
4829,2013-02-25,2012-13,West Ham,Tottenham,1.0,2.2,13.6,7.6,4.0,1.0,0.6,17.6,11.0,9.0,A
4830,2013-03-02,2012-13,Chelsea,West Brom,2.0,1.8,13.6,7.4,7.0,1.4,1.2,11.4,5.2,7.0,H
4831,2013-03-02,2012-13,Everton,Reading,1.2,1.6,12.6,7.4,5.0,1.4,1.8,6.4,2.8,7.0,H
4832,2013-03-02,2012-13,Man United,Norwich,1.6,0.4,10.6,6.6,13.0,0.6,1.4,10.4,6.6,6.0,H
4833,2013-03-02,2012-13,Southampton,QPR,1.6,1.8,14.8,8.4,5.0,0.4,1.4,11.0,5.8,3.0,A
4834,2013-03-02,2012-13,Stoke,West Ham,1.0,1.6,8.4,4.0,4.0,1.2,2.6,10.8,6.2,3.0,A
4835,2013-03-02,2012-13,Sunderland,Fulham,1.0,1.4,9.2,5.2,4.0,0.8,0.8,11.6,5.6,7.0,D
4836,2013-03-02,2012-13,Swansea,Newcastle,1.4,1.6,11.6,7.2,7.0,2.2,1.8,12.8,8.4,9.0,H
4837,2013-03-02,2012-13,Wigan,Liverpool,2.0,2.2,12.6,7.6,5.0,2.8,1.2,20.8,11.8,8.0,A
4838,2013-03-03,2012-13,Tottenham,Arsenal,1.6,1.0,19.4,12.6,11.0,2.2,0.8,18.8,11.0,13.0,H
4839,2013-03-04,2012-13,Aston Villa,Man City,1.8,2.0,8.2,4.0,5.0,1.4,1.0,13.2,7.6,8.0,A
4840,2013-03-09,2012-13,West Brom,Swansea,1.0,1.0,8.0,4.2,6.0,1.0,1.4,11.2,7.4,7.0,H
4841,2013-03-09,2012-13,Reading,Aston Villa,1.2,2.2,7.6,3.6,4.0,1.4,1.8,8.0,3.6,4.0,A
4842,2013-03-09,2012-13,Norwich,Southampton,0.6,1.2,9.6,6.2,6.0,1.8,2.2,15.4,8.0,4.0,D
4843,2013-03-09,2012-13,QPR,Sunderland,0.6,1.4,10.2,5.2,5.0,0.8,1.4,9.6,5.4,2.0,H
4844,2013-03-10,2012-13,Liverpool,Tottenham,2.6,1.2,19.0,11.2,8.0,1.8,1.0,17.0,10.0,13.0,H
4845,2013-03-10,2012-13,Newcastle,Stoke,2.0,1.6,12.6,7.8,9.0,0.8,1.2,9.0,4.0,4.0,H
4846,2013-03-16,2012-13,Swansea,Arsenal,1.2,1.8,9.4,6.6,6.0,1.4,1.0,16.2,8.8,10.0,A
4847,2013-03-16,2012-13,Southampton,Liverpool,1.6,1.8,14.2,7.4,5.0,2.8,1.2,19.0,11.0,10.0,H
4848,2013-03-16,2012-13,Stoke,West Brom,0.6,1.2,8.6,4.0,3.0,1.2,0.8,9.0,4.6,9.0,D
4849,2013-03-16,2012-13,Everton,Man City,1.8,1.8,14.2,8.4,7.0,1.2,1.0,13.2,7.8,8.0,H
4850,2013-03-16,2012-13,Aston Villa,QPR,1.6,1.6,9.6,4.2,7.0,1.2,1.6,12.2,6.2,7.0,H
4851,2013-03-16,2012-13,Man United,Reading,2.2,0.2,12.0,7.8,15.0,1.0,2.2,8.6,4.0,3.0,H
4852,2013-03-17,2012-13,Chelsea,West Ham,1.8,1.6,16.0,9.6,7.0,1.2,1.6,11.4,6.6,6.0,H
4853,2013-03-17,2012-13,Sunderland,Norwich,1.0,2.0,10.2,5.6,1.0,0.4,1.0,8.6,5.8,6.0,D
4854,2013-03-17,2012-13,Tottenham,Fulham,2.0,1.4,17.6,10.4,12.0,1.2,0.8,12.4,6.4,8.0,A
4855,2013-03-17,2012-13,Wigan,Newcastle,1.6,2.4,11.6,7.6,5.0,2.0,1.6,13.4,7.6,9.0,H
4856,2013-03-30,2012-13,Swansea,Tottenham,1.2,2.0,9.0,5.6,6.0,1.8,1.6,15.8,9.0,9.0,A
4857,2013-03-30,2012-13,West Ham,West Brom,1.0,1.4,12.8,7.6,6.0,1.2,0.6,10.0,5.0,10.0,H
4858,2013-03-30,2012-13,Wigan,Norwich,1.6,2.2,12.0,8.4,7.0,0.6,1.2,7.2,4.6,6.0,H
4859,2013-03-30,2012-13,Sunderland,Man United,1.0,1.8,11.4,6.0,2.0,2.0,0.0,13.2,8.0,15.0,A
4860,2013-03-30,2012-13,Everton,Stoke,1.8,1.6,14.2,8.6,7.0,0.6,1.0,10.0,4.6,4.0,H
4861,2013-03-30,2012-13,Man City,Newcastle,1.2,1.4,13.6,8.6,7.0,1.6,1.6,11.4,5.8,6.0,H
4862,2013-03-30,2012-13,Arsenal,Reading,1.4,0.6,16.4,9.8,12.0,0.6,2.2,7.8,3.2,0.0,H
4863,2013-03-30,2012-13,Southampton,Chelsea,1.8,1.6,14.6,8.4,7.0,1.8,1.2,18.0,11.4,9.0,H
4864,2013-03-31,2012-13,Aston Villa,Liverpool,1.6,1.4,10.0,4.6,9.0,2.6,1.4,16.4,9.8,9.0,A
4865,2013-04-01,2012-13,Fulham,QPR,0.8,0.6,11.0,5.6,8.0,1.6,2.2,12.8,7.0,6.0,H
4866,2013-04-06,2012-13,Stoke,Aston Villa,0.2,1.0,9.4,3.6,1.0,1.4,1.6,10.6,5.6,6.0,A
4867,2013-04-06,2012-13,West Brom,Arsenal,1.0,1.2,12.6,6.6,7.0,2.0,0.8,18.0,10.8,12.0,A
4868,2013-04-06,2012-13,Norwich,Swansea,0.6,1.4,6.0,4.0,5.0,0.6,2.2,8.6,3.8,3.0,D
4869,2013-04-06,2012-13,Reading,Southampton,0.6,2.6,7.6,2.8,0.0,1.6,1.6,14.6,8.6,7.0,A
4870,2013-04-07,2012-13,Chelsea,Sunderland,1.6,1.0,17.0,11.0,9.0,1.0,1.8,10.8,5.4,2.0,H
4871,2013-04-07,2012-13,Liverpool,West Ham,3.0,1.2,15.0,9.4,12.0,1.4,1.6,12.0,7.4,6.0,D
4872,2013-04-07,2012-13,Newcastle,Fulham,1.4,2.0,10.6,4.6,6.0,1.4,0.8,9.8,5.0,11.0,H
4873,2013-04-07,2012-13,QPR,Wigan,1.8,2.0,13.8,7.6,6.0,1.4,1.8,13.6,9.0,9.0,D
4874,2013-04-07,2012-13,Tottenham,Everton,1.8,1.6,14.4,8.6,9.0,1.4,1.0,12.8,7.8,9.0,D
4875,2013-04-08,2012-13,Man United,Man City,2.0,0.0,12.6,7.6,15.0,1.6,1.0,15.6,9.8,9.0,A
4876,2013-04-13,2012-13,Southampton,West Ham,1.6,0.8,14.8,8.0,10.0,1.2,1.2,11.4,6.8,7.0,D
4877,2013-04-13,2012-13,Reading,Liverpool,0.6,2.4,7.8,3.2,0.0,2.0,1.2,12.2,8.2,10.0,D
4878,2013-04-13,2012-13,Aston Villa,Fulham,1.8,1.4,11.8,6.6,9.0,1.4,1.0,9.4,4.6,10.0,D
4879,2013-04-13,2012-13,Arsenal,Norwich,2.2,1.0,16.6,10.2,12.0,0.6,1.6,6.4,4.0,3.0,H
4880,2013-04-13,2012-13,Everton,QPR,1.8,1.0,12.8,7.2,10.0,2.0,1.8,12.6,7.0,7.0,H
4881,2013-04-14,2012-13,Newcastle,Sunderland,0.8,1.6,12.4,5.6,6.0,1.0,1.8,10.2,4.8,2.0,A
4882,2013-04-14,2012-13,Stoke,Man United,0.4,1.4,9.2,3.6,1.0,1.8,0.4,13.8,7.8,12.0,A
4883,2013-04-16,2012-13,Arsenal,Everton,2.4,1.0,13.8,8.8,12.0,2.0,0.6,13.4,8.2,13.0,D
4884,2013-04-17,2012-13,Fulham,Chelsea,1.4,1.2,7.0,3.4,8.0,1.2,1.0,14.8,9.0,9.0,A
4885,2013-04-17,2012-13,Man City,Wigan,1.8,0.6,16.0,10.0,12.0,1.4,1.2,14.2,9.0,10.0,H
4886,2013-04-17,2012-13,West Ham,Man United,1.0,0.8,11.0,6.4,8.0,1.8,0.4,13.0,6.8,12.0,D
4887,2013-04-20,2012-13,West Brom,Newcastle,0.8,1.4,12.4,6.2,4.0,0.8,2.0,12.6,6.0,6.0,D
4888,2013-04-20,2012-13,Fulham,Arsenal,1.0,1.4,7.8,4.0,7.0,2.2,0.6,13.8,8.8,13.0,A
4889,2013-04-20,2012-13,Norwich,Reading,0.8,1.4,7.2,4.8,3.0,0.4,1.8,6.8,3.0,1.0,H
4890,2013-04-20,2012-13,QPR,Stoke,1.6,2.0,13.2,7.4,4.0,0.4,1.6,9.8,4.0,1.0,A
4891,2013-04-20,2012-13,Sunderland,Everton,1.2,1.4,9.4,5.0,4.0,1.4,0.4,11.8,6.8,11.0,H
4892,2013-04-20,2012-13,Swansea,Southampton,1.0,1.6,11.0,5.0,4.0,1.6,0.6,14.4,8.4,11.0,D
4893,2013-04-20,2012-13,West Ham,Wigan,1.2,1.2,11.0,5.8,6.0,0.8,1.4,13.0,8.6,7.0,H
4894,2013-04-21,2012-13,Tottenham,Man City,1.6,1.6,13.2,7.4,7.0,1.6,0.6,15.0,8.6,12.0,H
4895,2013-04-21,2012-13,Liverpool,Chelsea,1.2,1.2,15.8,9.8,8.0,1.8,0.6,16.6,10.8,12.0,D
4896,2013-04-22,2012-13,Man United,Aston Villa,1.4,0.8,13.4,6.6,10.0,2.0,1.4,12.8,7.0,10.0,H
4897,2013-04-27,2012-13,Everton,Fulham,1.0,0.6,11.2,6.8,8.0,0.8,1.6,8.0,4.6,4.0,H
4898,2013-04-27,2012-13,Man City,West Ham,1.6,1.2,13.2,7.6,9.0,1.6,0.8,11.4,6.2,9.0,H
4899,2013-04-27,2012-13,Newcastle,Liverpool,0.6,2.0,11.8,6.0,4.0,1.0,1.2,18.4,11.4,6.0,A
4900,2013-04-27,2012-13,Southampton,West Brom,1.6,0.6,13.2,8.0,11.0,1.0,1.4,12.4,6.2,5.0,A
4901,2013-04-27,2012-13,Stoke,Norwich,0.6,1.2,10.6,4.0,4.0,1.2,1.6,10.4,6.2,5.0,H
4902,2013-04-27,2012-13,Wigan,Tottenham,0.8,1.0,13.6,8.4,7.0,1.8,1.6,13.2,8.0,7.0,D
4903,2013-04-28,2012-13,Arsenal,Man United,2.0,0.6,12.8,8.0,13.0,1.8,0.8,12.0,6.0,10.0,D
4904,2013-04-28,2012-13,Chelsea,Swansea,2.0,1.0,13.4,8.2,10.0,0.8,1.6,11.8,5.0,2.0,H
4905,2013-04-28,2012-13,Reading,QPR,0.4,1.8,7.6,3.4,1.0,1.0,2.2,15.2,8.0,1.0,D
4906,2013-04-29,2012-13,Aston Villa,Sunderland,1.6,1.8,10.8,6.6,7.0,1.2,0.8,9.6,5.2,7.0,H
4907,2013-05-04,2012-13,West Brom,Wigan,1.2,1.2,12.2,6.8,5.0,0.8,1.2,12.2,7.2,5.0,A
4908,2013-05-04,2012-13,West Ham,Newcastle,1.2,1.0,10.4,5.8,6.0,0.4,2.8,11.0,5.4,4.0,D
4909,2013-05-04,2012-13,Swansea,Man City,0.6,1.6,12.2,5.8,2.0,2.0,1.0,13.0,7.4,12.0,D
4910,2013-05-04,2012-13,Tottenham,Southampton,1.8,1.4,13.0,7.6,8.0,1.0,1.0,13.0,6.4,8.0,H
4911,2013-05-04,2012-13,Norwich,Aston Villa,1.0,1.6,10.0,5.6,4.0,2.2,1.6,12.4,8.4,7.0,A
4912,2013-05-04,2012-13,Fulham,Reading,0.2,1.4,7.4,4.0,1.0,0.4,1.6,9.2,4.6,2.0,A
4913,2013-05-04,2012-13,QPR,Arsenal,0.6,1.6,14.6,6.8,2.0,1.4,0.6,12.0,7.8,11.0,A
4914,2013-05-05,2012-13,Liverpool,Everton,2.0,0.6,19.0,12.2,9.0,1.0,0.6,11.6,7.0,8.0,D
4915,2013-05-05,2012-13,Man United,Chelsea,1.8,1.0,12.0,5.8,8.0,2.0,1.0,12.8,8.2,10.0,A
4916,2013-05-06,2012-13,Sunderland,Stoke,1.2,1.8,7.8,4.4,6.0,0.8,1.2,10.4,3.8,6.0,D
4917,2013-05-07,2012-13,Man City,West Brom,1.2,1.0,11.6,6.8,10.0,1.6,1.8,13.8,8.0,4.0,H
4918,2013-05-07,2012-13,Wigan,Swansea,1.2,1.6,12.2,7.6,5.0,0.6,1.2,11.8,5.6,3.0,A
4919,2013-05-08,2012-13,Chelsea,Tottenham,2.0,0.6,14.4,8.6,13.0,2.0,1.2,12.0,7.2,11.0,D
4920,2013-05-11,2012-13,Aston Villa,Chelsea,2.4,1.4,12.8,8.2,10.0,2.0,0.8,14.6,8.8,11.0,A
4921,2013-05-12,2012-13,QPR,Newcastle,0.2,1.2,13.6,5.8,2.0,0.4,2.0,12.2,6.4,5.0,A
4922,2013-05-12,2012-13,Norwich,West Brom,1.2,1.8,10.0,5.4,4.0,1.4,1.4,14.4,8.0,4.0,H
4923,2013-05-12,2012-13,Stoke,Tottenham,1.0,1.2,10.6,4.2,7.0,2.0,1.4,12.8,7.0,9.0,A
4924,2013-05-12,2012-13,Fulham,Liverpool,0.6,2.0,10.0,6.0,1.0,1.6,0.4,19.0,11.4,7.0,A
4925,2013-05-12,2012-13,Everton,West Ham,0.6,0.2,12.0,6.8,8.0,1.2,1.0,10.2,5.6,6.0,H
4926,2013-05-12,2012-13,Man United,Swansea,1.6,0.8,10.8,5.2,8.0,1.0,1.2,11.6,6.2,6.0,H
4927,2013-05-12,2012-13,Sunderland,Southampton,1.4,1.8,8.8,5.0,7.0,0.6,1.0,12.4,6.0,5.0,D
4928,2013-05-14,2012-13,Reading,Man City,1.0,1.2,12.4,6.8,5.0,1.0,0.8,14.0,7.6,10.0,A
4929,2013-05-14,2012-13,Arsenal,Wigan,1.2,0.4,12.4,8.8,11.0,1.4,2.0,11.8,7.8,4.0,H
4930,2013-05-19,2012-13,West Brom,Man United,1.2,1.8,12.8,8.0,4.0,1.6,1.0,12.2,6.4,8.0,D
4931,2013-05-19,2012-13,Tottenham,Sunderland,2.0,1.2,13.6,8.0,11.0,1.4,1.6,8.4,5.4,8.0,H
4932,2013-05-19,2012-13,West Ham,Reading,1.0,1.2,10.4,5.2,5.0,1.0,1.2,13.0,7.6,5.0,H
4933,2013-05-19,2012-13,Swansea,Fulham,0.8,1.2,9.4,4.8,5.0,0.6,2.4,10.4,7.0,0.0,A
4934,2013-05-19,2012-13,Wigan,Aston Villa,1.6,2.6,12.2,7.6,4.0,2.0,1.6,13.0,8.0,7.0,D
4935,2013-05-19,2012-13,Newcastle,Arsenal,0.6,2.2,10.2,5.8,5.0,1.4,0.4,14.2,9.8,11.0,A
4936,2013-05-19,2012-13,Man City,Norwich,1.2,0.8,17.4,10.8,10.0,1.6,1.4,9.8,5.2,6.0,A
4937,2013-05-19,2012-13,Liverpool,QPR,2.2,0.6,19.2,11.8,9.0,0.2,1.4,14.0,6.0,1.0,H
4938,2013-05-19,2012-13,Chelsea,Everton,1.8,1.0,14.2,8.4,11.0,0.6,0.2,13.8,7.4,8.0,H
4939,2013-05-19,2012-13,Southampton,Stoke,0.4,1.2,13.0,7.2,3.0,1.0,1.0,10.6,4.4,7.0,D
4941,2013-08-17,2013-14,West Brom,Southampton,2.0,2.6,14.2,8.8,4.0,0.4,1.2,12.2,6.4,3.0,A
4942,2013-08-17,2013-14,Sunderland,Fulham,0.8,1.8,8.0,4.8,5.0,1.2,1.8,9.8,6.8,3.0,A
4943,2013-08-17,2013-14,Swansea,Man United,0.8,1.8,10.4,5.6,4.0,2.2,1.6,11.6,6.2,8.0,A
4944,2013-08-17,2013-14,Liverpool,Stoke,2.4,0.6,19.4,12.8,11.0,1.2,0.8,9.4,4.2,8.0,H
4945,2013-08-17,2013-14,Arsenal,Aston Villa,1.6,0.4,14.0,9.2,13.0,2.2,1.8,11.0,7.0,7.0,A
4946,2013-08-17,2013-14,Norwich,Everton,2.0,1.2,11.2,5.6,9.0,0.8,0.6,15.0,8.2,7.0,D
4947,2013-08-18,2013-14,Chelsea,Hull,1.8,0.8,16.4,9.2,13.0,0.4,1.0,11.2,6.2,3.0,H
4948,2013-08-18,2013-14,Crystal Palace,Tottenham,1.0,1.0,8.0,4.2,6.0,1.6,1.0,16.0,10.2,11.0,A
4949,2013-08-19,2013-14,Man City,Newcastle,1.4,0.8,17.6,10.4,10.0,0.6,1.8,8.6,4.4,5.0,H
4950,2013-08-21,2013-14,Chelsea,Aston Villa,1.8,0.8,16.6,7.4,13.0,2.8,1.4,11.2,6.8,10.0,H
4951,2013-08-24,2013-14,Southampton,Sunderland,0.6,1.2,11.8,5.8,5.0,0.6,2.0,10.4,4.6,2.0,D
4952,2013-08-24,2013-14,Stoke,Crystal Palace,0.8,1.0,9.2,4.2,5.0,1.0,1.0,8.2,4.2,6.0,H
4953,2013-08-24,2013-14,Newcastle,West Ham,0.4,2.4,7.6,3.4,4.0,1.4,1.2,12.8,5.4,7.0,D
4954,2013-08-24,2013-14,Fulham,Arsenal,1.4,1.6,9.4,6.0,6.0,1.6,1.0,15.2,8.6,10.0,A
4955,2013-08-24,2013-14,Everton,West Brom,1.2,0.8,17.2,8.4,8.0,1.4,2.8,14.2,7.2,1.0,D
4956,2013-08-24,2013-14,Aston Villa,Liverpool,1.8,1.6,9.0,4.4,7.0,2.2,0.2,20.0,12.6,13.0,A
4957,2013-08-24,2013-14,Hull,Norwich,0.4,1.4,10.4,5.8,2.0,2.0,1.4,9.0,4.2,7.0,H
4959,2013-08-25,2013-14,Tottenham,Swansea,1.4,0.6,16.6,9.2,13.0,1.0,2.2,11.6,5.2,4.0,H
4960,2013-08-26,2013-14,Man United,Chelsea,2.4,1.8,12.6,6.6,8.0,2.0,1.0,16.6,6.8,13.0,D
4961,2013-08-31,2013-14,Man City,Hull,2.2,1.2,19.2,10.0,9.0,0.6,1.0,8.8,4.0,5.0,H
4963,2013-08-31,2013-14,Crystal Palace,Sunderland,1.0,1.4,9.8,4.6,3.0,0.6,1.0,10.6,4.4,3.0,H
4964,2013-08-31,2013-14,Newcastle,Fulham,0.4,1.2,9.8,3.2,5.0,1.6,2.0,11.4,7.0,6.0,H
4965,2013-08-31,2013-14,Norwich,Southampton,2.0,1.4,10.6,5.0,7.0,0.8,0.8,12.0,6.2,6.0,H
4966,2013-08-31,2013-14,West Ham,Stoke,1.2,0.8,12.2,4.4,8.0,1.0,1.2,9.6,4.4,5.0,A
4967,2013-09-01,2013-14,Arsenal,Tottenham,2.0,1.0,15.0,7.4,12.0,1.4,0.6,19.0,9.4,13.0,H
4968,2013-09-01,2013-14,Liverpool,Man United,1.2,0.2,18.8,10.8,13.0,2.2,1.6,13.2,6.2,8.0,H
4969,2013-09-01,2013-14,West Brom,Swansea,1.0,2.2,12.2,5.4,2.0,1.0,2.4,11.6,6.0,3.0,A
4970,2013-09-14,2013-14,Sunderland,Arsenal,0.6,1.4,9.8,3.4,2.0,2.0,1.0,14.8,6.2,12.0,A
4971,2013-09-14,2013-14,Tottenham,Norwich,1.0,0.4,19.2,9.0,12.0,2.0,1.0,11.8,5.0,10.0,H
4972,2013-09-14,2013-14,Stoke,Man City,1.0,1.0,10.4,4.0,7.0,2.4,1.2,17.4,9.4,9.0,D
4973,2013-09-14,2013-14,Man United,Crystal Palace,2.2,1.6,13.2,6.2,8.0,1.6,1.6,11.8,5.2,5.0,H
4975,2013-09-14,2013-14,Fulham,West Brom,1.2,1.4,8.4,4.8,6.0,1.0,2.4,10.2,3.4,2.0,D
4976,2013-09-14,2013-14,Everton,Chelsea,1.0,0.8,18.6,7.8,6.0,1.6,0.6,15.2,6.0,13.0,H
4977,2013-09-14,2013-14,Aston Villa,Newcastle,1.4,1.6,10.0,3.8,4.0,0.6,1.2,12.4,3.8,7.0,A
4978,2013-09-15,2013-14,Southampton,West Ham,0.8,0.8,12.2,5.4,6.0,1.2,1.0,12.2,3.8,7.0,D
4979,2013-09-16,2013-14,Swansea,Liverpool,0.8,2.0,12.0,5.6,3.0,1.4,0.2,17.6,10.2,15.0,D
4980,2013-09-21,2013-14,West Ham,Everton,1.2,0.6,12.0,3.6,8.0,0.8,0.8,16.2,6.2,6.0,A
4981,2013-09-21,2013-14,West Brom,Sunderland,1.2,1.8,11.0,3.2,3.0,0.6,1.8,12.2,2.8,1.0,H
4982,2013-09-21,2013-14,Norwich,Aston Villa,1.2,1.4,10.4,3.6,7.0,1.4,1.6,9.6,2.6,4.0,A
4983,2013-09-21,2013-14,Liverpool,Southampton,1.2,0.4,16.0,8.4,13.0,0.6,0.6,12.2,4.4,6.0,A
4984,2013-09-21,2013-14,Chelsea,Fulham,1.2,0.6,17.4,5.4,10.0,1.2,1.0,8.8,3.6,7.0,H
4985,2013-09-21,2013-14,Newcastle,Hull,0.6,1.2,13.8,4.0,7.0,0.4,1.0,9.8,3.2,5.0,A
4986,2013-09-22,2013-14,Arsenal,Stoke,1.8,1.0,13.8,5.0,12.0,0.8,0.6,11.4,4.0,8.0,H
4988,2013-09-22,2013-14,Crystal Palace,Swansea,1.2,1.6,9.8,4.0,4.0,1.0,2.0,14.4,6.8,4.0,A
4989,2013-09-22,2013-14,Man City,Man United,2.0,1.2,14.0,6.0,7.0,2.2,1.4,13.8,5.8,8.0,H
4990,2013-09-28,2013-14,Southampton,Crystal Palace,0.6,0.4,12.4,4.4,8.0,0.8,1.6,9.8,3.0,3.0,H
4991,2013-09-28,2013-14,Tottenham,Chelsea,1.0,0.2,20.4,6.0,12.0,1.2,0.4,18.6,5.4,10.0,D
4992,2013-09-28,2013-14,Swansea,Arsenal,1.4,1.4,13.6,6.0,7.0,2.2,1.2,15.2,6.0,12.0,A
4993,2013-09-28,2013-14,Man United,West Brom,1.4,1.2,14.2,4.8,7.0,0.8,0.8,10.6,2.4,5.0,A
4994,2013-09-28,2013-14,Hull,West Ham,1.0,1.4,10.0,3.0,7.0,0.8,0.8,9.6,1.4,5.0,H
4995,2013-09-28,2013-14,Fulham,Cardiff,0.6,1.4,8.0,2.6,4.0,0.8,1.2,8.2,2.0,5.0,A
4996,2013-09-28,2013-14,Aston Villa,Man City,1.2,1.2,11.8,3.0,6.0,2.4,0.8,15.2,6.0,10.0,H
4997,2013-09-29,2013-14,Stoke,Norwich,0.8,1.0,11.8,4.0,7.0,0.6,1.2,10.4,2.4,4.0,A
4998,2013-09-29,2013-14,Sunderland,Liverpool,0.6,2.2,12.4,2.0,1.0,1.0,0.6,12.6,5.4,10.0,A
4999,2013-09-30,2013-14,Everton,Newcastle,1.2,0.8,15.0,5.2,9.0,1.0,1.6,15.4,4.0,7.0,H
5000,2013-10-05,2013-14,Cardiff,Newcastle,1.2,1.0,10.2,2.6,8.0,1.4,1.4,17.4,5.0,7.0,A
5001,2013-10-05,2013-14,Fulham,Stoke,0.6,1.8,8.8,3.4,1.0,0.8,1.0,11.4,3.4,7.0,H
5002,2013-10-05,2013-14,Hull,Aston Villa,1.2,1.0,10.4,3.0,10.0,1.2,1.4,11.6,3.0,6.0,D
5003,2013-10-05,2013-14,Liverpool,Crystal Palace,1.4,0.8,10.4,4.4,10.0,0.8,1.8,10.4,2.4,3.0,H
5004,2013-10-05,2013-14,Man City,Everton,2.0,1.4,15.2,5.2,7.0,1.4,0.8,14.8,5.4,11.0,H
5005,2013-10-05,2013-14,Sunderland,Man United,0.8,2.6,13.0,2.4,1.0,0.8,1.4,14.0,4.6,4.0,A
5006,2013-10-06,2013-14,Norwich,Chelsea,0.4,0.8,10.4,2.6,6.0,1.0,0.6,16.4,5.4,8.0,A
5007,2013-10-06,2013-14,Southampton,Swansea,0.8,0.4,13.4,4.6,8.0,1.4,1.0,12.2,5.4,7.0,H
5008,2013-10-06,2013-14,Tottenham,West Ham,1.0,0.4,19.4,6.4,10.0,0.4,1.0,9.6,1.6,2.0,A
5009,2013-10-06,2013-14,West Brom,Arsenal,1.2,0.8,10.8,3.0,8.0,2.4,0.8,14.0,6.0,15.0,D
5010,2013-10-19,2013-14,Swansea,Sunderland,1.4,1.2,14.2,5.8,7.0,0.8,2.8,12.6,2.2,0.0,H
5011,2013-10-19,2013-14,Stoke,West Brom,0.4,1.0,11.8,3.0,4.0,1.4,1.0,11.8,3.4,8.0,D
5012,2013-10-19,2013-14,West Ham,Man City,1.0,1.0,11.6,2.4,4.0,2.2,1.0,14.4,5.4,10.0,A
5013,2013-10-19,2013-14,Newcastle,Liverpool,1.8,1.6,18.2,7.0,9.0,1.8,1.0,12.0,5.6,10.0,D
5014,2013-10-19,2013-14,Arsenal,Norwich,2.0,0.8,13.2,5.6,13.0,0.6,1.2,10.6,2.4,6.0,H
5015,2013-10-19,2013-14,Everton,Hull,1.6,1.4,11.6,4.6,10.0,1.0,1.0,10.4,3.0,8.0,H
5016,2013-10-19,2013-14,Chelsea,Cardiff,1.2,0.6,17.8,6.4,8.0,0.8,1.0,10.0,1.8,5.0,H
5017,2013-10-19,2013-14,Man United,Southampton,1.2,1.6,14.0,5.2,6.0,1.0,0.2,12.4,4.2,10.0,D
5018,2013-10-20,2013-14,Aston Villa,Tottenham,1.0,1.0,13.8,3.2,7.0,0.8,1.0,18.4,6.2,7.0,A
5019,2013-10-21,2013-14,Crystal Palace,Fulham,0.8,2.0,9.8,1.8,3.0,0.6,1.2,7.4,2.4,4.0,A
5020,2013-10-26,2013-14,Southampton,Fulham,1.2,0.2,13.8,5.2,11.0,1.4,1.2,8.6,3.2,7.0,H
5021,2013-10-26,2013-14,Man United,Stoke,1.4,1.6,14.4,5.4,7.0,0.2,1.0,10.6,2.6,2.0,H
5022,2013-10-26,2013-14,Norwich,Cardiff,0.6,2.0,10.0,2.8,3.0,1.0,1.8,11.8,2.2,4.0,D
5023,2013-10-26,2013-14,Crystal Palace,Arsenal,0.4,2.6,9.2,1.4,0.0,2.6,1.0,14.8,6.8,13.0,A
5024,2013-10-26,2013-14,Aston Villa,Everton,1.0,1.2,13.4,3.0,7.0,2.0,1.6,11.8,5.2,12.0,A
5025,2013-10-26,2013-14,Liverpool,West Brom,2.0,1.4,14.6,6.0,8.0,1.4,0.6,12.2,4.2,9.0,H
5026,2013-10-27,2013-14,Chelsea,Man City,2.0,0.8,20.2,7.0,10.0,2.4,1.2,15.2,6.0,10.0,H
5027,2013-10-27,2013-14,Sunderland,Newcastle,0.6,3.0,11.8,2.0,0.0,2.0,2.0,16.2,6.0,7.0,H
5028,2013-10-27,2013-14,Swansea,West Ham,1.8,1.2,14.6,6.2,7.0,1.2,1.4,12.0,2.8,4.0,D
5029,2013-10-27,2013-14,Tottenham,Hull,1.2,0.8,18.2,6.6,10.0,1.2,1.0,10.8,2.8,8.0,H
5030,2013-11-02,2013-14,Stoke,Southampton,0.6,1.6,10.4,3.0,1.0,1.6,0.2,14.8,5.4,13.0,D
5031,2013-11-02,2013-14,West Ham,Aston Villa,1.2,1.4,13.8,3.4,4.0,0.8,1.2,14.2,3.4,7.0,D
5032,2013-11-02,2013-14,West Brom,Crystal Palace,1.4,1.2,12.8,4.0,8.0,0.4,2.6,11.0,2.2,0.0,H
5033,2013-11-02,2013-14,Newcastle,Chelsea,1.8,2.2,16.0,5.2,4.0,2.4,0.8,18.2,6.8,13.0,H
5034,2013-11-02,2013-14,Man City,Norwich,2.6,1.6,16.2,6.6,9.0,0.6,1.6,15.4,4.6,4.0,H
5035,2013-11-02,2013-14,Hull,Sunderland,1.0,1.0,9.2,2.6,7.0,0.8,2.6,10.0,2.4,3.0,H
5036,2013-11-02,2013-14,Fulham,Man United,1.2,1.4,6.4,2.8,6.0,1.6,2.0,14.4,5.0,7.0,A
5037,2013-11-02,2013-14,Arsenal,Liverpool,2.4,0.8,14.0,6.4,13.0,2.4,1.2,15.8,6.4,10.0,H
5038,2013-11-03,2013-14,Cardiff,Swansea,0.8,1.6,11.0,2.6,4.0,1.4,0.8,13.2,5.6,7.0,H
5039,2013-11-03,2013-14,Everton,Tottenham,2.2,1.6,12.6,5.0,12.0,1.0,0.8,16.6,6.4,10.0,D
5040,2013-11-09,2013-14,Southampton,Hull,1.6,0.4,14.4,4.4,11.0,0.6,0.6,11.8,2.0,7.0,H
5041,2013-11-09,2013-14,Norwich,West Ham,0.6,2.8,14.4,4.6,4.0,0.8,0.8,15.4,4.0,5.0,H
5042,2013-11-09,2013-14,Liverpool,Fulham,2.4,1.4,16.2,6.2,10.0,1.4,1.6,8.6,3.8,6.0,H
5043,2013-11-09,2013-14,Chelsea,West Brom,2.0,1.2,15.6,5.2,10.0,1.2,1.2,12.0,4.0,8.0,D
5044,2013-11-09,2013-14,Aston Villa,Cardiff,0.6,1.2,12.6,3.0,5.0,1.0,1.4,11.6,3.2,7.0,H
5045,2013-11-09,2013-14,Crystal Palace,Everton,0.4,2.6,11.6,2.8,0.0,1.6,1.2,12.2,4.4,10.0,D
5046,2013-11-10,2013-14,Man United,Arsenal,2.0,1.4,13.6,5.2,10.0,2.2,0.6,13.2,6.2,13.0,H
5047,2013-11-10,2013-14,Sunderland,Man City,0.8,2.2,10.4,2.6,3.0,3.2,1.4,18.0,7.4,9.0,H
5048,2013-11-10,2013-14,Swansea,Stoke,1.0,1.0,12.2,4.8,4.0,0.6,1.2,10.4,3.0,2.0,D
5049,2013-11-10,2013-14,Tottenham,Newcastle,0.8,0.8,14.0,5.2,8.0,1.8,1.6,16.0,6.4,7.0,A
5050,2013-11-23,2013-14,Stoke,Sunderland,1.2,1.6,10.0,3.4,3.0,0.8,1.6,6.8,2.0,6.0,H
5051,2013-11-23,2013-14,West Ham,Chelsea,1.0,1.2,14.2,3.8,5.0,2.2,1.4,16.8,5.6,10.0,A
5052,2013-11-23,2013-14,Newcastle,Norwich,1.6,1.0,14.6,6.0,10.0,1.0,3.0,15.8,5.2,4.0,H
5053,2013-11-23,2013-14,Arsenal,Southampton,1.8,0.6,13.2,5.8,10.0,2.0,0.6,15.0,5.2,11.0,H
5054,2013-11-23,2013-14,Fulham,Swansea,1.2,2.0,7.6,3.0,6.0,1.4,1.2,13.6,5.4,5.0,A
5055,2013-11-23,2013-14,Everton,Liverpool,1.0,0.8,11.6,3.4,8.0,2.6,1.2,19.6,7.0,10.0,D
5056,2013-11-23,2013-14,Hull,Crystal Palace,0.6,1.4,12.0,2.0,4.0,0.4,2.2,11.8,3.2,1.0,A
5057,2013-11-24,2013-14,Cardiff,Man United,0.6,1.6,8.8,2.8,4.0,2.0,1.0,11.8,4.4,13.0,D
5058,2013-11-24,2013-14,Man City,Tottenham,2.8,1.0,18.8,6.8,9.0,0.6,0.8,17.8,7.2,7.0,H
5059,2013-11-25,2013-14,West Brom,Aston Villa,1.2,1.4,11.8,3.8,6.0,0.4,0.8,14.4,3.4,5.0,D
5060,2013-11-30,2013-14,Aston Villa,Sunderland,0.8,1.2,13.8,4.0,5.0,0.6,1.6,7.8,2.2,6.0,D
5061,2013-11-30,2013-14,Cardiff,Arsenal,0.8,1.6,10.0,3.2,5.0,2.0,0.4,12.2,5.6,12.0,A
5062,2013-11-30,2013-14,Everton,Stoke,1.4,0.8,14.0,5.0,9.0,1.6,1.4,10.2,3.8,6.0,H
5063,2013-11-30,2013-14,Newcastle,West Brom,1.6,1.0,14.8,5.0,10.0,1.4,1.6,11.6,3.8,6.0,H
5064,2013-11-30,2013-14,Norwich,Crystal Palace,1.0,2.8,15.0,5.0,4.0,0.4,1.6,11.4,3.2,4.0,H
5065,2013-11-30,2013-14,West Ham,Fulham,0.4,1.8,12.6,3.0,2.0,1.2,2.4,7.6,3.2,3.0,H
5066,2013-12-01,2013-14,Chelsea,Southampton,2.2,1.2,16.4,5.6,10.0,1.6,1.0,14.6,5.2,8.0,H
5067,2013-12-01,2013-14,Hull,Liverpool,0.6,1.6,13.8,2.2,3.0,2.6,1.6,19.2,6.6,8.0,H
5068,2013-12-01,2013-14,Man City,Swansea,3.4,0.8,19.4,7.6,9.0,1.8,1.0,14.4,5.0,8.0,H
5069,2013-12-01,2013-14,Tottenham,Man United,0.6,1.4,17.6,7.4,7.0,2.0,1.2,12.4,4.2,11.0,D
5070,2013-12-03,2013-14,Crystal Palace,West Ham,0.2,1.0,11.2,3.0,4.0,0.8,1.2,15.0,5.0,5.0,H
5071,2013-12-04,2013-14,Arsenal,Hull,1.8,0.2,11.2,4.6,12.0,1.0,1.4,14.4,2.8,6.0,H
5072,2013-12-04,2013-14,Fulham,Tottenham,0.4,2.8,7.8,2.0,0.0,0.6,1.8,17.0,7.0,5.0,A
5073,2013-12-04,2013-14,Liverpool,Norwich,2.4,1.8,16.4,6.0,7.0,1.0,2.0,14.6,4.4,7.0,H
5074,2013-12-04,2013-14,Man United,Everton,2.2,1.4,11.6,3.8,11.0,1.8,0.6,15.6,6.2,9.0,A
5075,2013-12-04,2013-14,Southampton,Aston Villa,1.6,1.4,12.8,4.0,7.0,0.8,0.8,13.4,4.4,6.0,A
5076,2013-12-04,2013-14,Stoke,Cardiff,1.6,2.2,9.2,3.8,5.0,0.6,1.4,9.4,3.4,5.0,D
5077,2013-12-04,2013-14,Sunderland,Chelsea,0.6,0.8,8.0,2.2,7.0,2.0,1.2,15.6,5.6,10.0,A
5078,2013-12-04,2013-14,Swansea,Newcastle,1.0,1.6,13.4,4.6,5.0,1.6,0.8,14.8,5.4,12.0,H
5079,2013-12-04,2013-14,West Brom,Man City,1.6,2.0,12.0,3.0,5.0,3.4,0.6,20.6,7.2,9.0,A
5080,2013-12-07,2013-14,Crystal Palace,Cardiff,0.4,0.6,10.6,3.2,7.0,0.6,1.4,11.0,3.2,5.0,H
5081,2013-12-07,2013-14,Liverpool,West Ham,2.6,1.8,18.4,7.0,7.0,0.8,1.4,14.2,4.6,4.0,H
5082,2013-12-07,2013-14,Man United,Newcastle,1.6,1.2,11.4,4.0,8.0,1.4,1.0,14.4,5.2,12.0,A
5083,2013-12-07,2013-14,Southampton,Man City,1.6,2.0,13.0,4.6,4.0,3.8,0.6,20.6,7.0,12.0,D
5084,2013-12-07,2013-14,Stoke,Chelsea,1.2,1.6,10.6,3.2,6.0,2.4,1.6,17.0,5.8,10.0,H
5085,2013-12-07,2013-14,Sunderland,Tottenham,0.8,1.4,8.8,2.0,4.0,0.8,2.0,17.6,6.8,5.0,A
5086,2013-12-07,2013-14,West Brom,Norwich,1.8,1.8,11.4,2.6,5.0,1.2,3.0,11.2,3.4,6.0,A
5087,2013-12-08,2013-14,Fulham,Aston Villa,0.6,2.8,10.8,3.2,0.0,1.4,0.8,11.8,4.4,9.0,H
5088,2013-12-08,2013-14,Arsenal,Everton,1.8,0.2,13.2,5.2,12.0,1.6,0.6,15.6,6.2,9.0,D
5089,2013-12-09,2013-14,Swansea,Hull,1.6,1.6,14.0,4.6,7.0,1.0,1.6,13.8,2.4,6.0,D
5090,2013-12-14,2013-14,Cardiff,West Brom,0.4,1.8,11.2,3.0,2.0,1.4,2.2,14.8,4.2,2.0,H
5091,2013-12-14,2013-14,Chelsea,Crystal Palace,2.8,1.8,17.4,6.6,10.0,0.8,0.2,12.0,3.4,10.0,H
5092,2013-12-14,2013-14,Everton,Fulham,1.8,0.8,16.4,6.8,9.0,0.8,2.2,12.2,4.0,3.0,H
5093,2013-12-14,2013-14,Hull,Stoke,1.0,1.8,10.6,2.4,4.0,1.6,1.8,10.6,3.2,8.0,D
5094,2013-12-14,2013-14,Man City,Arsenal,2.6,0.8,17.8,5.8,10.0,1.6,0.4,13.0,4.8,10.0,H
5095,2013-12-14,2013-14,Newcastle,Southampton,1.2,1.0,13.2,4.2,12.0,1.6,2.0,14.0,5.0,4.0,D
5096,2013-12-14,2013-14,West Ham,Sunderland,1.0,2.2,12.4,4.0,3.0,1.0,1.6,9.2,2.6,4.0,D
5097,2013-12-15,2013-14,Aston Villa,Man United,1.4,1.2,12.2,4.4,8.0,1.0,1.2,11.0,4.0,5.0,A
5098,2013-12-15,2013-14,Norwich,Swansea,1.6,1.6,11.4,3.8,9.0,1.8,1.6,14.2,4.4,8.0,D
5099,2013-12-15,2013-14,Tottenham,Liverpool,1.2,2.2,18.8,6.6,7.0,3.4,1.6,22.4,8.0,10.0,A
5100,2013-12-21,2013-14,West Brom,Hull,1.0,2.0,15.0,4.0,1.0,0.8,1.0,11.2,2.8,5.0,D
5101,2013-12-21,2013-14,Sunderland,Norwich,0.8,1.6,12.0,3.4,2.0,1.2,1.6,11.6,3.2,7.0,D
5102,2013-12-21,2013-14,Man United,West Ham,1.4,1.2,12.8,4.6,5.0,0.8,1.6,12.2,3.6,4.0,H
5103,2013-12-21,2013-14,Stoke,Aston Villa,1.0,1.2,11.6,3.0,8.0,1.0,1.8,12.2,4.4,5.0,H
5104,2013-12-21,2013-14,Fulham,Man City,1.0,2.2,14.6,4.4,3.0,3.8,1.2,17.4,6.4,13.0,A
5105,2013-12-21,2013-14,Crystal Palace,Newcastle,1.0,0.6,12.2,4.0,9.0,1.2,1.2,14.8,4.4,10.0,A
5106,2013-12-21,2013-14,Liverpool,Cardiff,3.6,1.6,20.2,8.0,10.0,0.6,1.4,11.8,3.2,5.0,H
5107,2013-12-22,2013-14,Southampton,Tottenham,1.0,2.0,12.6,4.2,2.0,1.2,3.0,14.4,3.8,7.0,A
5108,2013-12-22,2013-14,Swansea,Everton,1.4,1.2,12.8,3.6,8.0,2.6,1.0,17.8,7.8,11.0,A
5109,2013-12-23,2013-14,Arsenal,Chelsea,2.2,1.4,13.4,5.6,10.0,2.8,1.6,17.2,6.6,12.0,D
5110,2013-12-26,2013-14,Chelsea,Swansea,2.2,1.6,15.8,5.8,10.0,1.2,1.4,11.2,3.2,5.0,H
5111,2013-12-26,2013-14,Aston Villa,Crystal Palace,0.8,1.8,12.0,3.8,4.0,0.8,1.2,12.2,4.4,6.0,A
5112,2013-12-26,2013-14,Cardiff,Southampton,0.4,1.6,11.0,3.0,4.0,1.4,2.2,13.0,4.4,2.0,A
5113,2013-12-26,2013-14,Everton,Sunderland,2.4,0.6,17.0,6.6,13.0,0.8,1.2,13.4,3.6,3.0,A
5114,2013-12-26,2013-14,Hull,Man United,1.0,1.0,9.4,3.0,6.0,1.6,1.0,13.8,5.2,7.0,A
5115,2013-12-26,2013-14,Man City,Liverpool,3.4,1.6,17.8,6.4,13.0,3.6,1.2,23.4,8.4,12.0,H
5116,2013-12-26,2013-14,Newcastle,Stoke,1.4,1.0,13.2,4.6,10.0,1.0,1.4,10.6,2.4,8.0,H
5117,2013-12-26,2013-14,Norwich,Fulham,1.0,1.2,12.4,3.8,8.0,1.2,2.6,15.2,4.8,3.0,A
5118,2013-12-26,2013-14,Tottenham,West Brom,1.8,2.2,14.4,3.4,10.0,0.8,1.8,15.6,3.8,1.0,D
5119,2013-12-26,2013-14,West Ham,Arsenal,1.0,1.6,11.4,3.6,4.0,1.8,1.4,13.0,5.2,8.0,A
5120,2013-12-28,2013-14,West Ham,West Brom,0.6,2.2,9.2,2.2,1.0,0.8,1.6,14.2,4.4,2.0,D
5121,2013-12-28,2013-14,Man City,Crystal Palace,3.2,1.8,17.4,6.2,13.0,1.0,1.0,12.0,5.2,9.0,H
5122,2013-12-28,2013-14,Norwich,Man United,1.0,1.6,12.8,3.8,5.0,1.8,1.0,14.8,5.4,9.0,A
5123,2013-12-28,2013-14,Cardiff,Sunderland,0.4,1.6,10.8,2.2,4.0,1.0,1.2,14.6,4.6,5.0,D
5124,2013-12-28,2013-14,Aston Villa,Swansea,0.8,2.0,11.4,3.8,3.0,1.2,1.0,11.0,2.6,5.0,D
5125,2013-12-28,2013-14,Hull,Fulham,0.8,1.4,10.4,3.2,3.0,1.6,2.2,16.2,6.2,6.0,H
5126,2013-12-29,2013-14,Chelsea,Liverpool,1.8,1.4,16.4,5.8,10.0,3.6,1.0,24.0,8.6,12.0,H
5127,2013-12-29,2013-14,Everton,Southampton,1.6,0.8,17.8,6.0,10.0,1.8,1.6,13.4,5.4,5.0,H
5128,2013-12-29,2013-14,Newcastle,Arsenal,2.0,1.0,15.8,5.0,10.0,1.8,1.6,15.8,5.6,8.0,A
5129,2013-12-29,2013-14,Tottenham,Stoke,1.6,2.0,16.4,3.2,10.0,1.2,1.6,12.0,2.4,8.0,H
5130,2014-01-01,2013-14,West Brom,Newcastle,1.0,1.6,16.2,5.6,3.0,2.0,0.6,15.2,5.0,10.0,H
5131,2014-01-01,2013-14,Swansea,Man City,0.8,1.2,11.8,2.2,3.0,2.8,1.4,19.0,6.0,13.0,A
5132,2014-01-01,2013-14,Sunderland,Aston Villa,0.8,0.8,16.4,5.8,6.0,0.4,1.8,11.6,3.8,1.0,A
5133,2014-01-01,2013-14,Stoke,Everton,1.2,2.2,9.0,2.2,7.0,1.8,1.0,16.6,6.0,10.0,D
5134,2014-01-01,2013-14,Southampton,Chelsea,1.6,1.4,11.6,4.0,5.0,1.4,1.0,14.8,5.8,10.0,A
5135,2014-01-01,2013-14,Man United,Tottenham,2.0,0.8,12.6,4.8,12.0,1.8,1.8,16.8,3.6,10.0,A
5136,2014-01-01,2013-14,Liverpool,Hull,2.8,1.2,20.0,7.0,9.0,2.0,1.0,13.2,5.4,6.0,H
5137,2014-01-01,2013-14,Crystal Palace,Norwich,0.8,1.2,11.8,5.0,6.0,0.8,0.8,13.0,3.6,5.0,D
5138,2014-01-01,2013-14,Arsenal,Cardiff,1.6,1.6,14.0,5.2,8.0,0.8,2.0,11.2,3.0,4.0,H
5139,2014-01-01,2013-14,Fulham,West Ham,1.4,3.0,14.0,5.4,6.0,1.2,2.6,10.2,3.0,2.0,H
5140,2014-01-11,2013-14,Man United,Swansea,2.2,1.0,14.2,5.2,12.0,1.0,1.6,12.6,2.6,2.0,H
5141,2014-01-11,2013-14,Southampton,West Brom,1.4,1.8,11.0,3.6,4.0,1.2,1.2,13.6,4.0,6.0,H
5142,2014-01-11,2013-14,Tottenham,Crystal Palace,1.8,1.8,14.2,3.4,10.0,0.6,1.4,10.6,4.8,4.0,H
5143,2014-01-11,2013-14,Fulham,Sunderland,1.4,3.2,15.6,5.6,6.0,0.6,0.6,17.6,5.2,6.0,A
5144,2014-01-11,2013-14,Everton,Norwich,1.8,1.0,17.4,6.0,10.0,0.6,1.0,13.0,4.0,3.0,H
5145,2014-01-11,2013-14,Cardiff,West Ham,0.8,2.0,10.8,3.0,4.0,1.2,2.2,10.8,3.4,2.0,A
5146,2014-01-11,2013-14,Hull,Chelsea,1.8,1.2,13.4,5.0,5.0,1.6,0.4,14.0,5.6,13.0,A
5147,2014-01-12,2013-14,Newcastle,Man City,1.8,0.8,15.2,5.0,7.0,3.2,1.6,19.2,6.2,15.0,A
5148,2014-01-12,2013-14,Stoke,Liverpool,0.8,2.0,9.2,2.4,5.0,2.4,1.0,17.0,6.4,9.0,A
5149,2014-01-13,2013-14,Aston Villa,Arsenal,0.6,1.4,12.2,4.4,4.0,1.8,1.4,17.4,5.4,10.0,A
5150,2014-01-18,2013-14,West Ham,Newcastle,1.6,2.2,10.6,3.6,4.0,1.6,1.0,14.6,5.0,6.0,A
5151,2014-01-18,2013-14,Sunderland,Southampton,1.4,0.8,15.8,5.2,8.0,1.4,1.6,13.0,4.0,6.0,D
5152,2014-01-18,2013-14,Norwich,Hull,0.4,1.2,12.2,4.0,2.0,1.8,1.6,12.8,4.6,4.0,H
5153,2014-01-18,2013-14,Liverpool,Aston Villa,2.4,1.6,15.4,6.2,9.0,0.8,1.2,11.0,4.2,4.0,D
5154,2014-01-18,2013-14,Crystal Palace,Stoke,0.4,1.4,11.4,4.2,4.0,1.4,3.0,9.6,2.8,4.0,H
5155,2014-01-18,2013-14,Arsenal,Fulham,1.6,0.4,16.6,5.0,13.0,1.4,3.2,15.8,6.0,6.0,H
5156,2014-01-18,2013-14,Man City,Cardiff,2.4,1.0,17.6,6.0,15.0,0.6,2.4,12.4,3.8,1.0,H
5157,2014-01-19,2013-14,Chelsea,Man United,1.6,0.2,13.6,5.2,13.0,2.0,1.0,14.6,5.2,12.0,H
5158,2014-01-19,2013-14,Swansea,Tottenham,0.8,1.8,13.2,2.6,1.0,2.2,0.8,14.4,4.2,13.0,A
5159,2014-01-20,2013-14,West Brom,Everton,1.2,1.2,12.0,4.0,6.0,1.4,0.8,17.6,5.6,10.0,D
5160,2014-01-28,2013-14,Swansea,Fulham,0.8,2.0,13.2,2.6,1.0,1.0,2.8,15.0,5.4,6.0,H
5161,2014-01-28,2013-14,Southampton,Arsenal,1.4,1.4,14.0,4.6,7.0,2.0,0.4,19.6,6.2,15.0,D
5162,2014-01-28,2013-14,Norwich,Newcastle,0.6,1.2,14.4,3.8,4.0,1.6,1.2,15.8,5.6,6.0,D
5163,2014-01-28,2013-14,Liverpool,Everton,2.2,1.8,12.8,6.0,7.0,1.2,0.8,17.4,5.2,8.0,H
5164,2014-01-28,2013-14,Crystal Palace,Hull,0.6,0.8,12.0,4.6,7.0,1.6,1.6,13.6,4.0,3.0,H
5165,2014-01-28,2013-14,Man United,Cardiff,1.6,1.4,12.4,4.4,9.0,0.8,2.6,11.8,4.4,1.0,H
5166,2014-01-29,2013-14,Aston Villa,West Brom,1.0,1.2,10.6,4.0,5.0,1.2,1.2,12.0,4.6,6.0,H
5167,2014-01-29,2013-14,Chelsea,West Ham,2.2,0.4,13.6,5.6,15.0,1.6,2.2,12.0,3.8,4.0,D
5168,2014-01-29,2013-14,Sunderland,Stoke,1.8,1.2,14.2,5.4,8.0,1.0,3.0,10.6,2.8,1.0,H
5169,2014-01-29,2013-14,Tottenham,Man City,2.2,0.6,14.0,4.6,13.0,2.4,1.0,19.0,5.8,15.0,A
5170,2014-02-01,2013-14,Hull,Tottenham,1.2,1.2,12.8,3.8,3.0,2.2,1.4,10.8,4.4,12.0,D
5171,2014-02-01,2013-14,West Ham,Swansea,1.4,1.6,9.8,3.0,5.0,1.2,1.8,14.4,3.8,4.0,H
5172,2014-02-01,2013-14,Stoke,Man United,0.8,2.2,11.2,3.2,1.0,1.4,1.0,13.2,4.6,9.0,H
5173,2014-02-01,2013-14,Newcastle,Sunderland,0.6,1.0,14.8,4.6,4.0,1.8,1.2,14.8,5.4,8.0,A
5174,2014-02-01,2013-14,Everton,Aston Villa,1.2,1.4,15.8,4.2,8.0,1.8,1.6,10.6,4.4,8.0,H
5175,2014-02-01,2013-14,Cardiff,Norwich,0.8,2.4,11.4,4.6,1.0,0.4,0.8,13.8,3.6,5.0,H
5176,2014-02-01,2013-14,Fulham,Southampton,0.6,3.0,15.0,4.8,3.0,1.2,1.8,14.4,4.4,5.0,A
5177,2014-02-02,2013-14,Arsenal,Crystal Palace,1.8,0.6,15.2,5.4,13.0,0.6,0.8,12.2,3.8,7.0,H
5178,2014-02-02,2013-14,West Brom,Liverpool,1.6,1.8,13.0,4.6,5.0,2.8,1.4,14.4,6.8,10.0,D
5179,2014-02-03,2013-14,Man City,Chelsea,3.0,1.0,19.8,6.6,15.0,2.0,0.4,17.6,6.0,13.0,A
5180,2014-02-08,2013-14,Sunderland,Hull,2.0,0.8,13.8,4.6,10.0,0.2,1.4,10.4,2.0,1.0,A
5181,2014-02-08,2013-14,Crystal Palace,West Brom,0.6,1.0,12.4,3.4,7.0,1.2,1.4,11.0,4.0,5.0,H
5182,2014-02-08,2013-14,Swansea,Cardiff,1.0,2.0,15.0,3.2,3.0,0.8,2.2,11.0,4.2,3.0,H
5183,2014-02-08,2013-14,Southampton,Stoke,1.6,1.4,15.4,5.0,8.0,1.2,1.8,13.4,4.2,4.0,D
5184,2014-02-08,2013-14,Aston Villa,West Ham,1.8,1.8,10.0,4.0,7.0,1.2,1.0,8.8,2.6,7.0,A
5185,2014-02-08,2013-14,Liverpool,Arsenal,2.8,1.2,15.2,6.6,11.0,2.0,0.6,15.2,5.6,13.0,H
5186,2014-02-08,2013-14,Chelsea,Newcastle,1.8,0.2,19.0,6.2,13.0,0.6,1.4,18.2,6.0,4.0,H
5187,2014-02-08,2013-14,Norwich,Man City,0.6,1.0,16.2,4.0,5.0,2.8,1.2,20.2,6.4,12.0,D
5188,2014-02-09,2013-14,Man United,Fulham,1.4,1.4,15.6,4.8,6.0,0.6,2.4,15.6,5.2,3.0,D
5189,2014-02-09,2013-14,Tottenham,Everton,1.8,1.6,10.6,3.6,10.0,1.2,1.4,16.6,4.6,8.0,H
5190,2014-02-11,2013-14,Cardiff,Aston Villa,0.8,2.4,10.8,4.0,3.0,1.6,2.2,10.6,3.2,4.0,D
5191,2014-02-11,2013-14,Hull,Southampton,0.6,1.0,13.4,3.8,4.0,2.0,1.2,16.4,5.6,9.0,A
5192,2014-02-11,2013-14,West Brom,Chelsea,1.2,2.0,11.6,4.4,2.0,1.8,0.2,20.4,6.8,13.0,D
5193,2014-02-11,2013-14,West Ham,Norwich,1.4,0.6,8.6,2.4,10.0,0.4,0.8,16.0,3.4,5.0,H
5194,2014-02-12,2013-14,Stoke,Swansea,1.4,2.0,12.4,4.2,4.0,1.2,1.4,15.4,3.6,6.0,D
5195,2014-02-12,2013-14,Arsenal,Man United,1.8,1.6,11.8,5.6,10.0,1.6,1.4,18.6,5.4,7.0,D
5196,2014-02-12,2013-14,Fulham,Liverpool,0.6,2.6,10.8,3.6,1.0,3.4,1.4,16.2,7.8,11.0,A
5197,2014-02-12,2013-14,Newcastle,Tottenham,0.6,1.8,18.8,6.6,4.0,1.6,1.4,10.4,3.2,10.0,A
5198,2014-02-22,2013-14,West Brom,Fulham,1.4,2.0,13.2,4.2,3.0,0.8,2.4,9.4,3.2,1.0,D
5199,2014-02-22,2013-14,Chelsea,Everton,1.6,0.4,20.6,6.6,11.0,1.0,1.4,15.6,4.4,7.0,H
5200,2014-02-22,2013-14,West Ham,Southampton,1.4,0.6,9.0,3.2,10.0,2.0,1.2,16.0,6.0,9.0,H
5201,2014-02-22,2013-14,Man City,Stoke,2.2,0.8,20.4,6.0,10.0,1.0,1.2,11.2,4.2,5.0,H
5202,2014-02-22,2013-14,Arsenal,Sunderland,1.4,1.4,13.6,5.8,8.0,2.0,1.0,11.8,5.0,10.0,H
5203,2014-02-22,2013-14,Cardiff,Hull,0.8,2.0,9.4,3.2,4.0,0.6,0.8,13.8,4.2,4.0,A
5204,2014-02-22,2013-14,Crystal Palace,Man United,1.0,1.0,11.8,3.8,9.0,1.2,1.4,16.6,4.8,5.0,A
5205,2014-02-23,2013-14,Liverpool,Swansea,3.0,1.2,17.8,7.4,11.0,1.4,1.2,15.4,3.8,7.0,H
5206,2014-02-23,2013-14,Newcastle,Aston Villa,0.6,2.2,18.8,6.6,4.0,1.4,1.8,12.0,3.4,5.0,H
5207,2014-02-23,2013-14,Norwich,Tottenham,0.4,0.8,16.2,4.0,5.0,2.0,1.4,11.4,4.0,10.0,H
5208,2014-03-01,2013-14,Everton,West Ham,0.6,1.6,12.6,3.8,4.0,1.8,0.2,8.8,3.8,13.0,H
5209,2014-03-01,2013-14,Fulham,Chelsea,1.0,2.2,9.2,3.4,2.0,1.2,0.2,23.0,7.0,11.0,A
5210,2014-03-01,2013-14,Hull,Newcastle,1.4,0.6,14.2,5.4,7.0,0.2,2.0,19.6,5.8,4.0,A
5211,2014-03-01,2013-14,Southampton,Liverpool,1.8,1.4,17.6,5.4,8.0,3.4,1.4,19.2,8.2,13.0,A
5212,2014-03-01,2013-14,Stoke,Arsenal,1.0,1.2,9.2,4.2,5.0,1.8,1.6,11.6,6.0,8.0,H
5213,2014-03-02,2013-14,Aston Villa,Norwich,1.0,1.6,11.6,3.2,4.0,0.4,0.8,13.8,3.8,5.0,H
5214,2014-03-02,2013-14,Swansea,Crystal Palace,1.8,1.4,15.6,4.2,7.0,1.0,1.0,12.0,4.6,9.0,D
5215,2014-03-02,2013-14,Tottenham,Cardiff,1.4,1.4,11.0,3.4,7.0,0.4,2.0,12.6,3.0,4.0,H
5216,2014-03-08,2013-14,West Brom,Man United,1.4,2.0,13.6,4.0,3.0,1.4,0.8,17.4,5.0,8.0,A
5217,2014-03-08,2013-14,Norwich,Stoke,0.6,1.6,13.4,4.2,4.0,1.2,1.0,8.0,4.0,8.0,D
5218,2014-03-08,2013-14,Crystal Palace,Southampton,1.0,1.2,11.0,4.2,7.0,1.4,1.6,17.6,4.8,7.0,A
5219,2014-03-08,2013-14,Cardiff,Fulham,0.4,1.8,12.8,3.2,4.0,1.2,2.4,7.6,3.2,2.0,H
5220,2014-03-08,2013-14,Chelsea,Tottenham,1.8,0.4,18.6,6.8,13.0,1.4,0.4,13.2,4.2,10.0,H
5221,2014-03-15,2013-14,Aston Villa,Chelsea,1.0,1.2,11.6,2.8,4.0,2.4,0.4,17.4,6.4,13.0,H
5222,2014-03-15,2013-14,Everton,Cardiff,0.6,1.4,14.4,3.6,6.0,0.6,1.8,13.8,4.0,4.0,H
5223,2014-03-15,2013-14,Fulham,Newcastle,1.4,2.4,8.8,3.6,2.0,1.0,2.2,18.6,6.6,6.0,H
5224,2014-03-15,2013-14,Hull,Man City,1.6,1.2,14.2,5.2,7.0,2.0,0.8,21.4,6.2,10.0,A
5225,2014-03-15,2013-14,Southampton,Norwich,1.0,1.6,16.4,4.4,7.0,0.6,1.4,10.6,4.0,5.0,H
5226,2014-03-15,2013-14,Stoke,West Ham,1.0,1.0,6.6,3.4,6.0,1.8,0.4,9.8,3.8,12.0,H
5227,2014-03-15,2013-14,Sunderland,Crystal Palace,1.4,1.6,11.2,4.4,7.0,0.8,1.4,9.6,3.8,4.0,D
5228,2014-03-15,2013-14,Swansea,West Brom,1.6,1.6,14.2,3.8,5.0,0.8,1.8,14.0,3.8,3.0,A
5229,2014-03-16,2013-14,Man United,Liverpool,1.6,0.8,16.8,5.0,8.0,3.2,1.4,17.6,7.4,13.0,A
5230,2014-03-16,2013-14,Tottenham,Arsenal,1.2,1.0,10.6,4.0,9.0,1.4,1.4,12.2,5.6,7.0,A
5231,2014-03-22,2013-14,Man City,Fulham,1.6,0.4,18.2,5.0,10.0,1.2,2.0,10.0,3.6,4.0,H
5232,2014-03-22,2013-14,Newcastle,Crystal Palace,1.0,1.8,15.4,5.2,6.0,0.8,1.0,10.0,4.4,5.0,H
5233,2014-03-22,2013-14,Hull,West Brom,1.4,1.4,15.4,5.4,6.0,1.0,1.8,14.2,3.8,5.0,H
5234,2014-03-22,2013-14,Norwich,Sunderland,1.0,2.2,10.4,4.2,4.0,1.0,1.2,13.0,3.8,7.0,H
5235,2014-03-22,2013-14,Chelsea,Arsenal,1.8,0.6,16.8,5.2,10.0,1.2,1.4,11.4,5.0,7.0,H
5236,2014-03-22,2013-14,Cardiff,Liverpool,0.8,1.6,14.4,4.4,4.0,3.6,1.2,18.6,8.2,15.0,A
5237,2014-03-22,2013-14,Everton,Swansea,1.0,0.8,14.6,4.0,9.0,1.8,1.6,13.2,4.6,5.0,H
5238,2014-03-22,2013-14,West Ham,Man United,1.6,1.0,9.2,3.4,9.0,1.4,1.0,15.6,4.4,8.0,A
5239,2014-03-23,2013-14,Tottenham,Southampton,1.0,1.2,12.4,4.0,6.0,1.4,1.6,16.2,4.6,9.0,H
5240,2014-03-23,2013-14,Aston Villa,Stoke,1.0,0.8,13.4,3.4,7.0,1.2,0.8,9.0,4.4,8.0,A
5241,2014-03-25,2013-14,Man United,Man City,1.4,0.6,12.6,4.0,10.0,1.6,0.2,17.8,5.4,10.0,A
5242,2014-03-25,2013-14,Newcastle,Everton,1.2,1.2,17.2,5.6,9.0,1.2,1.0,13.8,4.0,9.0,A
5243,2014-03-25,2013-14,Arsenal,Swansea,1.0,1.6,11.6,4.8,7.0,1.6,2.2,14.0,4.8,2.0,D
5244,2014-03-26,2013-14,Liverpool,Sunderland,3.8,1.6,18.0,7.6,15.0,0.8,1.6,11.8,3.0,4.0,H
5245,2014-03-26,2013-14,West Ham,Hull,1.2,1.4,9.2,3.2,6.0,1.4,1.4,12.8,4.6,6.0,H
5246,2014-03-29,2013-14,Arsenal,Man City,1.4,2.0,10.8,4.6,7.0,2.2,0.0,15.4,5.6,13.0,D
5247,2014-03-29,2013-14,Crystal Palace,Chelsea,0.2,1.0,9.6,3.4,2.0,2.8,0.4,18.0,6.6,12.0,H
5248,2014-03-29,2013-14,Man United,Aston Villa,1.4,1.2,13.4,4.4,9.0,1.2,1.2,12.6,3.8,7.0,H
5249,2014-03-29,2013-14,Southampton,Newcastle,1.6,2.2,15.4,4.0,6.0,1.2,1.0,17.8,5.2,9.0,H
5250,2014-03-29,2013-14,Stoke,Hull,1.8,0.8,9.6,4.6,10.0,1.6,1.6,12.4,4.4,6.0,H
5251,2014-03-29,2013-14,Swansea,Norwich,1.8,2.4,13.0,4.6,2.0,1.4,1.8,10.6,4.6,7.0,H
5252,2014-03-29,2013-14,West Brom,Cardiff,0.8,1.6,14.4,3.4,5.0,1.4,2.8,13.8,4.4,3.0,D
5253,2014-03-30,2013-14,Fulham,Everton,0.8,2.4,9.2,3.0,4.0,1.8,0.8,13.2,4.6,12.0,A
5254,2014-03-30,2013-14,Liverpool,Tottenham,3.6,1.4,18.0,7.6,15.0,0.8,1.6,12.4,3.6,6.0,H
5255,2014-03-31,2013-14,Sunderland,West Ham,0.4,2.0,11.0,2.8,1.0,1.2,1.6,8.6,2.4,6.0,A
5256,2014-04-05,2013-14,Norwich,West Brom,1.2,2.4,9.6,4.8,4.0,1.2,2.0,15.2,4.4,5.0,A
5257,2014-04-05,2013-14,Newcastle,Man United,1.0,1.8,14.2,4.6,6.0,1.8,1.4,12.4,4.6,9.0,A
5258,2014-04-05,2013-14,Hull,Swansea,0.8,1.8,11.0,3.8,3.0,1.8,1.6,13.4,5.0,5.0,H
5259,2014-04-05,2013-14,Man City,Southampton,2.4,0.2,15.4,6.0,13.0,2.2,1.6,15.0,5.2,9.0,H
5260,2014-04-05,2013-14,Cardiff,Crystal Palace,2.0,2.6,11.4,4.4,4.0,0.4,0.6,9.4,3.0,5.0,A
5261,2014-04-05,2013-14,Aston Villa,Fulham,1.4,2.0,11.0,2.8,6.0,0.8,2.8,12.4,4.0,3.0,A
5262,2014-04-05,2013-14,Chelsea,Stoke,2.6,0.6,17.2,5.4,9.0,2.0,0.6,11.2,4.8,13.0,H
5263,2014-04-06,2013-14,Everton,Arsenal,2.4,0.8,14.4,5.6,15.0,0.8,2.0,10.4,3.4,5.0,H
5264,2014-04-06,2013-14,West Ham,Liverpool,1.0,1.6,8.8,2.6,6.0,3.6,0.8,16.0,6.6,15.0,A
5265,2014-04-07,2013-14,Tottenham,Sunderland,0.8,2.2,13.6,4.0,6.0,0.6,2.0,14.8,3.6,1.0,H
5266,2014-04-12,2013-14,Stoke,Newcastle,1.8,1.2,10.4,4.4,10.0,0.2,2.4,13.6,4.0,3.0,H
5267,2014-04-12,2013-14,West Brom,Tottenham,1.2,1.8,13.6,4.4,7.0,1.6,2.4,16.4,5.0,6.0,D
5268,2014-04-12,2013-14,Sunderland,Everton,0.6,2.2,15.0,3.8,1.0,2.8,0.8,12.8,6.6,15.0,A
5269,2014-04-12,2013-14,Southampton,Cardiff,2.4,1.8,13.4,5.0,9.0,2.0,3.0,12.4,4.8,4.0,A
5270,2014-04-12,2013-14,Fulham,Norwich,1.0,2.4,14.2,5.0,6.0,1.0,1.8,10.6,4.8,4.0,H
5271,2014-04-12,2013-14,Crystal Palace,Aston Villa,0.8,0.4,10.6,3.8,7.0,1.6,2.2,11.4,3.6,6.0,H
5272,2014-04-13,2013-14,Liverpool,Man City,3.4,1.0,17.0,7.2,15.0,3.0,0.4,14.6,6.2,13.0,H
5273,2014-04-13,2013-14,Swansea,Chelsea,1.6,1.6,14.4,4.4,4.0,2.6,0.4,17.4,5.4,9.0,A
5274,2014-04-15,2013-14,Arsenal,West Ham,0.8,2.4,11.4,4.0,5.0,1.2,1.8,9.8,2.6,6.0,H
5275,2014-04-16,2013-14,Everton,Crystal Palace,2.6,0.6,13.0,6.0,15.0,1.0,0.2,12.2,4.4,10.0,A
5276,2014-04-16,2013-14,Man City,Sunderland,3.0,1.0,15.6,6.6,10.0,0.6,2.4,16.0,4.6,0.0,D
5277,2014-04-19,2013-14,Tottenham,Fulham,2.2,2.2,19.2,6.2,7.0,1.0,1.8,14.2,4.4,9.0,H
5278,2014-04-19,2013-14,Newcastle,Swansea,0.2,2.4,13.8,3.6,3.0,1.4,1.4,12.8,4.4,4.0,A
5279,2014-04-19,2013-14,West Ham,Crystal Palace,1.2,1.8,10.6,2.6,6.0,1.6,0.6,11.2,4.2,12.0,A
5280,2014-04-19,2013-14,Cardiff,Stoke,1.6,2.8,9.8,3.8,4.0,1.8,1.0,11.2,4.4,12.0,D
5281,2014-04-19,2013-14,Aston Villa,Southampton,0.8,2.2,10.8,3.6,3.0,2.2,2.0,15.0,5.8,6.0,D
5282,2014-04-19,2013-14,Chelsea,Sunderland,2.0,0.4,20.2,5.2,9.0,1.0,2.4,16.2,4.8,1.0,A
5283,2014-04-20,2013-14,Everton,Man United,2.4,0.8,14.6,5.8,12.0,2.0,1.4,11.2,4.4,9.0,H
5284,2014-04-20,2013-14,Hull,Arsenal,0.8,1.0,10.0,4.0,6.0,1.2,2.6,12.8,5.0,5.0,A
5285,2014-04-20,2013-14,Norwich,Liverpool,0.8,1.8,10.6,4.4,3.0,3.4,1.4,15.6,6.6,15.0,A
5286,2014-04-21,2013-14,Man City,West Brom,2.4,1.4,14.4,5.0,8.0,1.8,1.8,12.0,4.8,8.0,H
5287,2014-04-26,2013-14,West Brom,West Ham,1.6,2.2,11.4,4.6,5.0,1.2,1.6,11.2,3.2,6.0,H
5288,2014-04-26,2013-14,Swansea,Aston Villa,1.4,1.0,10.6,3.4,7.0,0.6,2.2,9.4,3.0,1.0,H
5289,2014-04-26,2013-14,Stoke,Tottenham,1.4,1.0,10.6,3.6,10.0,2.8,2.2,18.6,6.8,10.0,A
5290,2014-04-26,2013-14,Southampton,Everton,1.4,1.6,12.4,5.0,4.0,2.2,0.8,16.4,5.6,12.0,H
5291,2014-04-26,2013-14,Fulham,Hull,1.0,2.4,14.0,4.6,6.0,0.8,1.2,9.6,3.8,6.0,D
5292,2014-04-26,2013-14,Man United,Norwich,2.0,1.2,10.4,4.6,9.0,0.8,1.6,12.0,4.8,3.0,H
5293,2014-04-27,2013-14,Crystal Palace,Man City,1.8,0.4,11.8,4.6,15.0,2.4,1.6,15.6,5.4,8.0,A
5294,2014-04-27,2013-14,Liverpool,Chelsea,2.8,1.2,14.6,6.0,15.0,2.2,0.6,23.4,7.8,9.0,A
5295,2014-04-27,2013-14,Sunderland,Cardiff,1.2,2.2,15.2,4.6,4.0,1.6,2.6,10.4,4.0,5.0,H
5296,2014-04-28,2013-14,Arsenal,Newcastle,1.8,1.4,12.8,5.2,8.0,0.2,2.8,12.4,2.8,0.0,H
5297,2014-05-03,2013-14,West Ham,Tottenham,0.8,1.6,11.2,3.2,3.0,2.4,1.8,18.8,6.4,10.0,H
5298,2014-05-03,2013-14,Swansea,Southampton,1.8,0.8,11.2,4.6,9.0,1.4,1.0,12.8,5.0,7.0,A
5299,2014-05-03,2013-14,Newcastle,Cardiff,0.2,2.8,10.8,2.8,0.0,1.0,2.2,9.8,3.6,5.0,H
5300,2014-05-03,2013-14,Stoke,Fulham,0.6,1.0,12.0,3.2,7.0,1.4,1.8,14.8,5.2,7.0,H
5301,2014-05-03,2013-14,Everton,Man City,1.6,1.0,15.4,4.6,9.0,2.6,1.4,15.8,5.8,10.0,A
5302,2014-05-03,2013-14,Aston Villa,Hull,0.6,2.2,9.2,3.0,1.0,0.8,1.6,8.8,3.6,4.0,H
5303,2014-05-03,2013-14,Man United,Sunderland,2.4,1.2,12.2,5.4,9.0,1.8,1.8,14.2,4.6,7.0,A
5304,2014-05-04,2013-14,Arsenal,West Brom,2.0,1.0,14.2,6.0,10.0,1.8,1.8,11.8,5.0,8.0,H
5305,2014-05-04,2013-14,Chelsea,Norwich,1.4,0.6,21.4,6.4,9.0,0.4,2.4,11.0,3.6,0.0,D
5306,2014-05-05,2013-14,Crystal Palace,Liverpool,1.6,0.8,9.6,4.2,12.0,2.4,1.4,15.6,6.2,12.0,D
5307,2014-05-06,2013-14,Man United,Hull,2.4,0.8,13.6,5.0,9.0,0.8,1.8,8.2,3.4,4.0,H
5308,2014-05-07,2013-14,Man City,Aston Villa,2.4,1.6,16.4,5.4,10.0,1.0,1.6,10.2,4.6,4.0,H
5309,2014-05-07,2013-14,Sunderland,West Brom,1.8,0.8,14.2,4.0,10.0,1.2,1.4,10.8,4.0,7.0,H
5310,2014-05-11,2013-14,West Brom,Stoke,1.0,1.8,11.8,3.6,4.0,1.2,1.2,13.6,4.2,7.0,A
5311,2014-05-11,2013-14,Tottenham,Aston Villa,2.4,1.4,18.2,6.2,10.0,0.8,2.0,8.8,3.4,4.0,H
5312,2014-05-11,2013-14,Sunderland,Swansea,2.2,0.6,11.4,3.6,13.0,1.2,1.0,10.4,3.8,6.0,A
5313,2014-05-11,2013-14,Southampton,Man United,0.8,1.0,11.8,3.6,7.0,2.2,0.8,15.4,5.2,9.0,D
5314,2014-05-11,2013-14,Norwich,Arsenal,0.4,1.8,10.6,3.4,1.0,2.0,0.8,15.2,6.2,12.0,A
5315,2014-05-11,2013-14,Fulham,Crystal Palace,1.4,2.0,12.2,4.0,7.0,1.6,1.4,9.0,3.8,10.0,D
5316,2014-05-11,2013-14,Liverpool,Newcastle,2.2,2.0,18.6,7.0,10.0,0.8,2.0,14.2,3.6,3.0,H
5317,2014-05-11,2013-14,Hull,Everton,1.0,2.2,7.6,3.2,4.0,1.4,1.6,14.4,3.8,6.0,A
5318,2014-05-11,2013-14,Cardiff,Chelsea,0.4,2.2,10.8,3.2,4.0,1.4,0.4,21.8,6.8,10.0,A
5319,2014-05-11,2013-14,Man City,West Ham,2.8,1.0,17.4,6.2,13.0,0.8,1.4,13.0,3.6,3.0,H
5320,2014-08-16,2014-15,West Brom,Sunderland,0.6,1.6,14.0,3.4,3.0,2.0,0.8,13.2,3.8,12.0,D
5321,2014-08-16,2014-15,West Ham,Tottenham,0.6,1.4,11.4,3.4,3.0,2.0,1.2,14.8,5.2,10.0,A
5322,2014-08-16,2014-15,Stoke,Aston Villa,1.6,0.8,15.8,4.6,10.0,0.8,2.4,8.2,2.8,4.0,A
5323,2014-08-16,2014-15,Arsenal,Crystal Palace,2.4,0.2,15.0,6.8,15.0,1.8,1.8,9.2,4.2,8.0,H
5324,2014-08-16,2014-15,Man United,Swansea,1.6,1.0,15.4,4.8,7.0,1.8,1.0,9.6,4.2,9.0,A
5325,2014-08-16,2014-15,Leicester,Everton,1.4,1.4,9.0,4.8,5.0,1.6,1.6,12.6,4.0,6.0,D
5326,2014-08-16,2014-15,QPR,Hull,0.2,1.2,14.4,5.6,1.0,0.8,2.6,8.4,3.0,1.0,A
5327,2014-08-17,2014-15,Liverpool,Southampton,2.2,2.0,17.8,6.4,10.0,0.8,0.4,13.8,4.6,8.0,H
5328,2014-08-17,2014-15,Newcastle,Man City,1.0,1.6,13.0,3.2,3.0,2.8,0.6,19.8,6.8,15.0,A
5329,2014-08-18,2014-15,Burnley,Chelsea,2.0,2.2,11.6,7.2,6.0,1.2,0.6,23.8,6.6,10.0,A
5330,2014-08-23,2014-15,Swansea,Burnley,2.2,1.0,9.2,4.2,12.0,1.4,2.6,11.6,6.2,3.0,H
5331,2014-08-23,2014-15,Southampton,West Brom,1.0,0.6,12.4,4.4,8.0,0.8,1.4,14.0,3.8,4.0,D
5332,2014-08-23,2014-15,Everton,Arsenal,1.6,1.4,11.8,3.6,7.0,2.2,0.2,15.0,6.4,15.0,D
5333,2014-08-23,2014-15,Chelsea,Leicester,1.6,0.8,20.8,6.6,10.0,1.8,1.6,9.6,4.6,6.0,H
5334,2014-08-23,2014-15,Aston Villa,Newcastle,1.0,2.4,8.4,3.0,6.0,1.0,1.8,12.8,3.0,3.0,D
5335,2014-08-23,2014-15,Crystal Palace,West Ham,1.4,1.8,8.6,3.8,5.0,0.4,1.0,12.6,3.8,3.0,A
5336,2014-08-24,2014-15,Hull,Stoke,1.0,2.0,8.0,3.0,4.0,1.4,1.0,16.2,4.4,7.0,D
5337,2014-08-24,2014-15,Sunderland,Man United,2.0,1.0,13.2,3.6,10.0,1.8,1.0,16.4,5.4,7.0,D
5338,2014-08-24,2014-15,Tottenham,QPR,1.6,0.6,12.8,4.4,12.0,0.2,1.0,13.2,4.6,1.0,H
5339,2014-08-25,2014-15,Man City,Liverpool,2.6,0.4,18.6,6.6,15.0,2.0,1.8,18.2,6.6,10.0,H
5340,2014-08-30,2014-15,Swansea,West Brom,2.0,0.8,9.2,4.8,12.0,0.6,1.4,11.8,3.0,2.0,H
5341,2014-08-30,2014-15,West Ham,Southampton,1.0,1.0,13.4,4.6,6.0,1.0,0.6,13.4,4.4,8.0,A
5342,2014-08-30,2014-15,QPR,Sunderland,0.2,1.8,12.0,3.8,0.0,1.4,1.2,11.2,2.8,8.0,H
5343,2014-08-30,2014-15,Newcastle,Crystal Palace,0.8,1.4,12.2,3.0,4.0,1.4,2.4,8.2,4.0,2.0,D
5344,2014-08-30,2014-15,Man City,Stoke,2.8,0.6,17.2,6.2,15.0,1.4,1.0,17.2,4.0,7.0,A
5345,2014-08-30,2014-15,Everton,Chelsea,1.6,1.8,10.0,3.0,5.0,1.8,0.4,20.0,5.6,13.0,A
5346,2014-08-30,2014-15,Burnley,Man United,1.2,2.4,12.2,5.6,3.0,1.2,1.2,13.4,3.8,5.0,D
5347,2014-08-31,2014-15,Aston Villa,Hull,0.8,1.6,8.0,2.4,7.0,0.8,1.8,8.2,2.6,4.0,H
5348,2014-08-31,2014-15,Leicester,Arsenal,1.6,1.8,8.4,4.4,5.0,2.0,0.6,15.2,5.8,13.0,D
5349,2014-08-31,2014-15,Tottenham,Liverpool,1.8,0.4,13.6,4.4,12.0,1.6,2.0,17.6,6.0,7.0,A
5350,2014-09-13,2014-15,West Brom,Everton,0.6,1.8,12.8,3.2,2.0,2.2,2.6,11.6,4.0,5.0,A
5351,2014-09-13,2014-15,Sunderland,Tottenham,1.2,1.4,12.8,3.8,5.0,1.6,1.0,11.8,3.8,9.0,D
5352,2014-09-13,2014-15,Stoke,Leicester,1.6,0.8,15.2,3.8,10.0,1.4,1.6,8.2,4.0,5.0,A
5353,2014-09-13,2014-15,Southampton,Newcastle,1.2,0.8,14.2,5.2,8.0,1.4,1.4,14.2,3.2,5.0,H
5354,2014-09-13,2014-15,Liverpool,Aston Villa,2.2,1.6,15.8,6.0,10.0,0.6,1.6,7.2,1.4,7.0,A
5355,2014-09-13,2014-15,Crystal Palace,Burnley,2.0,2.6,10.0,5.0,3.0,1.2,1.6,11.6,5.0,4.0,D
5356,2014-09-13,2014-15,Chelsea,Swansea,2.6,1.0,20.2,6.4,13.0,1.8,0.6,10.0,4.8,12.0,H
5357,2014-09-13,2014-15,Arsenal,Man City,1.6,0.8,16.0,5.4,11.0,2.2,0.4,16.8,5.4,12.0,D
5358,2014-09-14,2014-15,Man United,QPR,1.2,1.0,11.4,3.8,6.0,0.4,1.6,12.8,3.6,3.0,H
5359,2014-09-15,2014-15,Hull,West Ham,0.8,1.6,8.6,2.8,4.0,1.2,1.4,12.4,4.4,6.0,D
5360,2014-09-20,2014-15,West Ham,Liverpool,1.2,1.8,11.6,3.6,4.0,1.6,1.2,14.2,4.4,9.0,H
5361,2014-09-20,2014-15,Swansea,Southampton,2.2,1.2,9.8,4.6,12.0,1.8,0.8,12.6,5.8,8.0,A
5362,2014-09-20,2014-15,QPR,Stoke,0.2,2.0,13.0,3.4,3.0,0.8,0.8,15.4,3.0,7.0,D
5363,2014-09-20,2014-15,Aston Villa,Arsenal,0.8,0.8,7.2,1.6,10.0,1.8,1.2,16.0,5.8,9.0,A
5364,2014-09-20,2014-15,Burnley,Sunderland,1.0,1.2,11.4,4.2,5.0,1.2,1.8,12.0,3.2,3.0,D
5365,2014-09-20,2014-15,Newcastle,Hull,0.8,2.2,11.6,2.8,2.0,1.0,1.4,10.4,3.6,5.0,D
5366,2014-09-21,2014-15,Everton,Crystal Palace,2.2,2.0,12.0,4.0,8.0,1.4,2.0,10.8,4.4,3.0,A
5367,2014-09-21,2014-15,Leicester,Man United,1.0,1.4,7.2,2.4,5.0,1.4,0.8,11.6,4.2,6.0,H
5368,2014-09-21,2014-15,Man City,Chelsea,1.8,0.8,16.2,5.2,10.0,3.4,1.4,21.4,7.4,15.0,D
5369,2014-09-21,2014-15,Tottenham,West Brom,2.0,1.0,12.4,4.4,10.0,0.6,1.8,12.4,2.8,2.0,A
5370,2014-09-27,2014-15,Sunderland,Swansea,1.0,1.2,10.8,3.6,4.0,1.6,1.2,9.2,4.2,9.0,D
5371,2014-09-27,2014-15,Southampton,QPR,1.8,0.6,11.8,5.4,10.0,0.6,2.2,15.2,3.8,4.0,H
5372,2014-09-27,2014-15,Man United,West Ham,1.8,1.6,13.2,4.8,5.0,1.8,1.6,13.6,5.0,7.0,H
5373,2014-09-27,2014-15,Liverpool,Everton,1.4,1.6,13.8,4.4,6.0,2.2,2.6,13.2,4.4,5.0,D
5374,2014-09-27,2014-15,Hull,Man City,1.4,1.4,10.0,3.6,6.0,1.6,1.0,13.8,4.6,8.0,A
5375,2014-09-27,2014-15,Crystal Palace,Leicester,1.6,2.0,9.8,3.8,5.0,1.8,1.6,9.8,3.2,8.0,H
5376,2014-09-27,2014-15,Chelsea,Aston Villa,3.2,1.4,17.0,6.4,13.0,0.8,0.8,7.6,1.8,10.0,H
5377,2014-09-27,2014-15,Arsenal,Tottenham,2.0,1.2,15.0,4.8,9.0,1.4,1.2,11.4,3.4,7.0,D
5378,2014-09-28,2014-15,West Brom,Burnley,0.6,1.4,11.0,2.8,5.0,0.2,0.8,11.6,3.0,3.0,H
5379,2014-09-29,2014-15,Stoke,Newcastle,0.8,1.0,14.0,3.0,5.0,1.0,2.2,15.0,3.8,3.0,H
5380,2014-10-04,2014-15,Swansea,Newcastle,1.2,1.0,9.6,3.6,7.0,1.0,2.0,15.8,4.0,3.0,D
5381,2014-10-04,2014-15,Sunderland,Stoke,0.6,0.8,12.4,3.8,4.0,1.0,0.8,14.0,3.2,8.0,H
5382,2014-10-04,2014-15,Liverpool,West Brom,1.2,1.6,16.2,5.0,4.0,1.0,1.0,13.0,3.0,7.0,H
5383,2014-10-04,2014-15,Aston Villa,Man City,0.6,1.4,7.6,1.6,7.0,2.0,1.4,15.2,4.8,8.0,A
5384,2014-10-04,2014-15,Hull,Crystal Palace,1.6,2.2,9.8,3.8,3.0,1.8,1.6,12.2,4.6,8.0,H
5385,2014-10-04,2014-15,Leicester,Burnley,1.4,1.6,9.0,2.8,7.0,0.0,1.0,11.8,3.0,3.0,D
5386,2014-10-05,2014-15,Chelsea,Arsenal,3.2,1.2,18.2,7.4,13.0,1.8,1.2,15.4,4.8,7.0,H
5387,2014-10-05,2014-15,Man United,Everton,2.0,1.4,12.0,4.4,8.0,2.0,2.4,12.8,4.8,5.0,H
5388,2014-10-05,2014-15,Tottenham,Southampton,1.4,1.4,10.6,3.4,5.0,2.0,0.4,13.2,6.0,13.0,H
5389,2014-10-05,2014-15,West Ham,QPR,2.0,1.8,12.6,5.0,7.0,0.8,2.4,13.4,3.0,4.0,H
5390,2014-10-18,2014-15,Arsenal,Hull,1.4,1.2,14.8,4.2,6.0,1.8,2.0,11.0,3.8,5.0,D
5391,2014-10-18,2014-15,Burnley,West Ham,0.4,1.2,11.4,3.6,4.0,1.8,1.6,11.4,4.0,7.0,A
5392,2014-10-18,2014-15,Crystal Palace,Chelsea,1.6,1.4,12.6,4.2,8.0,3.2,1.2,13.8,6.0,13.0,A
5393,2014-10-18,2014-15,Everton,Aston Villa,1.8,2.4,13.2,5.6,4.0,0.6,1.8,7.0,1.8,6.0,H
5394,2014-10-18,2014-15,Man City,Tottenham,1.8,1.2,18.8,5.4,8.0,0.8,1.4,8.8,3.2,5.0,H
5395,2014-10-18,2014-15,Newcastle,Leicester,1.4,2.4,15.4,4.0,3.0,1.8,1.6,10.8,3.2,8.0,H
5396,2014-10-18,2014-15,Southampton,Sunderland,2.0,0.6,13.0,6.2,12.0,1.0,0.8,11.8,3.8,6.0,H
5397,2014-10-19,2014-15,Stoke,Swansea,1.0,1.2,12.4,3.6,7.0,1.4,1.4,9.8,3.6,5.0,H
5398,2014-10-19,2014-15,QPR,Liverpool,0.8,2.0,13.6,3.4,4.0,1.4,1.2,17.8,5.8,7.0,A
5399,2014-10-20,2014-15,West Brom,Man United,1.2,1.4,13.0,3.4,6.0,2.2,1.4,13.0,4.6,10.0,D
5400,2014-10-25,2014-15,Liverpool,Hull,1.4,1.6,17.4,5.2,7.0,2.0,2.0,10.0,4.0,6.0,D
5401,2014-10-25,2014-15,Southampton,Stoke,3.0,0.4,13.4,6.8,12.0,1.2,1.4,14.4,3.8,7.0,H
5402,2014-10-25,2014-15,Sunderland,Arsenal,1.0,2.2,11.0,2.8,6.0,1.6,1.4,15.0,4.8,6.0,A
5403,2014-10-25,2014-15,Swansea,Leicester,1.0,1.8,9.4,3.0,2.0,1.6,1.6,10.4,3.0,7.0,H
5404,2014-10-25,2014-15,West Brom,Crystal Palace,1.6,1.2,11.4,3.4,7.0,1.2,1.2,11.6,3.6,7.0,D
5405,2014-10-25,2014-15,West Ham,Man City,2.2,1.2,15.0,4.8,10.0,2.6,1.2,19.6,7.4,11.0,H
5406,2014-10-26,2014-15,Burnley,Everton,0.6,1.8,13.0,3.6,3.0,1.8,1.2,12.8,5.4,7.0,A
5407,2014-10-26,2014-15,Man United,Chelsea,2.6,1.8,16.0,5.6,10.0,2.4,0.8,14.2,5.4,13.0,D
5408,2014-10-26,2014-15,Tottenham,Newcastle,1.0,1.6,11.2,4.4,5.0,1.0,1.8,15.6,4.4,5.0,A
5409,2014-10-27,2014-15,QPR,Aston Villa,1.0,2.6,13.0,3.6,1.0,0.2,2.2,6.8,1.4,3.0,H
5410,2014-11-01,2014-15,Stoke,West Ham,1.2,1.4,11.2,3.2,7.0,2.2,1.0,14.2,4.8,12.0,D
5411,2014-11-01,2014-15,Leicester,West Brom,1.4,2.0,10.6,3.6,4.0,2.0,1.2,12.6,4.0,8.0,A
5412,2014-11-01,2014-15,Hull,Southampton,1.6,1.6,9.0,3.4,6.0,2.4,0.4,15.4,5.8,12.0,A
5413,2014-11-01,2014-15,Newcastle,Liverpool,1.4,1.2,15.4,4.0,8.0,1.4,1.4,17.2,5.8,8.0,H
5414,2014-11-01,2014-15,Chelsea,QPR,1.8,0.6,10.2,4.4,11.0,1.4,1.8,13.4,4.0,4.0,H
5415,2014-11-01,2014-15,Arsenal,Burnley,1.6,1.0,15.0,4.6,8.0,0.8,2.4,13.6,3.6,2.0,H
5416,2014-11-01,2014-15,Everton,Swansea,2.0,1.4,13.6,5.8,7.0,1.0,1.0,8.6,3.2,5.0,D
5417,2014-11-02,2014-15,Aston Villa,Tottenham,0.0,2.6,8.8,2.4,0.0,0.8,1.6,11.6,3.6,4.0,A
5418,2014-11-02,2014-15,Man City,Man United,2.4,1.2,20.8,6.8,10.0,2.0,2.0,16.0,5.2,8.0,H
5419,2014-11-03,2014-15,Crystal Palace,Sunderland,1.6,1.6,10.4,4.2,7.0,0.6,2.2,12.0,3.2,5.0,A
5420,2014-11-08,2014-15,West Ham,Aston Villa,2.0,1.2,13.6,3.8,10.0,0.2,2.4,10.0,2.2,0.0,D
5421,2014-11-08,2014-15,Southampton,Leicester,2.4,0.4,15.2,5.6,12.0,0.4,1.6,10.4,3.6,1.0,H
5422,2014-11-08,2014-15,QPR,Man City,1.2,1.8,10.6,3.2,3.0,2.4,1.0,20.8,7.2,12.0,D
5423,2014-11-08,2014-15,Liverpool,Chelsea,1.2,1.0,16.2,5.4,8.0,2.0,0.6,12.6,5.6,13.0,A
5424,2014-11-08,2014-15,Burnley,Hull,0.8,3.0,11.4,2.8,1.0,1.2,1.4,8.6,3.0,5.0,H
5425,2014-11-08,2014-15,Man United,Crystal Palace,1.4,1.2,14.6,4.6,8.0,1.2,1.8,10.2,3.8,4.0,H
5426,2014-11-09,2014-15,Sunderland,Everton,1.2,2.4,10.8,3.4,7.0,1.6,0.8,13.6,5.2,8.0,D
5427,2014-11-09,2014-15,Swansea,Arsenal,1.0,0.8,9.2,2.8,6.0,1.6,1.0,19.6,6.6,8.0,H
5428,2014-11-09,2014-15,Tottenham,Stoke,1.2,1.6,13.8,4.8,7.0,1.2,1.4,13.8,3.6,7.0,A
5429,2014-11-09,2014-15,West Brom,Newcastle,2.0,1.2,12.2,3.8,8.0,1.2,0.8,13.2,3.2,10.0,A
5430,2014-11-22,2014-15,Man City,Swansea,2.0,1.0,21.4,7.2,10.0,1.4,1.0,10.0,3.6,8.0,H
5431,2014-11-22,2014-15,Stoke,Burnley,1.4,1.6,13.6,3.8,7.0,1.0,2.2,12.2,3.0,4.0,A
5432,2014-11-22,2014-15,Leicester,Sunderland,0.4,1.6,10.0,3.4,1.0,1.4,2.6,9.8,3.4,7.0,D
5433,2014-11-22,2014-15,Newcastle,QPR,1.6,0.6,11.6,3.6,13.0,1.4,1.8,12.0,3.6,4.0,H
5434,2014-11-22,2014-15,Chelsea,West Brom,1.8,0.8,12.2,5.0,13.0,1.2,1.6,10.2,3.0,5.0,H
5435,2014-11-22,2014-15,Arsenal,Man United,1.6,1.2,18.8,6.2,7.0,1.2,1.0,17.6,5.0,8.0,A
5436,2014-11-22,2014-15,Everton,West Ham,1.6,0.8,14.6,5.6,8.0,1.8,0.8,15.2,4.0,11.0,H
5437,2014-11-23,2014-15,Crystal Palace,Liverpool,0.8,2.0,8.2,2.8,1.0,1.2,1.2,13.8,4.6,7.0,H
5438,2014-11-23,2014-15,Hull,Tottenham,0.8,0.8,9.0,2.2,5.0,1.2,1.8,15.4,4.8,6.0,A
5439,2014-11-24,2014-15,Aston Villa,Southampton,0.2,1.8,11.0,2.8,1.0,2.4,0.2,15.0,5.0,12.0,D
5440,2014-11-29,2014-15,Burnley,Aston Villa,1.0,2.0,11.2,3.0,6.0,0.4,1.6,11.2,2.8,2.0,D
5441,2014-11-29,2014-15,Liverpool,Stoke,1.0,1.6,12.4,3.4,4.0,1.4,1.4,16.4,3.6,7.0,H
5442,2014-11-29,2014-15,QPR,Leicester,1.4,1.6,12.6,3.8,4.0,0.0,1.2,9.6,3.0,1.0,H
5443,2014-11-29,2014-15,Sunderland,Chelsea,0.8,2.4,10.2,3.8,5.0,1.8,0.8,15.4,6.0,13.0,D
5444,2014-11-29,2014-15,Swansea,Crystal Palace,1.2,1.0,9.4,3.2,7.0,1.4,1.8,9.0,3.4,4.0,D
5445,2014-11-29,2014-15,West Brom,Arsenal,1.0,1.6,9.6,2.4,5.0,1.8,1.2,21.4,8.0,7.0,A
5446,2014-11-29,2014-15,West Ham,Newcastle,1.6,1.2,15.8,4.0,8.0,1.4,0.2,12.6,4.0,15.0,H
5447,2014-11-29,2014-15,Man United,Hull,1.2,1.0,17.0,4.6,8.0,0.6,1.2,8.0,2.2,2.0,H
5448,2014-11-30,2014-15,Southampton,Man City,2.6,0.2,16.6,5.2,13.0,2.0,1.2,20.6,7.8,10.0,A
5449,2014-11-30,2014-15,Tottenham,Everton,1.4,2.0,18.2,5.2,6.0,1.8,0.6,15.4,5.2,11.0,H
5450,2014-12-02,2014-15,Swansea,QPR,1.2,0.8,10.4,3.0,8.0,1.6,1.4,16.0,3.8,7.0,H
5451,2014-12-02,2014-15,West Brom,West Ham,0.6,1.4,9.8,2.2,4.0,1.2,1.0,13.8,3.4,8.0,A
5452,2014-12-02,2014-15,Man United,Stoke,1.4,0.6,15.0,4.4,10.0,1.0,1.4,15.6,3.8,4.0,H
5453,2014-12-02,2014-15,Crystal Palace,Aston Villa,1.4,1.6,9.8,3.6,5.0,0.6,1.2,12.8,3.8,3.0,A
5454,2014-12-02,2014-15,Burnley,Newcastle,1.0,1.6,10.0,3.2,7.0,1.2,0.4,10.2,3.0,12.0,D
5455,2014-12-02,2014-15,Leicester,Liverpool,0.4,1.6,12.0,3.6,1.0,0.6,1.2,12.6,3.0,4.0,A
5456,2014-12-03,2014-15,Arsenal,Southampton,1.6,0.8,19.8,7.2,9.0,1.0,0.8,15.2,3.8,10.0,H
5457,2014-12-03,2014-15,Chelsea,Tottenham,1.4,0.6,17.4,6.2,11.0,1.6,1.4,17.0,5.0,9.0,H
5458,2014-12-03,2014-15,Everton,Hull,1.4,1.0,14.4,5.0,8.0,0.2,1.4,8.0,1.8,1.0,D
5459,2014-12-03,2014-15,Sunderland,Man City,0.8,0.8,10.2,4.2,6.0,1.8,1.0,19.6,6.6,10.0,A
5460,2014-12-06,2014-15,Tottenham,Crystal Palace,1.4,1.6,15.6,5.0,9.0,1.0,1.4,11.6,3.4,4.0,D
5461,2014-12-06,2014-15,Stoke,Arsenal,1.2,1.6,15.0,4.4,4.0,1.4,0.8,20.6,7.8,9.0,H
5462,2014-12-06,2014-15,QPR,Burnley,1.2,1.8,14.8,3.2,4.0,1.0,1.2,9.6,3.0,8.0,H
5463,2014-12-06,2014-15,Man City,Everton,2.4,0.8,18.4,6.4,13.0,1.0,1.0,14.0,4.8,6.0,H
5464,2014-12-06,2014-15,Liverpool,Sunderland,1.2,1.4,11.4,2.8,6.0,1.0,1.2,9.6,4.0,6.0,D
5465,2014-12-06,2014-15,Hull,West Brom,0.4,1.6,8.4,1.4,1.0,0.4,1.4,11.0,2.4,3.0,D
5466,2014-12-06,2014-15,Newcastle,Chelsea,1.0,0.4,10.8,3.4,10.0,1.8,0.4,18.0,7.0,13.0,H
5467,2014-12-07,2014-15,Aston Villa,Leicester,0.8,0.8,10.8,3.2,6.0,0.6,1.8,14.2,3.6,1.0,H
5468,2014-12-07,2014-15,West Ham,Swansea,1.2,1.0,13.6,3.8,8.0,1.2,0.8,12.6,3.8,8.0,H
5469,2014-12-08,2014-15,Southampton,Man United,0.8,1.0,12.4,3.6,7.0,1.6,0.6,13.2,3.6,12.0,A
5470,2014-12-13,2014-15,Sunderland,West Ham,0.4,1.0,9.4,2.8,4.0,1.4,0.8,14.6,4.8,10.0,D
5471,2014-12-13,2014-15,West Brom,Aston Villa,0.2,1.4,10.6,2.4,1.0,1.0,0.6,11.6,4.4,9.0,H
5472,2014-12-13,2014-15,Crystal Palace,Stoke,0.8,0.8,13.0,4.0,5.0,1.4,1.6,13.4,4.0,6.0,D
5473,2014-12-13,2014-15,Leicester,Man City,0.8,2.0,13.4,3.4,1.0,2.4,0.8,19.0,5.8,13.0,A
5474,2014-12-13,2014-15,Chelsea,Hull,1.6,0.6,19.6,7.0,10.0,0.4,1.4,9.2,1.6,2.0,H
5475,2014-12-13,2014-15,Burnley,Southampton,1.0,1.0,11.4,3.2,8.0,0.8,1.4,13.4,3.8,4.0,H
5476,2014-12-13,2014-15,Arsenal,Newcastle,1.2,1.4,17.2,6.4,6.0,1.2,0.6,9.8,3.4,10.0,H
5477,2014-12-14,2014-15,Man United,Liverpool,2.0,0.6,12.0,3.6,15.0,1.2,1.2,13.2,2.6,7.0,H
5478,2014-12-14,2014-15,Swansea,Tottenham,1.4,1.4,13.2,4.2,7.0,1.0,1.4,14.8,4.2,7.0,A
5479,2014-12-15,2014-15,Everton,QPR,1.0,1.2,12.4,4.6,5.0,1.4,1.4,15.6,4.2,7.0,H
5480,2014-12-20,2014-15,West Ham,Leicester,1.6,1.0,14.2,5.4,10.0,0.8,1.8,13.8,3.6,1.0,H
5481,2014-12-20,2014-15,Tottenham,Burnley,1.2,1.2,14.0,4.2,10.0,1.0,1.0,10.0,3.0,8.0,H
5482,2014-12-20,2014-15,QPR,West Brom,1.2,1.6,15.6,4.2,6.0,0.4,1.0,11.2,3.0,4.0,H
5483,2014-12-20,2014-15,Southampton,Everton,0.4,1.6,12.8,3.4,1.0,1.4,1.2,11.8,4.2,7.0,H
5484,2014-12-20,2014-15,Hull,Swansea,0.4,1.6,8.4,1.4,2.0,1.2,1.6,14.0,3.8,4.0,A
5485,2014-12-20,2014-15,Aston Villa,Man United,1.0,0.8,10.6,4.0,8.0,2.4,0.6,9.6,3.8,15.0,D
5486,2014-12-20,2014-15,Man City,Crystal Palace,2.2,0.4,16.2,5.4,15.0,1.0,0.8,13.8,4.4,6.0,H
5487,2014-12-21,2014-15,Liverpool,Arsenal,1.0,1.4,14.6,3.6,7.0,1.8,1.2,18.2,6.4,9.0,D
5488,2014-12-21,2014-15,Newcastle,Sunderland,1.0,1.4,10.2,3.6,7.0,0.4,1.0,10.0,3.0,4.0,A
5489,2014-12-22,2014-15,Stoke,Chelsea,1.2,1.6,12.6,3.8,4.0,1.6,0.4,19.0,6.6,10.0,A
5490,2014-12-26,2014-15,Man United,Newcastle,2.2,0.6,10.4,5.2,13.0,0.8,1.6,10.4,3.8,4.0,H
5491,2014-12-26,2014-15,West Brom,Man City,0.8,1.2,13.4,4.0,4.0,2.4,0.2,14.6,4.0,15.0,A
5492,2014-12-26,2014-15,Swansea,Aston Villa,1.2,1.2,15.0,3.8,7.0,1.0,0.8,11.2,4.6,8.0,H
5493,2014-12-26,2014-15,Sunderland,Hull,0.6,1.0,11.2,2.6,6.0,0.2,1.4,8.6,1.6,2.0,A
5494,2014-12-26,2014-15,Leicester,Tottenham,0.8,2.2,13.2,3.6,0.0,1.2,1.2,14.0,4.2,10.0,A
5495,2014-12-26,2014-15,Everton,Stoke,1.0,1.6,11.6,4.2,4.0,1.0,1.6,10.2,3.4,4.0,A
5496,2014-12-26,2014-15,Crystal Palace,Southampton,0.4,1.2,12.0,3.6,3.0,0.8,1.4,12.0,3.2,3.0,A
5497,2014-12-26,2014-15,Burnley,Liverpool,0.8,1.2,10.8,3.2,5.0,1.2,1.2,17.6,5.4,8.0,A
5498,2014-12-26,2014-15,Arsenal,QPR,2.0,1.2,15.0,5.2,10.0,1.8,1.8,16.4,4.8,9.0,H
5499,2014-12-26,2014-15,Chelsea,West Ham,1.6,0.4,17.8,6.2,10.0,1.8,0.6,13.4,5.2,13.0,H
5500,2014-12-28,2014-15,Aston Villa,Sunderland,0.8,0.8,9.8,3.8,7.0,0.8,1.6,11.2,2.6,5.0,D
5501,2014-12-28,2014-15,Hull,Leicester,0.8,1.0,10.4,2.2,5.0,0.6,2.0,13.8,3.8,0.0,A
5502,2014-12-28,2014-15,Man City,Burnley,2.4,0.4,13.4,3.8,15.0,0.6,1.2,11.8,2.4,4.0,D
5503,2014-12-28,2014-15,Newcastle,Everton,1.0,2.0,10.6,4.4,4.0,0.8,1.4,12.8,4.2,4.0,H
5504,2014-12-28,2014-15,QPR,Crystal Palace,1.4,1.8,13.2,4.0,6.0,0.4,1.6,12.0,3.4,2.0,D
5505,2014-12-28,2014-15,Southampton,Chelsea,1.4,1.0,12.0,3.6,6.0,2.0,0.4,18.6,6.8,12.0,D
5506,2014-12-28,2014-15,Stoke,West Brom,1.2,1.4,10.0,3.0,7.0,1.0,1.6,15.2,5.0,4.0,H
5507,2014-12-28,2014-15,Tottenham,Man United,1.2,1.2,13.0,3.6,10.0,2.2,0.8,9.8,4.8,13.0,D
5508,2014-12-28,2014-15,West Ham,Arsenal,1.6,1.0,12.2,4.6,10.0,2.2,1.4,14.6,5.2,10.0,A
5509,2014-12-29,2014-15,Liverpool,Swansea,1.2,1.2,16.4,5.4,8.0,1.2,1.0,12.8,3.4,9.0,H
5510,2015-01-01,2014-15,Tottenham,Chelsea,1.2,0.6,12.8,4.0,11.0,1.6,0.6,17.6,5.4,10.0,H
5511,2015-01-01,2014-15,Hull,Everton,0.6,1.0,12.4,3.0,4.0,1.0,1.8,12.0,3.6,3.0,H
5512,2015-01-01,2014-15,Stoke,Man United,1.4,1.0,11.6,2.8,10.0,1.8,0.6,9.6,5.2,11.0,D
5513,2015-01-01,2014-15,West Ham,West Brom,1.4,1.2,12.8,4.2,7.0,0.8,1.6,13.6,4.8,4.0,D
5514,2015-01-01,2014-15,Southampton,Arsenal,1.6,1.0,12.6,3.6,7.0,2.4,1.6,15.0,5.0,10.0,H
5515,2015-01-01,2014-15,Aston Villa,Crystal Palace,0.6,0.8,11.6,3.8,5.0,0.4,1.4,10.6,3.0,3.0,D
5516,2015-01-01,2014-15,Newcastle,Burnley,1.4,2.2,11.0,4.8,6.0,0.8,1.4,11.8,2.6,4.0,D
5517,2015-01-01,2014-15,Man City,Sunderland,2.0,0.6,13.8,4.2,13.0,0.6,0.8,12.6,2.8,6.0,H
5518,2015-01-01,2014-15,Liverpool,Leicester,1.4,1.2,18.4,7.0,8.0,0.6,1.4,10.6,3.4,3.0,D
5519,2015-01-01,2014-15,QPR,Swansea,1.4,1.4,14.4,4.4,7.0,1.0,1.8,11.4,2.8,6.0,D
5520,2015-01-10,2014-15,West Brom,Hull,1.0,1.8,15.2,4.8,4.0,1.0,1.0,12.8,3.6,6.0,H
5521,2015-01-10,2014-15,Swansea,West Ham,1.0,1.4,14.2,3.6,7.0,1.0,1.2,11.4,3.4,5.0,D
5522,2015-01-10,2014-15,Sunderland,Liverpool,1.0,1.4,12.0,3.4,5.0,1.8,1.6,19.0,7.8,8.0,A
5523,2015-01-10,2014-15,Leicester,Aston Villa,0.8,1.4,11.8,3.2,4.0,0.2,0.6,11.2,3.0,3.0,H
5524,2015-01-10,2014-15,Crystal Palace,Tottenham,0.4,1.4,8.6,2.2,3.0,2.2,1.2,12.2,5.0,13.0,H
5525,2015-01-10,2014-15,Chelsea,Newcastle,2.0,1.2,16.2,5.2,10.0,1.6,2.6,11.2,5.0,4.0,H
5526,2015-01-10,2014-15,Burnley,QPR,1.4,1.6,11.8,2.8,5.0,1.2,1.6,17.0,4.4,5.0,H
5527,2015-01-10,2014-15,Everton,Man City,1.0,2.0,12.0,3.8,3.0,2.4,1.0,16.4,6.0,13.0,D
5528,2015-01-11,2014-15,Arsenal,Stoke,2.0,1.4,14.2,5.0,10.0,1.0,0.8,11.2,2.4,8.0,H
5529,2015-01-11,2014-15,Man United,Southampton,1.6,0.6,10.2,5.2,9.0,1.8,0.6,12.2,4.0,10.0,A
5530,2015-01-17,2014-15,Tottenham,Sunderland,2.0,1.4,12.0,5.2,10.0,0.8,1.4,10.4,2.8,4.0,H
5531,2015-01-17,2014-15,Swansea,Chelsea,1.0,1.2,15.0,3.6,8.0,2.0,1.2,15.6,5.6,10.0,A
5532,2015-01-17,2014-15,QPR,Man United,1.2,1.4,17.0,5.0,5.0,1.0,0.8,10.0,4.0,6.0,A
5533,2015-01-17,2014-15,Burnley,Crystal Palace,1.6,1.8,14.0,3.8,5.0,0.6,1.4,10.8,3.0,5.0,A
5534,2015-01-17,2014-15,Leicester,Stoke,1.0,1.2,12.6,3.6,7.0,0.8,1.2,11.2,2.2,7.0,A
5535,2015-01-17,2014-15,Aston Villa,Liverpool,0.2,0.6,12.2,2.8,3.0,2.0,1.0,19.4,6.8,11.0,A
5536,2015-01-17,2014-15,Newcastle,Southampton,1.4,2.2,11.4,5.2,4.0,2.0,0.4,11.0,3.4,13.0,A
5537,2015-01-18,2014-15,Man City,Arsenal,2.4,1.2,18.2,5.6,11.0,1.8,1.2,13.6,5.4,10.0,A
5538,2015-01-18,2014-15,West Ham,Hull,1.0,1.2,9.8,2.8,5.0,1.0,0.8,13.6,4.0,6.0,H
5539,2015-01-19,2014-15,Everton,West Brom,0.6,2.0,11.6,3.6,1.0,1.0,1.8,14.4,4.4,4.0,D
5540,2015-01-31,2014-15,Sunderland,Burnley,0.8,1.8,8.8,3.0,1.0,1.8,2.0,13.6,3.6,5.0,H
5541,2015-01-31,2014-15,Chelsea,Man City,2.6,1.2,16.8,6.6,10.0,1.8,1.6,17.6,5.8,8.0,D
5542,2015-01-31,2014-15,Crystal Palace,Everton,1.2,1.2,11.8,3.6,8.0,0.6,1.4,12.4,3.6,2.0,A
5543,2015-01-31,2014-15,Hull,Newcastle,1.0,1.2,13.2,4.0,6.0,1.6,2.4,11.6,4.4,4.0,A
5544,2015-01-31,2014-15,Liverpool,West Ham,2.0,0.6,16.4,5.8,13.0,1.2,1.2,11.2,3.6,5.0,H
5545,2015-01-31,2014-15,Man United,Leicester,1.2,0.6,9.2,3.6,8.0,1.0,1.0,12.0,3.4,7.0,H
5546,2015-01-31,2014-15,Stoke,QPR,1.0,0.8,11.2,2.4,10.0,0.6,1.4,17.2,4.4,2.0,H
5547,2015-01-31,2014-15,West Brom,Tottenham,0.6,1.2,12.2,3.2,5.0,2.0,1.4,12.4,5.6,10.0,A
5548,2015-02-01,2014-15,Arsenal,Aston Villa,1.8,0.8,14.0,5.4,12.0,0.0,0.8,13.2,2.8,2.0,H
5549,2015-02-01,2014-15,Southampton,Swansea,1.8,0.6,9.8,3.4,13.0,0.8,2.2,14.6,3.0,5.0,A
5550,2015-02-07,2014-15,Swansea,Sunderland,0.8,2.2,14.4,2.8,5.0,1.0,1.2,8.0,3.0,4.0,D
5551,2015-02-07,2014-15,Tottenham,Arsenal,2.2,1.2,13.6,5.8,10.0,2.4,0.6,13.6,6.0,12.0,H
5552,2015-02-07,2014-15,QPR,Southampton,0.6,1.6,16.8,4.8,2.0,1.2,0.6,10.2,3.4,10.0,A
5553,2015-02-07,2014-15,Everton,Liverpool,0.8,1.2,12.0,3.0,5.0,2.2,0.6,18.6,6.6,13.0,D
5554,2015-02-07,2014-15,Leicester,Crystal Palace,1.0,1.2,8.4,2.4,7.0,1.0,0.8,12.2,3.4,8.0,A
5555,2015-02-07,2014-15,Man City,Hull,1.4,1.6,17.8,5.8,6.0,0.4,1.6,13.2,4.6,3.0,D
5556,2015-02-07,2014-15,Aston Villa,Chelsea,0.0,1.6,12.8,2.6,2.0,2.4,1.4,11.8,5.2,8.0,A
5557,2015-02-08,2014-15,Burnley,West Brom,1.8,2.2,13.0,4.4,5.0,0.4,1.2,11.2,2.8,5.0,D
5558,2015-02-08,2014-15,Newcastle,Stoke,2.0,1.8,12.4,4.6,7.0,1.4,1.0,11.8,2.6,10.0,D
5559,2015-02-08,2014-15,West Ham,Man United,1.2,1.2,11.4,4.0,5.0,1.2,0.6,9.8,3.8,8.0,D
5560,2015-02-10,2014-15,Liverpool,Tottenham,1.4,0.4,17.8,5.6,11.0,2.6,1.4,16.4,6.6,12.0,H
5561,2015-02-10,2014-15,Sunderland,QPR,1.2,1.4,5.8,2.6,4.0,0.6,1.8,17.0,4.8,1.0,A
5562,2015-02-10,2014-15,Arsenal,Leicester,2.2,0.8,10.8,5.2,9.0,0.8,1.4,11.4,3.0,4.0,H
5563,2015-02-10,2014-15,Hull,Aston Villa,0.6,1.6,11.0,4.2,4.0,0.2,2.0,11.6,2.2,1.0,H
5564,2015-02-11,2014-15,Chelsea,Everton,2.6,1.4,12.8,6.0,10.0,0.4,0.6,11.4,2.8,6.0,H
5565,2015-02-11,2014-15,Crystal Palace,Newcastle,1.2,0.8,13.0,3.2,10.0,1.6,1.6,11.6,4.0,5.0,D
5566,2015-02-11,2014-15,Man United,Burnley,1.4,0.8,11.6,4.0,8.0,1.8,2.2,13.0,4.8,5.0,H
5567,2015-02-11,2014-15,Southampton,West Ham,1.2,0.4,11.6,4.2,12.0,1.2,1.0,11.2,4.4,6.0,D
5568,2015-02-11,2014-15,Stoke,Man City,1.2,1.2,10.6,2.6,8.0,1.2,1.4,18.0,5.6,6.0,A
5569,2015-02-11,2014-15,West Brom,Swansea,0.8,1.2,10.6,3.0,6.0,0.8,1.6,15.4,3.4,6.0,H
5570,2015-02-21,2014-15,Sunderland,West Brom,0.8,1.2,8.2,2.8,4.0,1.0,1.0,10.0,3.2,8.0,D
5571,2015-02-21,2014-15,Swansea,Man United,0.6,1.8,12.4,2.8,5.0,1.8,0.8,12.6,5.0,10.0,H
5572,2015-02-21,2014-15,Man City,Newcastle,1.4,1.2,14.4,4.8,6.0,1.2,1.2,10.6,3.4,5.0,H
5573,2015-02-21,2014-15,Hull,QPR,0.6,1.6,10.2,4.0,4.0,0.8,1.6,16.0,4.4,3.0,H
5574,2015-02-21,2014-15,Crystal Palace,Arsenal,1.4,1.0,13.2,3.8,10.0,2.6,0.6,12.0,5.4,12.0,A
5575,2015-02-21,2014-15,Chelsea,Burnley,2.2,0.4,13.2,6.0,13.0,1.4,2.2,12.6,4.6,4.0,D
5576,2015-02-21,2014-15,Aston Villa,Stoke,0.2,2.4,11.0,2.4,0.0,1.2,1.8,11.8,3.2,7.0,A
5577,2015-02-22,2014-15,Everton,Leicester,0.4,0.4,11.0,3.0,6.0,0.6,1.4,10.4,3.2,3.0,D
5578,2015-02-22,2014-15,Southampton,Liverpool,0.8,0.4,13.2,4.4,10.0,1.6,0.4,17.4,5.8,13.0,A
5579,2015-02-22,2014-15,Tottenham,West Ham,2.0,1.4,17.0,6.0,9.0,1.0,0.8,10.4,4.0,6.0,D
5580,2015-02-28,2014-15,West Ham,Crystal Palace,1.2,1.0,10.6,4.0,6.0,1.2,1.2,13.4,3.0,7.0,A
5581,2015-02-28,2014-15,West Brom,Southampton,0.8,1.0,9.2,2.8,6.0,0.6,0.8,14.0,5.2,7.0,H
5582,2015-02-28,2014-15,Stoke,Hull,1.6,1.4,12.6,4.0,10.0,1.0,1.6,11.0,4.8,7.0,H
5583,2015-02-28,2014-15,Man United,Sunderland,2.0,1.0,14.2,5.6,10.0,0.8,1.0,9.8,3.0,5.0,H
5584,2015-02-28,2014-15,Burnley,Swansea,1.2,2.2,11.0,4.2,2.0,0.8,1.8,10.8,3.4,7.0,A
5585,2015-02-28,2014-15,Newcastle,Aston Villa,1.2,1.8,10.0,2.6,5.0,0.4,2.6,9.2,2.6,0.0,H
5586,2015-03-01,2014-15,Arsenal,Everton,2.4,0.8,11.6,5.0,12.0,0.6,0.6,12.4,2.8,6.0,H
5587,2015-03-01,2014-15,Liverpool,Man City,1.8,0.4,14.4,5.8,13.0,2.2,1.0,14.0,6.2,8.0,H
5588,2015-03-03,2014-15,Aston Villa,West Brom,0.4,2.4,8.8,2.4,0.0,1.0,1.0,9.6,3.4,8.0,H
5589,2015-03-03,2014-15,Hull,Sunderland,1.0,1.2,9.4,4.2,7.0,0.6,1.0,9.2,2.8,5.0,D
5590,2015-03-03,2014-15,Southampton,Crystal Palace,0.2,0.8,15.4,5.0,4.0,1.2,1.0,13.6,3.2,7.0,H
5591,2015-03-04,2014-15,Tottenham,Swansea,2.2,1.4,20.6,6.6,10.0,1.0,0.8,10.2,3.8,10.0,H
5592,2015-03-04,2014-15,West Ham,Chelsea,0.8,1.6,11.6,3.8,3.0,2.0,0.6,14.2,6.0,11.0,A
5593,2015-03-04,2014-15,Stoke,Everton,1.6,1.4,13.4,3.8,10.0,0.6,1.0,10.6,2.4,5.0,H
5594,2015-03-04,2014-15,Newcastle,Man United,1.2,1.4,9.6,3.0,8.0,2.0,1.0,17.8,6.2,10.0,A
5595,2015-03-04,2014-15,QPR,Arsenal,0.8,1.6,14.2,3.6,3.0,2.4,0.8,13.2,5.2,12.0,A
5596,2015-03-04,2014-15,Man City,Leicester,2.4,1.0,13.2,5.6,8.0,0.8,1.8,11.2,3.4,1.0,H
5597,2015-03-04,2014-15,Liverpool,Burnley,1.8,0.6,14.2,5.8,13.0,0.8,1.8,12.2,4.6,2.0,H
5598,2015-03-07,2014-15,QPR,Tottenham,1.0,1.6,12.6,3.4,3.0,2.4,1.6,19.6,6.4,10.0,A
5599,2015-03-14,2014-15,West Brom,Stoke,1.2,0.8,7.6,2.8,8.0,1.4,1.2,12.6,3.8,10.0,H
5600,2015-03-14,2014-15,Leicester,Hull,0.8,2.0,11.0,3.2,1.0,1.2,0.8,9.8,3.6,8.0,D
5601,2015-03-14,2014-15,Sunderland,Aston Villa,0.4,1.2,9.4,2.8,3.0,0.8,1.6,10.2,3.6,3.0,A
5602,2015-03-14,2014-15,Burnley,Man City,0.8,1.8,11.4,4.0,2.0,2.6,0.8,15.6,6.4,10.0,H
5603,2015-03-14,2014-15,Arsenal,West Ham,1.8,1.0,14.6,5.4,12.0,0.8,1.4,13.8,4.4,3.0,H
5604,2015-03-14,2014-15,Crystal Palace,QPR,1.2,1.0,12.8,3.2,7.0,1.0,1.4,13.2,3.8,3.0,H
5605,2015-03-15,2014-15,Chelsea,Southampton,1.2,0.6,12.4,4.4,11.0,0.4,0.6,17.0,4.4,7.0,D
5606,2015-03-15,2014-15,Everton,Newcastle,0.4,1.4,9.8,3.0,2.0,0.6,1.6,9.0,2.4,5.0,H
5607,2015-03-15,2014-15,Man United,Tottenham,1.6,0.8,17.6,6.2,10.0,2.2,1.8,19.4,6.8,10.0,H
5608,2015-03-16,2014-15,Swansea,Liverpool,1.2,1.4,11.0,4.6,7.0,1.8,0.6,14.0,6.0,13.0,A
5609,2015-03-21,2014-15,Tottenham,Leicester,1.8,2.2,15.8,5.4,7.0,0.6,1.4,13.2,3.6,2.0,H
5610,2015-03-21,2014-15,West Ham,Sunderland,0.6,1.8,12.6,3.4,2.0,0.2,1.8,11.0,3.0,2.0,H
5611,2015-03-21,2014-15,Stoke,Crystal Palace,1.2,1.2,13.0,3.6,9.0,1.6,1.2,13.0,3.6,7.0,A
5612,2015-03-21,2014-15,Southampton,Burnley,0.4,0.8,16.2,4.4,5.0,0.6,1.4,11.0,3.8,4.0,H
5613,2015-03-21,2014-15,Newcastle,Arsenal,0.4,2.0,9.6,2.6,4.0,2.2,0.6,17.0,6.6,15.0,A
5614,2015-03-21,2014-15,Man City,West Brom,2.4,0.8,16.2,6.4,9.0,1.0,0.4,8.0,2.8,10.0,H
5615,2015-03-21,2014-15,Aston Villa,Swansea,1.4,1.2,11.4,5.0,6.0,1.0,1.4,9.8,3.8,6.0,A
5616,2015-03-22,2014-15,Hull,Chelsea,1.0,0.6,10.8,4.0,8.0,1.2,0.6,16.2,5.4,11.0,A
5617,2015-03-22,2014-15,Liverpool,Man United,2.0,0.6,13.8,5.8,15.0,2.0,0.6,16.2,5.6,12.0,A
5618,2015-03-22,2014-15,QPR,Everton,1.2,1.8,13.0,4.0,3.0,1.0,1.4,11.6,4.6,4.0,A
5619,2015-04-04,2014-15,West Brom,QPR,0.6,1.0,6.4,2.0,7.0,1.0,2.2,12.0,3.4,0.0,A
5620,2015-04-04,2014-15,Swansea,Hull,1.2,1.0,9.6,4.4,9.0,1.0,1.2,12.6,4.8,5.0,H
5621,2015-04-04,2014-15,Man United,Aston Villa,1.8,0.6,15.2,5.0,12.0,1.4,1.0,11.6,4.8,6.0,H
5622,2015-04-04,2014-15,Everton,Southampton,1.4,1.4,11.8,4.4,7.0,0.8,0.8,16.0,3.6,7.0,H
5623,2015-04-04,2014-15,Chelsea,Stoke,1.4,0.8,15.4,5.0,11.0,1.2,0.8,13.0,3.4,9.0,H
5624,2015-04-04,2014-15,Arsenal,Liverpool,2.2,0.6,15.0,5.8,15.0,1.6,0.6,12.0,4.6,12.0,H
5625,2015-04-04,2014-15,Leicester,West Ham,1.2,2.0,12.2,3.6,2.0,0.8,1.8,14.8,4.0,4.0,H
5626,2015-04-05,2014-15,Burnley,Tottenham,0.4,1.2,11.4,3.8,4.0,2.2,2.2,15.0,5.2,10.0,D
5627,2015-04-05,2014-15,Sunderland,Newcastle,0.2,1.6,9.2,2.6,2.0,0.4,2.2,11.8,3.2,3.0,H
5628,2015-04-06,2014-15,Crystal Palace,Man City,1.8,1.2,14.0,3.6,9.0,2.2,0.6,22.0,8.0,9.0,H
5629,2015-04-07,2014-15,Aston Villa,QPR,1.4,1.2,11.8,4.8,6.0,1.6,2.0,12.8,4.2,3.0,D
5630,2015-04-11,2014-15,West Brom,Leicester,0.8,1.8,9.6,3.0,6.0,1.4,1.8,14.0,4.2,5.0,A
5631,2015-04-11,2014-15,West Ham,Stoke,0.6,1.8,15.2,4.4,3.0,1.0,1.0,12.2,2.6,6.0,D
5632,2015-04-11,2014-15,Tottenham,Aston Villa,1.8,1.8,12.0,4.0,10.0,2.0,1.6,13.4,5.6,7.0,A
5633,2015-04-11,2014-15,Burnley,Arsenal,0.2,1.0,12.4,3.6,4.0,2.6,0.6,15.8,7.0,15.0,A
5634,2015-04-11,2014-15,Sunderland,Crystal Palace,0.4,1.6,9.8,3.0,4.0,2.0,1.0,10.6,3.6,12.0,A
5635,2015-04-11,2014-15,Southampton,Hull,0.8,0.6,15.6,3.0,7.0,0.8,1.6,11.4,3.8,2.0,H
5636,2015-04-11,2014-15,Swansea,Everton,1.4,1.0,9.2,4.0,9.0,1.2,1.0,10.4,4.0,9.0,D
5637,2015-04-12,2014-15,Man United,Man City,2.2,0.4,15.4,5.8,15.0,1.4,1.0,23.2,7.0,6.0,H
5638,2015-04-12,2014-15,QPR,Chelsea,2.0,2.2,13.0,4.6,4.0,1.6,1.0,15.0,5.6,11.0,A
5639,2015-04-13,2014-15,Liverpool,Newcastle,1.4,1.4,13.4,4.2,9.0,0.4,1.4,12.2,3.2,3.0,H
5640,2015-04-18,2014-15,Chelsea,Man United,1.6,0.8,14.0,4.8,13.0,2.6,0.8,11.6,5.2,15.0,H
5641,2015-04-18,2014-15,Crystal Palace,West Brom,2.2,1.0,11.0,3.6,12.0,1.0,2.4,9.8,3.4,3.0,A
5642,2015-04-18,2014-15,Everton,Burnley,1.4,0.8,11.2,5.2,10.0,0.2,1.0,11.4,3.2,4.0,H
5643,2015-04-18,2014-15,Leicester,Swansea,1.6,1.8,13.4,4.2,7.0,1.4,1.2,9.8,4.2,7.0,H
5644,2015-04-18,2014-15,Stoke,Southampton,1.0,1.2,12.4,2.6,4.0,1.2,0.4,15.0,3.4,10.0,H
5645,2015-04-19,2014-15,Man City,West Ham,1.6,1.4,23.6,7.4,6.0,0.6,1.4,13.0,4.0,4.0,H
5646,2015-04-19,2014-15,Newcastle,Tottenham,0.2,1.8,11.4,2.8,0.0,1.2,1.6,10.8,3.2,7.0,A
5647,2015-04-25,2014-15,West Brom,Liverpool,1.2,2.0,10.8,4.0,6.0,1.4,1.2,14.0,4.4,9.0,D
5648,2015-04-25,2014-15,Stoke,Sunderland,1.0,1.4,13.2,2.4,4.0,0.6,2.0,11.2,3.0,4.0,D
5649,2015-04-25,2014-15,QPR,West Ham,1.8,2.0,12.6,4.2,4.0,0.6,1.6,11.2,3.6,4.0,D
5650,2015-04-25,2014-15,Southampton,Tottenham,1.2,0.8,12.8,4.0,7.0,1.4,1.6,11.0,3.6,7.0,D
5651,2015-04-25,2014-15,Man City,Aston Villa,1.6,1.4,22.8,6.2,6.0,1.8,1.4,12.2,4.6,7.0,H
5652,2015-04-25,2014-15,Crystal Palace,Hull,2.2,1.2,13.0,3.8,12.0,0.8,1.8,14.2,4.6,2.0,A
5653,2015-04-25,2014-15,Burnley,Leicester,0.2,0.8,11.6,3.2,4.0,2.0,1.4,15.8,5.0,10.0,A
5654,2015-04-25,2014-15,Newcastle,Swansea,0.4,2.2,11.8,3.4,0.0,1.0,1.0,9.8,4.4,7.0,A
5655,2015-04-26,2014-15,Arsenal,Chelsea,2.4,0.6,15.8,7.2,15.0,1.6,0.8,13.0,4.6,13.0,D
5656,2015-04-26,2014-15,Everton,Man United,1.6,0.4,13.4,5.8,13.0,2.4,1.0,12.4,4.6,12.0,H
5657,2015-04-28,2014-15,Hull,Liverpool,1.0,1.6,15.4,5.0,4.0,1.0,1.2,14.4,3.8,7.0,H
5658,2015-04-29,2014-15,Leicester,Chelsea,2.2,1.4,14.4,5.2,12.0,1.4,0.6,10.0,3.8,13.0,A
5659,2015-05-02,2014-15,West Ham,Burnley,0.6,1.0,11.4,3.8,5.0,0.0,1.0,12.0,3.2,1.0,H
5660,2015-05-02,2014-15,Swansea,Stoke,1.6,1.2,10.0,5.0,10.0,1.2,1.4,16.0,3.6,5.0,H
5661,2015-05-02,2014-15,Sunderland,Southampton,0.6,2.0,12.4,3.4,4.0,1.4,1.0,13.0,3.8,7.0,H
5662,2015-05-02,2014-15,Liverpool,QPR,0.8,1.4,13.6,4.6,4.0,1.6,1.4,14.0,4.8,5.0,H
5663,2015-05-02,2014-15,Leicester,Newcastle,1.8,1.2,13.2,4.6,12.0,0.8,2.2,11.8,3.4,0.0,H
5664,2015-05-02,2014-15,Aston Villa,Everton,1.4,2.0,12.0,3.8,4.0,1.6,0.4,12.2,5.4,13.0,H
5665,2015-05-02,2014-15,Man United,West Brom,1.8,1.6,13.6,4.8,9.0,1.0,2.0,10.0,3.8,4.0,A
5666,2015-05-03,2014-15,Chelsea,Crystal Palace,1.4,0.4,10.6,4.0,13.0,1.6,1.4,11.4,3.6,9.0,H
5667,2015-05-03,2014-15,Tottenham,Man City,1.8,1.4,11.4,3.8,8.0,2.2,1.6,20.8,6.0,9.0,A
5668,2015-05-04,2014-15,Hull,Arsenal,1.2,1.6,14.4,4.8,6.0,2.0,0.4,14.2,5.6,13.0,A
5669,2015-05-09,2014-15,Stoke,Tottenham,1.0,1.4,14.4,3.4,5.0,1.0,1.0,13.6,4.0,5.0,H
5670,2015-05-09,2014-15,Newcastle,West Brom,0.6,2.4,11.0,3.2,0.0,1.2,1.4,10.6,4.4,7.0,D
5671,2015-05-09,2014-15,Leicester,Southampton,2.0,1.0,13.0,4.6,12.0,1.2,1.4,11.2,3.6,4.0,H
5672,2015-05-09,2014-15,Crystal Palace,Man United,1.2,1.4,10.6,3.2,6.0,1.4,1.6,17.6,5.8,6.0,A
5673,2015-05-09,2014-15,Everton,Sunderland,1.6,0.8,12.4,5.8,10.0,1.0,1.4,12.4,4.2,7.0,A
5674,2015-05-09,2014-15,Aston Villa,West Ham,2.0,2.2,11.8,4.0,7.0,0.6,1.0,14.2,4.4,5.0,H
5675,2015-05-09,2014-15,Hull,Burnley,1.0,1.6,12.2,3.4,6.0,0.0,0.8,10.6,3.0,1.0,A
5676,2015-05-10,2014-15,Chelsea,Liverpool,1.2,0.2,10.2,3.4,13.0,1.0,1.2,17.2,6.0,7.0,D
5677,2015-05-10,2014-15,Man City,QPR,1.8,1.6,15.2,3.6,9.0,1.6,1.4,13.2,5.0,5.0,H
5678,2015-05-11,2014-15,Arsenal,Swansea,2.0,0.6,14.8,5.6,13.0,1.8,1.2,11.4,4.6,10.0,A
5679,2015-05-16,2014-15,Burnley,Stoke,0.2,0.8,9.2,2.6,3.0,1.4,1.0,16.4,4.8,8.0,D
5680,2015-05-16,2014-15,Liverpool,Crystal Palace,1.0,0.6,17.6,6.4,8.0,1.0,1.6,12.2,3.4,3.0,A
5681,2015-05-16,2014-15,QPR,Newcastle,0.8,2.4,12.6,4.2,2.0,0.8,2.4,12.0,4.0,1.0,H
5682,2015-05-16,2014-15,Southampton,Aston Villa,1.2,1.6,11.0,3.8,4.0,2.0,1.6,14.0,4.6,10.0,H
5683,2015-05-16,2014-15,Sunderland,Leicester,1.4,1.2,13.0,4.2,10.0,1.8,0.6,12.6,4.4,12.0,D
5684,2015-05-16,2014-15,Tottenham,Hull,1.0,1.6,13.0,4.2,4.0,0.8,1.2,14.4,3.8,6.0,H
5685,2015-05-16,2014-15,West Ham,Everton,0.4,0.8,12.4,3.2,5.0,1.4,1.2,14.6,6.4,7.0,A
5686,2015-05-17,2014-15,Man United,Arsenal,1.2,1.6,16.4,5.2,6.0,1.6,0.6,18.0,6.8,10.0,D
5687,2015-05-17,2014-15,Swansea,Man City,1.4,1.0,11.2,4.4,10.0,2.8,1.2,15.4,5.0,12.0,A
5688,2015-05-18,2014-15,West Brom,Chelsea,1.2,0.8,8.0,3.8,8.0,1.2,0.4,10.0,3.8,11.0,H
5689,2015-05-20,2014-15,Arsenal,Sunderland,1.0,0.6,15.8,5.4,8.0,1.2,1.2,12.4,4.0,8.0,D
5690,2015-05-24,2014-15,Arsenal,West Brom,0.8,0.6,18.0,6.0,6.0,1.4,0.2,8.2,3.8,11.0,H
5691,2015-05-24,2014-15,Stoke,Liverpool,1.2,0.8,15.0,5.0,8.0,0.8,1.2,18.4,5.8,5.0,H
5692,2015-05-24,2014-15,Man City,Southampton,3.2,0.8,17.8,6.6,15.0,2.0,1.8,12.8,5.2,4.0,H
5693,2015-05-24,2014-15,Leicester,QPR,1.4,0.6,11.2,3.2,10.0,0.6,2.0,12.0,4.0,4.0,H
5694,2015-05-24,2014-15,Hull,Man United,0.8,1.2,14.2,3.4,6.0,0.6,1.4,16.6,4.6,4.0,D
5695,2015-05-24,2014-15,Newcastle,West Ham,1.0,2.4,14.4,5.0,1.0,0.4,1.0,12.8,3.2,4.0,H
5696,2015-05-24,2014-15,Crystal Palace,Swansea,0.8,1.6,12.4,3.6,3.0,1.6,1.6,11.6,5.6,9.0,H
5697,2015-05-24,2014-15,Chelsea,Sunderland,1.0,1.0,11.0,4.0,8.0,1.0,0.4,11.4,4.0,9.0,H
5698,2015-05-24,2014-15,Aston Villa,Burnley,1.6,2.2,11.6,4.0,9.0,0.2,0.6,9.8,2.6,4.0,A
5699,2015-05-24,2014-15,Everton,Tottenham,1.6,1.2,16.4,5.8,9.0,1.4,1.4,12.2,4.2,7.0,A
5700,2015-08-08,2015-16,Norwich,Crystal Palace,0.4,2.0,10.4,3.6,1.0,1.0,1.2,11.2,4.2,6.0,A
5702,2015-08-08,2015-16,Chelsea,Swansea,1.6,1.2,14.4,5.0,10.0,1.6,1.4,10.6,4.8,9.0,D
5703,2015-08-08,2015-16,Everton,Watford,1.4,1.4,14.0,4.4,6.0,1.0,1.2,7.2,2.8,5.0,D
5704,2015-08-08,2015-16,Leicester,Sunderland,2.2,0.8,14.0,3.8,10.0,1.0,0.8,11.8,4.8,8.0,H
5705,2015-08-08,2015-16,Man United,Tottenham,0.6,1.2,15.0,4.4,5.0,1.0,1.2,12.6,3.2,7.0,H
5706,2015-08-09,2015-16,Newcastle,Southampton,1.2,1.8,15.6,4.8,4.0,1.8,1.8,13.0,4.8,4.0,D
5707,2015-08-09,2015-16,Stoke,Liverpool,2.0,0.8,15.0,6.4,8.0,1.0,2.4,16.6,5.6,4.0,A
5708,2015-08-09,2015-16,Arsenal,West Ham,1.6,0.8,20.4,8.4,8.0,0.4,1.0,11.8,2.8,4.0,A
5709,2015-08-10,2015-16,West Brom,Man City,1.2,1.0,9.4,4.0,8.0,3.2,0.8,17.2,7.2,15.0,A
5710,2015-08-14,2015-16,Aston Villa,Man United,1.2,1.8,11.6,4.2,9.0,0.8,0.6,13.4,3.8,8.0,A
5711,2015-08-15,2015-16,Southampton,Everton,1.8,1.8,13.4,5.0,4.0,1.2,1.8,14.2,4.0,4.0,A
5712,2015-08-15,2015-16,Sunderland,Norwich,1.0,1.4,11.4,4.6,5.0,0.6,2.4,11.2,4.2,1.0,A
5713,2015-08-15,2015-16,Swansea,Newcastle,1.4,1.4,12.0,5.6,7.0,1.2,1.6,15.0,4.8,5.0,H
5714,2015-08-15,2015-16,Tottenham,Stoke,0.6,1.0,13.0,3.6,6.0,1.8,0.8,11.8,5.0,7.0,D
5715,2015-08-15,2015-16,Watford,West Brom,1.2,1.0,8.6,3.0,6.0,1.2,1.6,9.2,3.6,7.0,D
5716,2015-08-15,2015-16,West Ham,Leicester,0.8,1.0,11.8,3.2,6.0,2.8,0.6,16.2,5.0,13.0,A
5717,2015-08-16,2015-16,Crystal Palace,Arsenal,1.6,1.0,12.0,5.0,9.0,1.0,1.0,20.4,7.8,5.0,A
5718,2015-08-16,2015-16,Man City,Chelsea,3.2,0.4,18.8,7.8,15.0,1.4,1.4,14.4,4.8,8.0,H
5721,2015-08-22,2015-16,Sunderland,Swansea,0.8,2.0,10.6,4.4,2.0,1.4,1.4,12.6,6.0,7.0,D
5722,2015-08-22,2015-16,Norwich,Stoke,0.8,2.0,12.4,4.4,4.0,2.2,0.8,13.2,5.8,8.0,D
5723,2015-08-22,2015-16,Leicester,Tottenham,2.6,0.8,14.6,4.8,13.0,1.0,1.2,11.4,4.0,7.0,D
5724,2015-08-22,2015-16,Crystal Palace,Aston Villa,1.8,1.2,12.6,5.6,9.0,0.6,1.6,10.4,3.6,6.0,H
5725,2015-08-22,2015-16,Man United,Newcastle,1.0,0.4,10.0,2.4,11.0,1.2,1.4,13.4,4.6,5.0,D
5726,2015-08-23,2015-16,Everton,Man City,1.4,1.2,14.4,3.8,7.0,3.6,0.4,19.4,8.6,15.0,A
5727,2015-08-23,2015-16,Watford,Southampton,1.0,0.8,11.0,3.8,6.0,1.6,2.0,14.6,5.4,4.0,D
5728,2015-08-23,2015-16,West Brom,Chelsea,1.0,1.6,9.2,3.0,5.0,1.2,2.0,13.0,4.0,5.0,A
5729,2015-08-24,2015-16,Arsenal,Liverpool,1.4,1.0,19.8,7.4,8.0,1.0,2.0,14.4,3.2,7.0,D
5731,2015-08-29,2015-16,Aston Villa,Sunderland,0.6,2.0,9.6,3.0,3.0,1.0,2.2,10.0,4.2,2.0,D
5732,2015-08-29,2015-16,Chelsea,Crystal Palace,1.6,2.2,14.4,4.4,7.0,2.0,1.0,13.2,6.0,12.0,A
5733,2015-08-29,2015-16,Liverpool,West Ham,0.8,1.8,14.4,4.0,7.0,1.4,2.0,9.0,3.0,3.0,A
5734,2015-08-29,2015-16,Man City,Watford,2.8,0.4,18.0,8.2,15.0,1.0,0.6,11.0,3.2,7.0,H
5735,2015-08-29,2015-16,Newcastle,Arsenal,1.0,1.2,11.8,3.6,5.0,1.2,0.8,22.6,7.8,8.0,A
5736,2015-08-29,2015-16,Stoke,West Brom,1.8,1.0,11.0,4.2,6.0,1.2,2.0,10.6,3.6,4.0,A
5737,2015-08-29,2015-16,Tottenham,Everton,1.2,0.8,13.4,4.6,8.0,1.4,1.2,12.0,3.2,7.0,D
5738,2015-08-30,2015-16,Southampton,Norwich,1.6,1.6,15.4,5.8,5.0,1.0,1.4,14.8,5.4,5.0,H
5739,2015-08-30,2015-16,Swansea,Man United,1.4,1.6,15.0,7.2,5.0,0.6,0.2,11.4,3.2,9.0,H
5740,2015-09-12,2015-16,Watford,Swansea,0.6,1.0,11.6,2.4,4.0,1.4,1.0,14.2,6.2,8.0,H
5741,2015-09-12,2015-16,West Brom,Southampton,0.8,2.0,11.8,3.6,4.0,1.0,1.4,16.4,5.2,5.0,D
5742,2015-09-12,2015-16,Man United,Liverpool,0.6,0.4,11.2,3.2,8.0,0.6,1.8,13.4,3.6,7.0,H
5744,2015-09-12,2015-16,Crystal Palace,Man City,1.8,1.0,12.8,6.0,12.0,2.4,0.0,17.2,7.0,15.0,A
5745,2015-09-12,2015-16,Arsenal,Stoke,1.4,0.8,21.4,8.0,10.0,1.8,1.2,11.4,4.6,5.0,H
5746,2015-09-12,2015-16,Everton,Chelsea,1.0,1.0,9.4,2.8,5.0,1.8,2.0,17.2,5.6,7.0,H
5747,2015-09-13,2015-16,Leicester,Aston Villa,2.6,1.2,13.8,5.0,11.0,0.8,1.2,12.0,3.4,4.0,H
5748,2015-09-13,2015-16,Sunderland,Tottenham,1.4,2.6,10.0,4.2,2.0,0.8,0.8,15.4,5.2,6.0,A
5749,2015-09-14,2015-16,West Ham,Newcastle,1.8,1.6,8.8,3.4,6.0,0.8,1.0,7.6,2.0,5.0,H
5750,2015-09-19,2015-16,Man City,West Ham,2.2,0.0,18.4,7.2,15.0,2.2,1.2,11.4,3.8,9.0,A
5751,2015-09-19,2015-16,Swansea,Everton,1.4,1.0,14.8,6.4,8.0,1.6,1.0,10.4,4.4,8.0,D
5752,2015-09-19,2015-16,Stoke,Leicester,0.6,1.4,10.2,3.6,2.0,2.2,1.4,13.6,4.8,11.0,D
5753,2015-09-19,2015-16,Newcastle,Watford,0.4,1.4,7.0,2.0,2.0,0.6,0.8,12.8,3.2,6.0,A
5754,2015-09-19,2015-16,Chelsea,Arsenal,1.4,2.4,15.4,4.4,4.0,1.0,0.6,22.4,7.8,10.0,H
5755,2015-09-19,2015-16,Bournemouth,Sunderland,1.2,1.8,10.2,3.0,4.0,1.2,2.2,9.0,2.8,2.0,H
5756,2015-09-19,2015-16,Aston Villa,West Brom,1.2,1.6,11.0,3.2,4.0,0.6,1.2,10.6,2.8,5.0,A
5757,2015-09-20,2015-16,Liverpool,Norwich,0.6,1.2,12.4,3.6,7.0,1.6,1.8,15.0,4.8,7.0,D
5758,2015-09-20,2015-16,Southampton,Man United,1.0,1.0,16.6,5.2,6.0,1.2,0.6,11.6,3.6,10.0,A
5759,2015-09-20,2015-16,Tottenham,Crystal Palace,0.8,0.8,15.2,5.4,6.0,1.6,1.2,12.2,5.0,9.0,H
5760,2015-09-26,2015-16,Tottenham,Man City,1.0,0.6,17.8,5.8,9.0,1.8,0.4,20.0,7.4,12.0,H
5761,2015-09-26,2015-16,Man United,Sunderland,1.6,1.0,11.8,4.0,10.0,0.8,1.8,8.8,2.2,2.0,H
5762,2015-09-26,2015-16,West Ham,Norwich,2.2,1.4,11.0,3.6,9.0,1.6,1.4,13.0,4.0,8.0,D
5763,2015-09-26,2015-16,Stoke,Bournemouth,1.0,1.6,11.0,4.2,3.0,1.6,1.6,11.0,3.6,7.0,H
5764,2015-09-26,2015-16,Leicester,Arsenal,1.8,1.4,12.2,4.2,9.0,1.0,0.6,19.8,7.0,10.0,A
5765,2015-09-26,2015-16,Newcastle,Chelsea,0.2,1.4,8.2,2.2,1.0,1.4,2.0,17.6,5.2,6.0,D
5766,2015-09-26,2015-16,Liverpool,Aston Villa,0.6,1.4,15.4,4.4,5.0,1.0,1.8,12.2,3.2,1.0,H
5767,2015-09-26,2015-16,Southampton,Swansea,1.0,1.2,16.6,5.8,5.0,1.0,0.6,13.6,5.0,8.0,H
5768,2015-09-27,2015-16,Watford,Crystal Palace,0.6,0.6,13.2,3.0,8.0,1.0,1.2,12.4,4.4,6.0,A
5769,2015-09-28,2015-16,West Brom,Everton,0.8,0.6,11.0,3.6,8.0,1.2,0.6,11.8,3.8,8.0,A
5770,2015-10-03,2015-16,Sunderland,West Ham,0.6,1.8,9.4,2.6,2.0,2.4,1.4,12.8,4.4,10.0,D
5771,2015-10-03,2015-16,Aston Villa,Stoke,1.4,2.2,13.2,3.8,1.0,1.0,1.4,9.4,3.8,5.0,A
5772,2015-10-03,2015-16,Bournemouth,Watford,1.8,1.8,10.6,4.4,7.0,0.6,0.8,13.0,2.4,7.0,D
5773,2015-10-03,2015-16,Chelsea,Southampton,1.8,1.8,18.8,5.4,7.0,1.6,0.8,16.8,6.4,8.0,A
5774,2015-10-03,2015-16,Crystal Palace,West Brom,1.0,0.8,13.4,4.2,9.0,1.2,1.2,11.6,4.4,7.0,H
5775,2015-10-03,2015-16,Man City,Newcastle,1.4,1.2,20.8,7.4,9.0,0.6,1.4,9.6,2.8,2.0,H
5776,2015-10-03,2015-16,Norwich,Leicester,1.4,1.6,12.4,4.2,6.0,1.8,2.2,13.2,4.4,6.0,A
5777,2015-10-04,2015-16,Everton,Liverpool,1.2,1.0,12.2,3.8,8.0,1.0,1.8,16.0,6.4,5.0,D
5778,2015-10-04,2015-16,Swansea,Tottenham,0.8,1.2,12.0,4.6,5.0,1.4,0.4,18.2,6.0,11.0,D
5779,2015-10-04,2015-16,Arsenal,Man United,1.6,0.8,21.0,8.0,10.0,2.0,1.0,12.4,5.0,10.0,H
5780,2015-10-17,2015-16,Watford,Arsenal,0.8,1.0,12.6,2.8,7.0,2.2,0.8,19.6,8.0,12.0,A
5781,2015-10-17,2015-16,Tottenham,Liverpool,1.6,0.6,18.2,7.0,11.0,1.2,2.0,15.6,5.6,5.0,D
5782,2015-10-17,2015-16,West Brom,Sunderland,0.8,1.0,10.0,3.6,7.0,0.8,2.0,9.8,2.8,2.0,H
5783,2015-10-17,2015-16,Southampton,Leicester,2.2,1.0,16.6,6.4,10.0,2.0,2.2,13.8,5.0,8.0,D
5784,2015-10-17,2015-16,Man City,Bournemouth,2.2,1.4,22.2,7.8,9.0,1.2,1.4,10.0,4.2,5.0,H
5785,2015-10-17,2015-16,Everton,Man United,1.4,0.8,13.0,4.4,9.0,2.0,1.6,10.2,4.4,9.0,A
5786,2015-10-17,2015-16,Crystal Palace,West Ham,1.0,0.6,14.4,4.6,9.0,2.2,1.0,14.8,4.8,11.0,A
5787,2015-10-17,2015-16,Chelsea,Aston Villa,1.4,2.0,17.8,5.0,4.0,1.2,2.0,13.6,3.8,1.0,H
5788,2015-10-18,2015-16,Newcastle,Norwich,0.8,2.6,9.4,3.6,1.0,1.4,1.8,11.6,3.2,5.0,H
5789,2015-10-19,2015-16,Swansea,Stoke,1.0,1.4,10.2,3.2,5.0,1.0,1.2,10.6,4.6,7.0,A
5790,2015-10-24,2015-16,West Ham,Chelsea,2.2,1.2,17.2,4.6,11.0,1.6,1.6,14.4,3.8,7.0,H
5791,2015-10-24,2015-16,Stoke,Watford,1.2,1.0,9.8,4.0,10.0,0.8,1.2,12.8,3.0,7.0,A
5792,2015-10-24,2015-16,Norwich,West Brom,1.8,2.4,14.0,4.2,5.0,0.8,1.0,8.6,2.8,7.0,A
5793,2015-10-24,2015-16,Aston Villa,Swansea,0.8,2.0,11.0,2.8,0.0,0.6,1.4,11.2,2.8,2.0,A
5794,2015-10-24,2015-16,Arsenal,Everton,2.6,0.8,18.6,7.4,12.0,1.4,1.4,13.8,4.4,8.0,H
5795,2015-10-24,2015-16,Leicester,Crystal Palace,2.2,2.4,18.2,6.0,8.0,0.8,1.0,13.0,3.6,6.0,H
5796,2015-10-25,2015-16,Bournemouth,Tottenham,1.2,2.2,10.0,4.0,4.0,1.6,0.6,16.8,6.6,11.0,A
5797,2015-10-25,2015-16,Liverpool,Southampton,1.2,1.4,15.4,6.0,6.0,2.0,1.4,14.8,6.0,8.0,D
5798,2015-10-25,2015-16,Man United,Man City,2.4,1.2,10.0,5.0,12.0,2.8,1.6,21.6,9.0,9.0,D
5799,2015-10-25,2015-16,Sunderland,Newcastle,0.4,1.8,10.2,2.6,1.0,2.0,2.8,11.4,4.8,4.0,H
5800,2015-10-31,2015-16,Watford,West Ham,1.0,1.2,12.0,2.4,7.0,2.2,1.4,16.2,5.0,11.0,H
5801,2015-10-31,2015-16,West Brom,Leicester,1.0,1.0,8.4,3.4,9.0,1.8,2.0,16.4,5.4,8.0,A
5802,2015-10-31,2015-16,Newcastle,Stoke,2.0,3.0,12.8,5.6,4.0,1.2,1.0,10.4,3.4,10.0,D
5803,2015-10-31,2015-16,Swansea,Arsenal,1.0,1.4,11.8,3.0,5.0,2.6,1.0,16.8,6.0,12.0,A
5804,2015-10-31,2015-16,Crystal Palace,Man United,0.8,1.0,12.8,4.0,6.0,1.8,1.0,9.4,4.6,10.0,D
5805,2015-10-31,2015-16,Chelsea,Liverpool,1.6,1.4,13.0,4.2,7.0,1.2,1.0,16.8,5.6,7.0,A
5806,2015-10-31,2015-16,Man City,Norwich,2.6,1.6,18.6,7.8,7.0,1.2,2.4,14.8,4.0,2.0,H
5807,2015-11-01,2015-16,Everton,Sunderland,1.0,1.6,13.0,3.6,5.0,1.0,1.6,9.6,2.8,4.0,H
5808,2015-11-01,2015-16,Southampton,Bournemouth,2.2,1.6,13.6,5.8,8.0,1.2,2.6,10.8,4.2,4.0,H
5809,2015-11-02,2015-16,Tottenham,Aston Villa,2.4,0.8,16.6,7.6,11.0,0.6,1.8,10.6,2.6,0.0,H
5810,2015-11-07,2015-16,Norwich,Swansea,1.2,2.6,14.4,4.2,1.0,1.0,2.0,11.0,3.0,4.0,H
5811,2015-11-07,2015-16,West Ham,Everton,1.8,1.6,16.6,5.0,8.0,2.2,2.0,12.6,4.8,7.0,D
5812,2015-11-07,2015-16,Sunderland,Southampton,1.4,2.4,11.2,4.2,4.0,2.2,1.0,12.8,4.6,11.0,A
5813,2015-11-07,2015-16,Stoke,Chelsea,0.8,0.6,10.0,3.0,10.0,1.4,2.0,10.2,3.2,4.0,H
5814,2015-11-07,2015-16,Man United,West Brom,1.2,0.6,8.4,4.2,8.0,1.2,1.6,9.0,3.4,6.0,H
5815,2015-11-07,2015-16,Leicester,Watford,2.0,2.0,16.6,5.4,10.0,1.0,1.0,13.4,2.6,7.0,H
5816,2015-11-07,2015-16,Bournemouth,Newcastle,0.8,3.0,11.0,3.6,1.0,1.8,2.6,12.8,5.8,5.0,A
5817,2015-11-08,2015-16,Arsenal,Tottenham,3.2,0.6,18.0,6.6,15.0,2.8,1.0,15.6,7.6,11.0,D
5818,2015-11-08,2015-16,Aston Villa,Man City,0.8,2.2,10.6,2.4,0.0,2.8,1.4,17.4,7.2,10.0,D
5819,2015-11-08,2015-16,Liverpool,Crystal Palace,1.6,1.0,15.4,5.6,9.0,0.8,0.8,12.4,4.2,7.0,A
5820,2015-11-21,2015-16,Watford,Man United,1.2,1.2,12.0,3.0,7.0,1.0,0.6,8.6,3.4,8.0,A
5821,2015-11-21,2015-16,Swansea,Bournemouth,0.8,1.6,10.4,2.2,4.0,0.6,2.8,12.8,3.4,1.0,D
5822,2015-11-21,2015-16,West Brom,Arsenal,0.8,1.4,8.0,2.6,6.0,2.4,0.4,14.8,5.0,13.0,H
5823,2015-11-21,2015-16,Southampton,Stoke,1.8,0.8,11.4,4.0,11.0,0.6,0.4,10.0,2.4,10.0,A
5824,2015-11-21,2015-16,Man City,Liverpool,2.6,0.6,15.6,6.2,11.0,1.2,1.0,15.6,4.0,6.0,A
5825,2015-11-21,2015-16,Everton,Aston Villa,1.8,1.8,12.8,4.8,5.0,0.4,1.6,9.2,1.6,1.0,H
5826,2015-11-21,2015-16,Chelsea,Norwich,1.0,1.8,10.8,3.2,3.0,1.0,2.2,13.0,3.8,3.0,H
5827,2015-11-21,2015-16,Newcastle,Leicester,1.6,2.2,11.0,5.0,7.0,2.0,1.2,15.8,5.2,13.0,A
5828,2015-11-22,2015-16,Tottenham,West Ham,2.2,1.0,15.4,6.8,9.0,1.6,1.4,16.0,4.6,8.0,H
5829,2015-11-23,2015-16,Crystal Palace,Sunderland,1.0,1.0,11.0,4.4,7.0,1.4,2.0,11.2,4.0,4.0,A
5830,2015-11-28,2015-16,Man City,Southampton,1.6,1.2,13.2,4.6,8.0,1.2,0.8,12.0,3.2,8.0,H
5831,2015-11-28,2015-16,Aston Villa,Watford,0.4,2.2,8.6,1.8,1.0,1.2,1.4,11.8,3.6,6.0,A
5832,2015-11-28,2015-16,Bournemouth,Everton,0.8,3.0,13.6,3.0,1.0,2.4,1.6,13.2,5.8,7.0,D
5833,2015-11-28,2015-16,Crystal Palace,Newcastle,0.6,1.2,10.6,4.2,4.0,1.4,1.6,11.6,4.4,7.0,H
5834,2015-11-28,2015-16,Leicester,Man United,2.2,1.0,16.2,5.6,13.0,1.4,0.2,9.4,3.6,11.0,D
5835,2015-11-28,2015-16,Sunderland,Stoke,1.2,1.6,11.2,4.2,6.0,0.6,0.4,10.8,2.2,10.0,H
5836,2015-11-29,2015-16,Liverpool,Swansea,1.8,1.0,15.8,5.0,8.0,0.8,1.6,10.4,2.6,4.0,H
5837,2015-11-29,2015-16,Norwich,Arsenal,0.8,2.0,10.4,3.8,3.0,2.0,0.8,14.6,4.6,10.0,D
5838,2015-11-29,2015-16,Tottenham,Chelsea,2.6,0.8,16.0,7.0,11.0,1.0,1.2,13.0,4.0,6.0,D
5839,2015-11-29,2015-16,West Ham,West Brom,1.4,1.8,14.0,4.2,7.0,1.2,1.2,7.4,2.4,9.0,D
5840,2015-12-05,2015-16,Watford,Norwich,1.8,1.2,13.0,4.6,9.0,0.6,1.0,8.2,3.0,4.0,H
5841,2015-12-05,2015-16,Man United,West Ham,1.0,0.4,9.4,2.6,9.0,1.0,1.8,12.6,4.6,5.0,D
5842,2015-12-05,2015-16,West Brom,Tottenham,1.2,1.4,7.2,2.8,7.0,2.6,0.8,15.2,7.0,11.0,D
5843,2015-12-05,2015-16,Swansea,Leicester,0.8,1.6,9.2,2.2,4.0,2.0,0.8,12.4,4.8,13.0,A
5844,2015-12-05,2015-16,Arsenal,Sunderland,1.6,1.0,13.6,4.0,8.0,1.6,1.4,13.0,4.8,9.0,H
5845,2015-12-05,2015-16,Southampton,Aston Villa,1.0,1.0,11.6,3.6,7.0,0.8,2.4,9.4,2.8,1.0,D
5846,2015-12-05,2015-16,Chelsea,Bournemouth,0.6,1.2,12.2,3.6,4.0,1.2,2.6,16.4,4.8,2.0,A
5847,2015-12-05,2015-16,Stoke,Man City,0.4,0.8,10.4,2.4,7.0,1.2,1.2,13.4,4.2,8.0,H
5848,2015-12-06,2015-16,Newcastle,Liverpool,0.4,2.2,10.8,3.6,4.0,2.0,1.0,15.4,4.8,10.0,H
5849,2015-12-07,2015-16,Everton,Crystal Palace,3.0,1.6,13.0,6.4,8.0,1.4,0.8,13.2,5.6,7.0,D
5850,2015-12-12,2015-16,West Ham,Stoke,0.6,1.6,12.0,4.0,3.0,0.8,0.4,9.4,3.0,10.0,D
5851,2015-12-12,2015-16,Bournemouth,Man United,1.2,1.6,17.2,5.2,5.0,1.0,0.4,12.4,2.6,9.0,H
5852,2015-12-12,2015-16,Crystal Palace,Southampton,1.6,0.8,14.2,5.8,8.0,1.0,1.0,14.6,4.0,7.0,H
5853,2015-12-12,2015-16,Man City,Swansea,1.2,1.6,14.4,4.8,7.0,0.4,2.0,9.0,1.8,1.0,H
5854,2015-12-12,2015-16,Norwich,Everton,0.6,1.2,6.2,2.6,4.0,3.0,1.4,14.8,6.2,9.0,D
5855,2015-12-12,2015-16,Sunderland,Watford,1.2,2.0,13.4,5.0,6.0,1.8,1.2,13.2,5.4,9.0,A
5856,2015-12-13,2015-16,Liverpool,West Brom,1.8,1.2,14.4,4.6,9.0,1.2,1.6,8.0,2.8,5.0,D
5857,2015-12-13,2015-16,Tottenham,Newcastle,1.8,0.8,14.2,5.8,9.0,0.8,1.6,7.8,2.2,7.0,A
5858,2015-12-13,2015-16,Aston Villa,Arsenal,0.8,2.2,9.4,2.6,2.0,1.8,1.0,12.8,4.4,8.0,A
5859,2015-12-14,2015-16,Leicester,Chelsea,2.4,0.8,13.2,5.2,13.0,0.4,1.0,14.4,4.0,4.0,H
5860,2015-12-19,2015-16,West Brom,Bournemouth,1.2,1.4,6.0,2.0,6.0,1.6,1.4,16.2,5.8,8.0,A
5861,2015-12-19,2015-16,Stoke,Crystal Palace,0.8,0.4,10.0,3.2,10.0,1.8,0.8,14.6,5.8,10.0,A
5862,2015-12-19,2015-16,Southampton,Tottenham,0.6,1.2,15.4,4.2,4.0,1.4,1.0,14.8,6.2,6.0,A
5863,2015-12-19,2015-16,Everton,Leicester,2.0,1.2,14.8,5.2,7.0,2.2,0.6,12.4,5.2,13.0,A
5864,2015-12-19,2015-16,Man United,Norwich,1.2,0.8,13.6,3.4,8.0,0.6,1.0,7.0,2.4,5.0,A
5865,2015-12-19,2015-16,Newcastle,Aston Villa,1.2,1.8,6.4,1.8,9.0,0.6,2.0,10.4,2.6,2.0,D
5866,2015-12-19,2015-16,Chelsea,Sunderland,0.4,0.8,15.0,4.6,4.0,0.8,1.0,12.8,3.6,6.0,H
5867,2015-12-20,2015-16,Swansea,West Ham,0.6,1.8,10.0,2.6,1.0,0.6,1.2,14.8,5.2,4.0,D
5868,2015-12-20,2015-16,Watford,Liverpool,1.6,1.2,11.8,5.6,9.0,1.6,1.4,16.8,4.8,7.0,H
5869,2015-12-21,2015-16,Arsenal,Man City,1.6,1.0,11.4,4.2,8.0,1.2,1.6,12.8,4.8,7.0,H
5870,2015-12-26,2015-16,Man City,Sunderland,1.4,2.0,14.2,5.4,6.0,1.0,1.4,13.2,3.6,6.0,H
5871,2015-12-26,2015-16,Aston Villa,West Ham,0.8,2.2,11.8,4.0,2.0,0.4,1.0,13.8,4.6,4.0,D
5872,2015-12-26,2015-16,Bournemouth,Crystal Palace,2.0,1.4,15.4,6.2,11.0,1.8,0.8,15.2,5.6,10.0,D
5873,2015-12-26,2015-16,Chelsea,Watford,1.0,0.8,14.6,5.2,7.0,2.0,0.8,11.4,5.8,12.0,D
5874,2015-12-26,2015-16,Liverpool,Leicester,1.4,1.6,14.8,4.8,7.0,2.4,0.8,12.0,5.0,13.0,H
5875,2015-12-26,2015-16,Newcastle,Everton,1.2,2.0,7.6,2.4,7.0,2.2,1.6,14.8,5.4,6.0,A
5876,2015-12-26,2015-16,Southampton,Arsenal,0.4,1.6,15.4,4.2,1.0,1.8,1.0,11.0,4.4,10.0,H
5877,2015-12-26,2015-16,Stoke,Man United,0.8,0.8,13.6,3.8,7.0,1.0,1.2,13.2,3.2,5.0,H
5878,2015-12-26,2015-16,Swansea,West Brom,0.6,1.6,12.6,3.0,2.0,1.4,1.4,6.4,2.4,6.0,H
5879,2015-12-26,2015-16,Tottenham,Norwich,1.6,0.8,14.6,6.6,8.0,0.8,1.2,6.4,2.2,5.0,H
5880,2015-12-28,2015-16,West Brom,Newcastle,1.0,1.4,7.4,2.8,3.0,1.2,1.6,7.8,2.4,7.0,H
5881,2015-12-28,2015-16,Watford,Tottenham,2.2,0.8,11.8,5.4,13.0,1.4,0.6,13.2,6.2,8.0,A
5882,2015-12-28,2015-16,West Ham,Southampton,0.4,0.4,13.8,4.6,5.0,1.2,1.4,15.2,5.0,4.0,H
5883,2015-12-28,2015-16,Norwich,Aston Villa,0.8,1.6,7.8,2.4,5.0,1.0,1.6,12.8,5.0,3.0,H
5884,2015-12-28,2015-16,Man United,Chelsea,0.6,1.4,12.8,3.2,2.0,1.2,1.2,13.8,4.2,5.0,D
5885,2015-12-28,2015-16,Everton,Stoke,1.6,1.6,15.6,5.0,6.0,1.0,0.8,13.0,3.6,7.0,A
5886,2015-12-28,2015-16,Crystal Palace,Swansea,1.8,0.6,13.0,4.2,11.0,0.4,1.2,11.8,2.6,4.0,D
5887,2015-12-28,2015-16,Arsenal,Bournemouth,1.6,1.4,10.2,4.6,10.0,1.6,1.0,14.2,6.2,11.0,H
5888,2015-12-29,2015-16,Leicester,Man City,1.8,1.0,9.8,4.2,10.0,2.0,1.4,15.8,6.6,9.0,D
5889,2015-12-30,2015-16,Sunderland,Liverpool,1.0,2.2,13.0,3.4,3.0,0.8,1.4,17.0,3.8,7.0,A
5890,2016-01-02,2015-16,Arsenal,Newcastle,1.8,1.2,10.4,5.2,12.0,1.0,0.8,7.8,2.4,7.0,H
5891,2016-01-02,2015-16,Leicester,Bournemouth,1.6,0.8,10.6,4.4,10.0,1.0,0.8,12.4,4.8,10.0,D
5892,2016-01-02,2015-16,Man United,Swansea,0.4,1.2,13.2,3.2,2.0,0.4,1.0,11.2,3.2,5.0,H
5893,2016-01-02,2015-16,Norwich,Southampton,1.0,1.4,8.2,2.8,7.0,1.2,1.2,15.8,4.2,4.0,H
5894,2016-01-02,2015-16,Sunderland,Aston Villa,0.6,2.4,11.0,3.0,0.0,0.6,1.4,11.6,4.4,3.0,H
5895,2016-01-02,2015-16,Watford,Man City,1.8,0.8,10.8,4.4,10.0,1.4,1.2,16.8,5.8,7.0,A
5896,2016-01-02,2015-16,West Brom,Stoke,1.0,1.2,10.4,3.2,5.0,1.8,1.0,13.2,4.0,10.0,H
5897,2016-01-02,2015-16,West Ham,Liverpool,0.6,0.4,13.0,4.4,7.0,0.8,1.4,18.4,4.6,7.0,H
5898,2016-01-03,2015-16,Crystal Palace,Chelsea,0.8,0.4,11.2,3.0,9.0,1.2,1.2,14.4,4.6,5.0,A
5899,2016-01-03,2015-16,Everton,Tottenham,1.6,1.8,16.4,4.4,5.0,1.8,0.8,13.4,6.0,10.0,D
5900,2016-01-12,2015-16,Newcastle,Man United,0.6,1.0,9.6,3.4,4.0,0.8,1.4,12.8,4.2,4.0,D
5901,2016-01-12,2015-16,Bournemouth,West Ham,0.8,0.8,11.2,3.8,8.0,1.0,0.4,14.8,6.0,9.0,A
5902,2016-01-12,2015-16,Aston Villa,Crystal Palace,0.6,1.8,11.4,4.6,2.0,0.6,0.8,10.0,2.8,8.0,H
5903,2016-01-13,2015-16,Swansea,Sunderland,0.6,0.8,11.0,3.6,5.0,1.0,2.0,11.4,3.4,3.0,A
5904,2016-01-13,2015-16,Tottenham,Leicester,1.8,0.8,15.4,6.2,10.0,1.0,0.8,10.6,3.8,8.0,A
5905,2016-01-13,2015-16,Stoke,Norwich,1.6,1.4,13.8,3.8,7.0,1.2,1.0,9.0,2.8,10.0,H
5906,2016-01-13,2015-16,Liverpool,Arsenal,0.8,1.4,21.0,4.8,7.0,1.4,1.0,10.4,4.4,12.0,D
5907,2016-01-13,2015-16,Man City,Everton,1.8,1.0,17.8,6.0,10.0,1.6,1.8,15.0,4.2,5.0,D
5908,2016-01-13,2015-16,Chelsea,West Brom,1.8,1.0,12.6,4.2,8.0,1.2,1.2,11.4,3.4,7.0,D
5909,2016-01-13,2015-16,Southampton,Watford,1.0,1.2,13.2,4.0,3.0,1.6,1.2,10.2,3.6,7.0,H
5910,2016-01-16,2015-16,Tottenham,Sunderland,1.6,0.6,15.6,5.6,10.0,1.8,2.2,10.0,4.0,6.0,H
5911,2016-01-16,2015-16,Newcastle,West Ham,0.8,1.4,10.8,3.8,2.0,1.6,0.6,12.4,5.2,11.0,H
5912,2016-01-16,2015-16,Man City,Crystal Palace,1.4,0.8,19.6,6.0,8.0,0.4,1.0,9.4,2.0,5.0,H
5913,2016-01-16,2015-16,Southampton,West Brom,1.4,1.0,13.2,4.8,6.0,1.2,1.2,13.2,4.2,7.0,H
5914,2016-01-16,2015-16,Bournemouth,Norwich,0.6,1.2,11.2,3.6,5.0,1.2,1.4,8.2,2.8,9.0,H
5915,2016-01-16,2015-16,Aston Villa,Leicester,0.8,1.4,10.4,4.8,5.0,0.8,0.6,10.8,3.2,8.0,D
5916,2016-01-16,2015-16,Chelsea,Everton,2.0,1.0,13.2,3.6,9.0,1.4,1.6,13.4,4.0,5.0,D
5917,2016-01-17,2015-16,Liverpool,Man United,1.0,1.6,19.8,4.4,7.0,1.2,1.6,13.0,4.0,5.0,A
5918,2016-01-17,2015-16,Stoke,Arsenal,2.2,1.6,14.2,4.0,9.0,1.6,1.6,11.6,4.6,10.0,D
5919,2016-01-18,2015-16,Swansea,Watford,0.8,1.2,10.4,3.2,5.0,1.4,1.6,8.4,2.6,4.0,H
5920,2016-01-23,2015-16,West Ham,Man City,1.8,1.0,12.2,5.4,10.0,2.0,0.4,19.0,5.6,11.0,D
5921,2016-01-23,2015-16,West Brom,Aston Villa,1.0,1.4,13.8,3.8,7.0,0.8,1.4,11.2,4.4,5.0,D
5922,2016-01-23,2015-16,Watford,Newcastle,0.8,1.8,9.8,2.0,1.0,1.0,1.4,13.8,5.0,4.0,H
5923,2016-01-23,2015-16,Sunderland,Bournemouth,1.8,2.4,8.8,3.8,6.0,0.8,1.0,11.0,3.8,5.0,D
5924,2016-01-23,2015-16,Man United,Southampton,1.2,1.2,12.2,3.8,8.0,2.0,0.6,12.8,5.0,9.0,A
5925,2016-01-23,2015-16,Leicester,Stoke,0.4,0.4,11.2,3.2,6.0,2.0,1.2,11.8,4.2,10.0,H
5926,2016-01-23,2015-16,Crystal Palace,Tottenham,0.0,1.6,8.8,2.0,2.0,2.0,0.8,18.2,6.6,10.0,A
5927,2016-01-23,2015-16,Norwich,Liverpool,0.8,1.8,9.0,2.6,6.0,1.0,1.2,21.2,4.4,7.0,A
5928,2016-01-24,2015-16,Arsenal,Chelsea,1.2,1.4,11.6,4.2,8.0,2.0,1.4,12.6,3.6,7.0,A
5929,2016-01-24,2015-16,Everton,Swansea,1.6,1.6,12.6,3.8,6.0,1.0,1.2,8.2,3.2,7.0,A
5930,2016-02-02,2015-16,West Brom,Swansea,1.0,1.2,12.8,3.2,8.0,1.2,1.4,8.2,3.8,7.0,D
5931,2016-02-02,2015-16,Arsenal,Southampton,1.2,0.8,12.0,3.6,8.0,1.4,0.6,11.2,4.4,9.0,D
5932,2016-02-02,2015-16,Crystal Palace,Bournemouth,0.2,2.2,9.4,2.6,1.0,1.0,1.2,12.0,4.0,5.0,A
5933,2016-02-02,2015-16,Leicester,Liverpool,1.0,0.2,12.8,3.6,9.0,1.8,2.0,18.8,5.0,7.0,H
5934,2016-02-02,2015-16,Man United,Stoke,1.2,1.0,11.6,2.8,8.0,1.6,1.8,9.8,4.0,7.0,H
5935,2016-02-02,2015-16,Norwich,Tottenham,1.6,2.2,8.0,3.0,6.0,2.0,1.0,20.0,6.8,10.0,A
5936,2016-02-02,2015-16,Sunderland,Man City,1.8,1.8,8.6,4.2,7.0,1.6,0.6,18.4,4.4,9.0,A
5937,2016-02-02,2015-16,West Ham,Aston Villa,2.0,1.2,12.2,5.2,10.0,0.6,1.2,11.2,3.6,5.0,H
5938,2016-02-03,2015-16,Watford,Chelsea,0.8,1.6,10.0,2.4,3.0,1.8,1.0,11.6,4.4,9.0,D
5939,2016-02-03,2015-16,Everton,Newcastle,1.6,2.0,12.6,2.8,3.0,1.2,1.6,14.0,5.2,4.0,H
5940,2016-02-06,2015-16,Tottenham,Watford,2.2,0.8,21.4,7.4,10.0,0.6,1.2,10.6,2.8,4.0,H
5941,2016-02-06,2015-16,Stoke,Everton,0.8,1.8,10.2,3.0,4.0,1.6,1.2,13.2,3.6,6.0,A
5942,2016-02-06,2015-16,Swansea,Crystal Palace,1.4,1.6,10.8,4.0,7.0,0.4,2.6,10.2,2.8,0.0,D
5943,2016-02-06,2015-16,Southampton,West Ham,1.2,0.2,11.0,4.2,10.0,2.0,1.0,14.6,5.4,10.0,H
5944,2016-02-06,2015-16,Aston Villa,Norwich,0.6,1.2,11.2,3.4,5.0,1.2,2.8,8.2,2.6,3.0,H
5945,2016-02-06,2015-16,Man City,Leicester,1.8,0.6,15.4,3.8,11.0,1.4,0.2,13.2,4.0,11.0,A
5946,2016-02-06,2015-16,Newcastle,West Brom,1.2,2.0,14.0,5.4,4.0,1.0,1.4,11.8,3.6,6.0,H
5947,2016-02-06,2015-16,Liverpool,Sunderland,1.6,2.4,18.2,4.2,4.0,1.8,1.8,9.2,4.0,7.0,D
5948,2016-02-07,2015-16,Bournemouth,Arsenal,1.4,1.0,11.6,4.2,8.0,0.8,0.8,13.6,4.6,6.0,A
5949,2016-02-07,2015-16,Chelsea,Man United,1.8,1.0,12.4,4.6,9.0,1.8,1.0,12.2,3.4,10.0,D
5950,2016-02-13,2015-16,Bournemouth,Stoke,1.4,1.4,13.2,5.0,7.0,0.6,2.0,10.4,3.0,4.0,A
5951,2016-02-13,2015-16,Chelsea,Newcastle,1.4,1.2,13.6,4.8,7.0,1.4,1.8,14.8,5.6,7.0,H
5952,2016-02-13,2015-16,Crystal Palace,Watford,0.6,2.2,11.0,2.4,1.0,0.4,1.0,9.0,2.2,4.0,A
5953,2016-02-13,2015-16,Norwich,West Ham,1.0,3.2,8.6,3.2,0.0,1.6,1.2,14.6,3.8,7.0,D
5954,2016-02-13,2015-16,Sunderland,Man United,1.6,2.0,8.0,3.2,5.0,1.6,1.0,11.8,3.6,8.0,H
5955,2016-02-13,2015-16,Swansea,Southampton,1.4,1.4,12.8,3.8,8.0,1.4,0.0,10.6,3.8,13.0,A
5956,2016-02-13,2015-16,Everton,West Brom,2.0,1.0,13.6,4.2,8.0,0.6,1.4,10.0,2.6,3.0,A
5957,2016-02-14,2015-16,Arsenal,Leicester,1.0,0.8,12.4,5.0,6.0,2.0,0.4,12.8,5.0,13.0,H
5958,2016-02-14,2015-16,Aston Villa,Liverpool,0.8,0.6,11.6,3.4,8.0,2.0,2.4,16.8,4.8,5.0,A
5959,2016-02-14,2015-16,Man City,Tottenham,1.6,1.0,16.6,3.6,8.0,2.2,0.6,22.8,8.4,12.0,A
5960,2016-02-27,2015-16,West Ham,Sunderland,1.4,1.4,14.8,4.0,5.0,1.2,1.8,10.8,3.2,5.0,H
5961,2016-02-27,2015-16,West Brom,Crystal Palace,0.4,1.0,8.4,1.6,5.0,0.8,2.4,12.0,3.6,1.0,H
5962,2016-02-27,2015-16,Watford,Bournemouth,0.8,0.8,10.2,2.6,7.0,1.4,1.4,13.2,4.6,7.0,D
5963,2016-02-27,2015-16,Southampton,Chelsea,1.2,0.0,10.2,3.4,13.0,2.0,1.0,13.8,5.4,9.0,A
5964,2016-02-27,2015-16,Leicester,Norwich,2.0,0.8,12.2,5.2,10.0,1.2,3.0,10.2,3.4,1.0,H
5965,2016-02-27,2015-16,Stoke,Aston Villa,0.6,2.0,9.8,3.4,4.0,0.6,1.8,10.2,3.0,5.0,H
5966,2016-02-28,2015-16,Tottenham,Swansea,2.6,0.6,19.8,8.0,15.0,1.0,0.8,13.4,3.2,8.0,H
5967,2016-02-28,2015-16,Man United,Arsenal,1.2,0.8,11.8,4.0,7.0,0.8,0.4,14.4,5.2,8.0,H
5968,2016-03-01,2015-16,Norwich,Chelsea,1.2,2.6,10.0,3.0,1.0,1.8,0.6,14.2,4.8,11.0,A
5969,2016-03-01,2015-16,Leicester,West Brom,2.0,0.6,12.4,4.8,12.0,1.0,0.8,8.8,2.6,8.0,D
5970,2016-03-01,2015-16,Sunderland,Crystal Palace,1.0,1.2,12.4,3.6,5.0,1.2,2.2,13.2,3.4,1.0,D
5971,2016-03-01,2015-16,Aston Villa,Everton,0.6,2.0,8.4,2.2,4.0,2.0,1.2,19.0,5.0,7.0,A
5972,2016-03-01,2015-16,Bournemouth,Southampton,0.8,1.4,12.4,3.6,5.0,0.8,0.4,9.8,2.8,10.0,H
5973,2016-03-02,2015-16,Arsenal,Swansea,1.2,1.0,15.4,5.6,7.0,1.0,1.2,13.4,3.6,5.0,A
5974,2016-03-02,2015-16,Liverpool,Man City,2.6,1.8,14.6,5.4,7.0,1.8,1.4,16.0,3.4,7.0,H
5975,2016-03-02,2015-16,Man United,Watford,1.6,1.2,11.8,4.8,7.0,0.8,0.6,10.4,2.4,8.0,H
5976,2016-03-02,2015-16,Stoke,Newcastle,1.0,2.2,9.2,2.8,6.0,1.0,2.2,14.0,5.2,6.0,H
5977,2016-03-02,2015-16,West Ham,Tottenham,1.4,1.0,14.6,4.0,8.0,2.2,0.6,21.4,8.6,15.0,H
5978,2016-03-05,2015-16,Watford,Leicester,0.4,0.6,10.4,2.0,5.0,1.8,1.0,13.8,4.8,10.0,A
5979,2016-03-05,2015-16,Tottenham,Arsenal,1.6,0.6,18.4,6.8,12.0,1.4,1.2,17.2,6.2,7.0,D
5980,2016-03-05,2015-16,Swansea,Norwich,1.0,1.2,14.2,3.0,5.0,0.6,2.0,11.4,2.4,1.0,H
5981,2016-03-05,2015-16,Southampton,Sunderland,0.6,0.8,9.6,2.6,7.0,1.2,1.4,13.8,3.8,5.0,D
5982,2016-03-05,2015-16,Man City,Aston Villa,1.0,2.0,13.4,3.0,4.0,0.8,2.6,8.2,2.4,3.0,H
5983,2016-03-05,2015-16,Everton,West Ham,2.0,0.8,19.2,5.6,9.0,1.2,0.6,15.4,4.0,10.0,A
5984,2016-03-05,2015-16,Chelsea,Stoke,2.0,0.8,13.8,4.0,11.0,1.2,1.6,10.4,2.8,9.0,D
5985,2016-03-05,2015-16,Newcastle,Bournemouth,0.6,2.2,10.4,3.8,3.0,1.0,1.2,11.2,3.4,7.0,A
5986,2016-03-06,2015-16,Crystal Palace,Liverpool,1.4,2.0,13.6,3.8,2.0,3.2,1.6,13.0,6.0,10.0,A
5987,2016-03-06,2015-16,West Brom,Man United,1.4,1.2,10.2,3.2,8.0,1.8,1.0,13.0,5.2,10.0,H
5988,2016-03-12,2015-16,Bournemouth,Swansea,1.2,1.2,12.8,3.6,7.0,1.0,1.0,12.6,2.8,7.0,H
5989,2016-03-12,2015-16,Norwich,Man City,0.6,1.6,11.0,2.6,1.0,1.4,1.6,14.6,4.2,6.0,D
5990,2016-03-12,2015-16,Stoke,Southampton,1.4,1.2,11.6,3.8,10.0,0.8,1.0,10.0,3.0,7.0,A
5991,2016-03-13,2015-16,Aston Villa,Tottenham,0.8,3.0,7.4,2.2,3.0,1.4,1.0,20.2,7.8,10.0,A
5992,2016-03-14,2015-16,Leicester,Newcastle,1.6,1.0,14.0,5.0,10.0,0.6,2.4,11.0,4.0,3.0,H
5993,2016-03-19,2015-16,Chelsea,West Ham,2.2,1.0,15.4,4.6,11.0,1.4,1.0,13.8,3.8,10.0,D
5994,2016-03-19,2015-16,Crystal Palace,Leicester,1.4,2.0,13.6,4.0,2.0,1.2,0.8,13.2,3.8,10.0,A
5995,2016-03-19,2015-16,Everton,Arsenal,2.2,1.0,18.2,6.8,9.0,1.8,1.6,15.0,4.8,7.0,A
5996,2016-03-19,2015-16,Swansea,Aston Villa,1.2,1.4,11.2,3.0,6.0,0.4,3.4,7.6,2.0,0.0,H
5997,2016-03-19,2015-16,Watford,Stoke,0.4,0.8,10.2,2.2,4.0,1.6,1.0,12.0,3.6,10.0,A
5998,2016-03-19,2015-16,West Brom,Norwich,1.4,1.0,8.6,2.2,10.0,0.6,1.2,9.6,1.8,2.0,A
5999,2016-03-20,2015-16,Tottenham,Bournemouth,1.6,1.0,18.8,7.6,10.0,1.8,1.2,11.8,3.6,10.0,H
6000,2016-03-20,2015-16,Southampton,Liverpool,1.0,1.2,10.6,3.4,7.0,2.6,1.0,14.2,5.6,10.0,H
6001,2016-03-20,2015-16,Man City,Man United,1.2,1.6,16.4,4.4,4.0,1.2,1.2,11.4,4.4,7.0,A
6002,2016-03-20,2015-16,Newcastle,Sunderland,0.6,2.0,12.2,3.8,3.0,1.4,1.4,13.8,4.0,6.0,D
6003,2016-04-02,2015-16,Arsenal,Watford,1.8,1.6,15.2,4.4,7.0,0.6,1.0,11.4,3.0,4.0,H
6004,2016-04-02,2015-16,Aston Villa,Chelsea,0.4,2.4,8.8,2.2,0.0,2.4,1.2,16.6,4.6,11.0,A
6005,2016-04-02,2015-16,Bournemouth,Man City,1.6,1.2,10.0,3.2,10.0,1.0,1.2,17.2,4.0,4.0,A
6006,2016-04-02,2015-16,Liverpool,Tottenham,3.0,1.2,15.0,7.0,10.0,1.8,0.8,21.0,8.6,10.0,D
6007,2016-04-02,2015-16,Norwich,Newcastle,0.4,0.8,8.4,1.4,4.0,0.6,2.2,11.8,4.0,1.0,H
6008,2016-04-02,2015-16,Stoke,Swansea,1.4,1.0,11.6,3.6,10.0,1.4,1.2,10.6,2.8,9.0,D
6009,2016-04-02,2015-16,Sunderland,West Brom,1.2,1.2,15.2,4.4,6.0,1.4,1.0,9.2,2.2,10.0,D
6010,2016-04-02,2015-16,West Ham,Crystal Palace,1.8,1.2,12.8,4.6,11.0,1.2,2.0,13.6,4.4,1.0,D
6011,2016-04-03,2015-16,Leicester,Southampton,1.2,0.4,13.4,3.8,13.0,1.4,1.6,11.2,3.4,7.0,H
6012,2016-04-03,2015-16,Man United,Everton,1.2,1.0,9.0,3.6,9.0,1.6,1.4,16.2,5.8,6.0,H
6013,2016-04-09,2015-16,Swansea,Chelsea,1.6,1.2,11.0,2.6,10.0,2.2,1.0,15.8,5.2,11.0,H
6014,2016-04-09,2015-16,Watford,Everton,0.2,1.6,10.6,2.8,1.0,1.0,1.6,14.8,4.8,3.0,D
6015,2016-04-09,2015-16,West Ham,Arsenal,1.8,1.2,14.2,4.6,11.0,2.2,1.4,14.2,5.6,7.0,D
6016,2016-04-09,2015-16,Southampton,Newcastle,1.2,1.4,11.8,3.4,7.0,0.8,1.8,12.4,4.2,1.0,H
6017,2016-04-09,2015-16,Crystal Palace,Norwich,1.4,2.0,13.2,4.0,2.0,1.0,1.0,9.2,2.4,7.0,H
6018,2016-04-09,2015-16,Aston Villa,Bournemouth,0.2,2.8,10.8,2.8,0.0,1.6,2.0,10.0,3.0,9.0,A
6019,2016-04-09,2015-16,Man City,West Brom,1.6,0.8,16.4,4.6,7.0,1.2,1.0,8.8,2.0,8.0,H
6020,2016-04-10,2015-16,Liverpool,Stoke,2.8,1.0,14.8,7.4,10.0,1.4,1.2,11.8,4.0,8.0,H
6021,2016-04-10,2015-16,Sunderland,Leicester,0.8,1.0,15.4,4.8,4.0,1.2,0.4,13.0,4.0,13.0,A
6022,2016-04-10,2015-16,Tottenham,Man United,1.6,0.8,17.8,6.8,8.0,1.2,0.6,8.6,2.8,12.0,H
6023,2016-04-13,2015-16,Crystal Palace,Everton,1.2,1.4,12.8,4.8,5.0,1.2,1.6,10.4,5.0,4.0,D
6024,2016-04-16,2015-16,West Brom,Watford,0.8,1.0,9.2,1.4,5.0,0.4,1.8,10.4,3.6,1.0,A
6025,2016-04-16,2015-16,Norwich,Sunderland,0.8,0.8,9.2,2.8,7.0,0.8,1.2,15.8,4.2,4.0,A
6026,2016-04-16,2015-16,Newcastle,Swansea,1.0,2.2,12.4,4.2,1.0,1.4,1.0,11.2,3.4,10.0,H
6027,2016-04-16,2015-16,Man United,Aston Villa,0.6,0.8,8.2,2.0,9.0,0.2,2.6,9.2,2.0,0.0,H
6028,2016-04-16,2015-16,Everton,Southampton,0.6,1.4,10.2,4.6,2.0,1.8,1.2,14.6,4.4,10.0,D
6029,2016-04-16,2015-16,Chelsea,Man City,1.8,1.0,14.2,4.8,8.0,2.0,0.4,18.2,5.0,10.0,A
6030,2016-04-17,2015-16,Arsenal,Crystal Palace,2.4,1.4,13.8,5.8,8.0,0.8,1.0,13.8,5.0,5.0,D
6031,2016-04-17,2015-16,Bournemouth,Liverpool,1.6,2.2,10.6,2.8,9.0,2.4,1.2,15.4,6.8,10.0,A
6032,2016-04-17,2015-16,Leicester,West Ham,1.2,0.0,12.0,4.4,15.0,2.2,1.8,16.2,5.4,9.0,D
6033,2016-04-18,2015-16,Stoke,Tottenham,1.4,2.0,12.0,4.2,5.0,2.2,0.6,19.2,8.0,11.0,A
6034,2016-04-19,2015-16,Newcastle,Man City,1.4,1.6,12.0,5.0,4.0,1.8,0.4,16.0,4.8,10.0,D
6035,2016-04-20,2015-16,West Ham,Watford,2.4,2.2,17.2,5.6,7.0,0.6,1.6,10.0,3.8,4.0,H
6036,2016-04-20,2015-16,Liverpool,Everton,2.2,1.4,17.0,6.6,10.0,0.4,1.0,8.6,3.4,3.0,H
6037,2016-04-20,2015-16,Man United,Crystal Palace,0.6,0.8,8.0,2.2,9.0,0.8,0.8,12.4,4.6,6.0,H
6038,2016-04-21,2015-16,Arsenal,West Brom,2.4,1.2,14.4,6.2,9.0,0.4,0.8,10.2,1.6,4.0,H
6039,2016-04-23,2015-16,Aston Villa,Southampton,0.2,2.0,10.2,2.0,0.0,1.8,1.2,15.0,4.2,10.0,A
6040,2016-04-23,2015-16,Bournemouth,Chelsea,1.2,2.4,11.0,2.8,6.0,1.4,1.4,14.4,5.2,5.0,A
6041,2016-04-23,2015-16,Liverpool,Newcastle,2.6,1.2,20.6,8.2,10.0,1.6,1.6,10.4,5.2,5.0,D
6042,2016-04-23,2015-16,Man City,Stoke,2.0,0.6,14.8,5.2,10.0,1.2,2.6,11.2,3.6,4.0,H
6043,2016-04-24,2015-16,Leicester,Swansea,1.4,0.4,10.4,3.4,13.0,1.2,1.6,11.4,3.0,7.0,H
6044,2016-04-24,2015-16,Sunderland,Arsenal,1.0,0.8,14.0,3.6,6.0,2.4,0.8,15.6,6.8,11.0,D
6045,2016-04-25,2015-16,Tottenham,West Brom,2.6,0.2,18.6,7.0,13.0,0.2,1.2,10.0,1.4,1.0,D
6046,2016-04-30,2015-16,Arsenal,Norwich,2.0,0.8,17.4,7.6,9.0,0.8,1.2,11.4,3.4,7.0,H
6047,2016-04-30,2015-16,Everton,Bournemouth,0.4,1.4,7.6,3.0,3.0,0.8,2.8,11.2,2.8,3.0,H
6048,2016-04-30,2015-16,Newcastle,Crystal Palace,1.8,1.8,8.2,4.2,5.0,0.8,1.0,11.0,3.8,6.0,H
6049,2016-04-30,2015-16,Stoke,Sunderland,1.0,3.0,11.4,3.6,4.0,0.8,0.6,14.2,3.6,6.0,D
6050,2016-04-30,2015-16,Watford,Aston Villa,0.8,2.0,9.2,3.8,4.0,0.6,2.4,11.2,3.0,0.0,H
6051,2016-04-30,2015-16,West Brom,West Ham,0.4,1.2,11.2,2.0,2.0,2.4,2.0,17.4,6.0,7.0,A
6052,2016-05-01,2015-16,Southampton,Man City,2.2,1.4,16.2,4.8,10.0,2.8,0.4,11.8,6.0,13.0,H
6053,2016-05-01,2015-16,Man United,Leicester,1.0,0.6,9.8,4.0,12.0,2.0,0.4,12.0,5.0,13.0,D
6054,2016-05-01,2015-16,Swansea,Liverpool,0.8,1.8,10.8,2.4,7.0,2.6,1.0,19.6,7.2,11.0,H
6055,2016-05-02,2015-16,Chelsea,Tottenham,2.0,1.4,13.6,4.6,7.0,2.4,0.4,18.6,5.8,11.0,D
6056,2016-05-07,2015-16,Aston Villa,Newcastle,1.0,2.8,10.2,3.0,0.0,1.6,1.2,7.6,4.0,8.0,D
6057,2016-05-07,2015-16,Bournemouth,West Brom,1.0,2.6,14.0,3.2,3.0,0.4,1.8,13.6,3.0,1.0,D
6058,2016-05-07,2015-16,Crystal Palace,Stoke,0.4,0.8,10.4,3.4,5.0,0.8,3.0,11.8,3.0,2.0,H
6059,2016-05-07,2015-16,Leicester,Everton,2.0,0.6,13.2,5.0,11.0,0.8,1.4,8.6,3.8,6.0,H
6060,2016-05-07,2015-16,Norwich,Man United,0.8,1.4,12.8,4.0,6.0,1.0,0.8,13.0,4.6,10.0,A
6061,2016-05-07,2015-16,Sunderland,Chelsea,0.8,0.6,14.2,3.8,6.0,2.0,1.4,11.8,4.6,7.0,H
6062,2016-05-07,2015-16,West Ham,Swansea,2.6,1.6,16.4,5.6,9.0,1.2,2.0,12.4,4.0,7.0,A
6063,2016-05-08,2015-16,Tottenham,Southampton,2.2,0.8,18.4,5.2,9.0,2.4,1.4,15.8,5.2,10.0,A
6064,2016-05-08,2015-16,Man City,Arsenal,2.4,1.2,10.0,5.6,10.0,1.4,0.8,16.4,5.8,9.0,D
6065,2016-05-08,2015-16,Liverpool,Watford,2.6,1.4,18.8,6.4,10.0,1.2,2.0,11.0,4.2,7.0,H
6066,2016-05-10,2015-16,West Ham,Man United,2.4,2.0,17.8,5.8,8.0,1.0,0.8,14.0,4.6,10.0,H
6067,2016-05-11,2015-16,Liverpool,Chelsea,2.2,1.2,19.8,6.2,10.0,1.6,2.0,11.4,4.6,4.0,D
6068,2016-05-11,2015-16,Norwich,Watford,0.6,1.6,13.0,4.2,3.0,1.2,1.6,12.6,4.4,7.0,H
6069,2016-05-11,2015-16,Sunderland,Everton,1.4,1.0,12.8,3.2,8.0,0.8,1.8,8.0,3.4,5.0,H
6070,2016-05-15,2015-16,West Brom,Liverpool,0.4,1.6,13.4,3.4,2.0,2.0,1.2,21.6,6.8,8.0,D
6071,2016-05-15,2015-16,Watford,Sunderland,1.4,2.2,12.4,4.8,6.0,2.0,0.6,12.6,4.6,11.0,D
6072,2016-05-15,2015-16,Swansea,Man City,1.6,1.8,12.6,4.6,9.0,2.4,1.4,10.2,5.4,8.0,D
6073,2016-05-15,2015-16,Stoke,West Ham,0.6,3.0,11.8,2.6,1.0,2.4,1.8,18.0,5.6,10.0,H
6074,2016-05-15,2015-16,Southampton,Crystal Palace,2.8,1.4,15.8,5.2,13.0,0.6,1.0,11.2,3.0,5.0,H
6075,2016-05-15,2015-16,Newcastle,Tottenham,1.4,0.6,8.4,4.0,9.0,2.2,1.0,18.8,5.4,8.0,H
6076,2016-05-15,2015-16,Everton,Norwich,0.8,2.4,9.6,3.6,4.0,0.8,1.6,14.0,4.2,3.0,H
6077,2016-05-15,2015-16,Chelsea,Leicester,1.8,2.0,12.4,5.6,5.0,2.4,0.8,17.4,5.8,11.0,D
6078,2016-05-15,2015-16,Arsenal,Aston Villa,1.2,0.6,15.2,5.0,9.0,1.0,2.0,7.6,2.2,1.0,H
6079,2016-05-17,2015-16,Man United,Bournemouth,1.4,0.8,13.6,4.8,10.0,1.2,2.0,14.2,3.6,4.0,H
6080,2016-08-13,2016-17,Southampton,Watford,3.0,1.4,15.4,5.0,13.0,1.6,2.6,14.4,5.2,4.0,D
6081,2016-08-13,2016-17,Middlesbrough,Stoke,0.6,2.0,10.8,5.2,1.0,0.8,2.4,11.2,2.8,4.0,D
6082,2016-08-13,2016-17,Hull,Leicester,0.4,1.2,13.2,3.2,4.0,2.2,1.0,17.6,5.4,9.0,H
6083,2016-08-13,2016-17,Man City,Sunderland,2.0,1.6,11.6,4.8,6.0,1.8,1.0,12.2,4.8,9.0,H
6084,2016-08-13,2016-17,Crystal Palace,West Brom,0.8,1.8,10.8,2.6,4.0,0.6,1.6,12.8,2.8,3.0,A
6085,2016-08-13,2016-17,Burnley,Swansea,0.4,0.4,9.0,3.0,7.0,1.6,2.0,11.0,3.6,7.0,A
6086,2016-08-13,2016-17,Everton,Tottenham,1.2,2.2,11.2,4.8,6.0,1.8,2.0,19.0,4.8,5.0,D
6087,2016-08-14,2016-17,Arsenal,Liverpool,1.8,0.4,14.2,5.2,11.0,1.4,1.4,15.6,4.8,6.0,A
6088,2016-08-14,2016-17,Bournemouth,Man United,1.0,2.4,13.2,3.0,1.0,1.8,1.0,13.4,5.0,10.0,A
6089,2016-08-15,2016-17,Chelsea,West Ham,2.0,1.6,13.6,5.6,6.0,2.2,1.8,18.2,6.2,9.0,H
6090,2016-08-19,2016-17,Man United,Southampton,2.0,1.2,12.4,4.4,10.0,3.0,1.4,16.6,5.4,13.0,H
6091,2016-08-20,2016-17,West Brom,Everton,0.8,1.2,13.8,3.2,6.0,1.4,1.6,13.0,6.0,7.0,A
6092,2016-08-20,2016-17,Watford,Chelsea,1.6,2.2,14.0,4.6,5.0,1.6,1.6,13.6,6.0,6.0,A
6093,2016-08-20,2016-17,Tottenham,Crystal Palace,1.2,2.2,17.0,4.4,3.0,0.6,1.8,12.2,3.0,3.0,H
6094,2016-08-20,2016-17,Leicester,Arsenal,2.0,1.0,20.0,6.0,8.0,2.0,1.2,12.8,4.8,8.0,D
6095,2016-08-20,2016-17,Stoke,Man City,1.0,1.8,11.2,2.6,5.0,2.2,1.6,13.0,4.6,8.0,A
6096,2016-08-20,2016-17,Burnley,Liverpool,0.4,0.4,8.6,2.8,7.0,1.8,1.6,16.2,5.4,8.0,H
6097,2016-08-20,2016-17,Swansea,Hull,1.8,1.4,12.2,5.2,10.0,0.6,1.4,14.6,3.4,4.0,A
6098,2016-08-21,2016-17,Sunderland,Middlesbrough,2.0,1.4,11.2,4.8,8.0,0.8,1.8,12.2,4.8,2.0,A
6099,2016-08-21,2016-17,West Ham,Bournemouth,1.8,2.0,16.0,5.4,6.0,1.0,2.6,11.4,2.6,1.0,H
6100,2016-08-27,2016-17,Watford,Arsenal,1.2,2.2,11.6,3.8,2.0,2.0,1.2,11.4,4.2,8.0,A
6101,2016-08-27,2016-17,Tottenham,Liverpool,1.2,2.0,17.2,5.0,5.0,1.6,1.4,19.2,5.8,8.0,D
6102,2016-08-27,2016-17,Southampton,Sunderland,2.2,1.4,15.8,4.2,10.0,2.0,1.6,12.0,4.8,7.0,D
6103,2016-08-27,2016-17,Leicester,Swansea,1.2,1.0,18.0,4.4,6.0,1.8,1.0,13.0,5.6,10.0,H
6104,2016-08-27,2016-17,Hull,Man United,0.8,0.8,15.4,4.0,7.0,2.2,1.0,10.6,4.2,12.0,A
6105,2016-08-27,2016-17,Everton,Stoke,1.4,1.6,13.2,6.4,7.0,1.2,1.8,10.0,2.8,5.0,H
6106,2016-08-27,2016-17,Crystal Palace,Bournemouth,0.6,1.6,13.2,3.4,3.0,0.8,2.0,10.4,2.8,1.0,D
6107,2016-08-27,2016-17,Chelsea,Burnley,1.6,1.4,13.6,5.8,8.0,0.8,0.2,7.6,2.8,10.0,H
6108,2016-08-28,2016-17,Man City,West Ham,2.2,1.8,13.2,4.6,8.0,1.4,2.0,17.4,5.0,6.0,H
6109,2016-08-28,2016-17,West Brom,Middlesbrough,0.8,1.4,12.8,3.4,5.0,1.2,1.6,11.6,4.4,5.0,D
6110,2016-09-10,2016-17,West Ham,Watford,1.4,1.8,14.2,4.0,6.0,1.4,2.4,11.6,4.4,2.0,A
6111,2016-09-10,2016-17,Stoke,Tottenham,1.0,1.8,9.4,2.4,4.0,1.0,1.8,16.2,4.8,5.0,A
6112,2016-09-10,2016-17,Middlesbrough,Crystal Palace,1.0,1.0,10.8,3.8,6.0,0.8,1.6,16.2,3.8,4.0,A
6113,2016-09-10,2016-17,Man United,Man City,2.2,1.0,13.4,5.6,12.0,2.4,1.2,16.4,4.6,11.0,A
6114,2016-09-10,2016-17,Burnley,Hull,0.6,0.8,7.2,2.4,7.0,0.8,0.8,12.8,3.8,7.0,D
6115,2016-09-10,2016-17,Bournemouth,West Brom,0.8,1.8,9.2,3.0,2.0,0.8,0.8,12.4,2.8,6.0,H
6116,2016-09-10,2016-17,Arsenal,Southampton,2.4,1.4,10.6,5.0,8.0,1.6,1.2,16.2,4.2,8.0,H
6117,2016-09-10,2016-17,Liverpool,Leicester,1.4,1.6,18.0,5.4,6.0,1.4,1.0,17.8,5.0,8.0,H
6118,2016-09-11,2016-17,Swansea,Chelsea,1.4,1.2,11.2,4.4,7.0,1.8,0.8,16.2,6.2,11.0,D
6119,2016-09-12,2016-17,Sunderland,Everton,1.6,1.4,10.0,4.4,5.0,1.4,1.0,15.6,7.2,10.0,A
6120,2016-09-16,2016-17,Chelsea,Liverpool,2.0,1.0,19.2,6.2,11.0,2.0,1.6,15.8,5.8,8.0,A
6121,2016-09-17,2016-17,Leicester,Burnley,1.0,1.6,13.8,4.0,5.0,0.8,1.0,7.6,2.0,7.0,H
6122,2016-09-17,2016-17,West Brom,West Ham,0.6,0.8,12.4,2.4,5.0,1.2,2.2,14.0,3.6,3.0,H
6123,2016-09-17,2016-17,Man City,Bournemouth,2.4,1.0,17.2,5.2,13.0,0.8,1.6,9.2,3.2,4.0,H
6124,2016-09-17,2016-17,Hull,Arsenal,1.0,0.6,12.2,4.0,8.0,2.4,1.2,13.0,5.0,10.0,A
6125,2016-09-17,2016-17,Everton,Middlesbrough,2.0,0.4,16.2,7.8,13.0,1.0,1.2,11.2,3.4,5.0,H
6126,2016-09-18,2016-17,Crystal Palace,Stoke,0.8,1.6,15.2,3.8,4.0,0.8,2.2,10.0,2.2,4.0,H
6127,2016-09-18,2016-17,Southampton,Swansea,1.4,1.4,16.4,4.8,5.0,1.0,1.4,9.8,3.6,5.0,H
6128,2016-09-18,2016-17,Tottenham,Sunderland,1.6,1.4,16.2,5.2,8.0,1.0,2.0,9.4,3.2,2.0,H
6129,2016-09-18,2016-17,Watford,Man United,1.8,2.0,11.8,4.6,5.0,2.0,0.8,15.6,5.8,12.0,H
6130,2016-09-24,2016-17,Swansea,Man City,0.8,1.4,10.8,4.0,4.0,3.0,0.8,17.6,6.6,15.0,A
6131,2016-09-24,2016-17,Stoke,West Brom,0.6,2.8,10.8,2.2,1.0,1.2,1.0,11.4,3.4,7.0,D
6132,2016-09-24,2016-17,Sunderland,Crystal Palace,0.6,1.8,9.4,2.8,1.0,1.4,1.0,14.8,4.6,7.0,A
6133,2016-09-24,2016-17,Middlesbrough,Tottenham,1.0,1.4,9.2,2.2,5.0,1.6,0.4,19.0,6.0,11.0,A
6134,2016-09-24,2016-17,Bournemouth,Everton,0.6,1.8,9.0,3.6,4.0,2.0,0.6,15.4,7.4,13.0,H
6135,2016-09-24,2016-17,Liverpool,Hull,2.2,1.6,17.0,6.2,10.0,1.2,1.4,10.2,3.2,7.0,H
6136,2016-09-24,2016-17,Arsenal,Chelsea,2.4,1.4,14.6,5.4,10.0,2.0,1.2,18.2,6.2,10.0,H
6137,2016-09-24,2016-17,Man United,Leicester,1.6,1.2,16.2,5.2,9.0,1.4,1.4,13.0,4.2,7.0,H
6138,2016-09-25,2016-17,West Ham,Southampton,1.4,2.6,14.6,3.2,3.0,0.8,1.2,16.6,5.0,5.0,A
6139,2016-09-26,2016-17,Burnley,Watford,0.6,1.6,7.8,1.8,4.0,2.0,1.8,9.6,4.4,7.0,H
6140,2016-09-30,2016-17,Everton,Crystal Palace,1.8,0.6,15.6,6.6,12.0,2.0,1.2,16.0,4.6,10.0,D
6141,2016-10-01,2016-17,West Ham,Middlesbrough,1.2,2.8,15.8,2.8,3.0,1.0,1.6,8.0,2.2,4.0,D
6142,2016-10-01,2016-17,Watford,Bournemouth,1.8,2.0,11.0,4.8,6.0,0.6,1.2,9.6,3.2,7.0,D
6143,2016-10-01,2016-17,Swansea,Liverpool,0.8,2.0,10.0,3.2,1.0,2.4,1.2,20.2,7.2,10.0,A
6144,2016-10-01,2016-17,Hull,Chelsea,1.0,2.2,7.8,2.4,4.0,1.6,1.6,16.8,5.4,7.0,A
6145,2016-10-01,2016-17,Sunderland,West Brom,0.8,2.0,10.2,3.0,1.0,1.2,1.2,10.6,3.4,5.0,D
6146,2016-10-02,2016-17,Burnley,Arsenal,1.0,1.4,8.4,2.0,7.0,2.4,0.6,15.6,5.4,13.0,A
6147,2016-10-02,2016-17,Leicester,Southampton,1.4,1.8,11.4,3.8,7.0,1.2,1.0,15.4,5.6,7.0,D
6148,2016-10-02,2016-17,Man United,Stoke,1.8,1.2,17.2,5.2,9.0,0.6,2.8,10.8,2.4,1.0,D
6149,2016-10-02,2016-17,Tottenham,Man City,1.8,0.4,20.2,6.2,13.0,3.2,0.8,18.0,6.6,15.0,H
6150,2016-10-15,2016-17,West Brom,Tottenham,1.2,1.0,11.8,4.0,6.0,2.0,0.4,18.8,6.6,13.0,D
6151,2016-10-15,2016-17,Stoke,Sunderland,0.6,2.2,10.6,3.0,2.0,0.8,1.8,8.0,2.4,2.0,H
6152,2016-10-15,2016-17,Man City,Everton,2.4,1.0,18.0,6.6,12.0,1.6,0.6,15.6,5.8,10.0,D
6153,2016-10-15,2016-17,Bournemouth,Hull,1.0,1.4,10.2,2.6,8.0,0.6,2.6,7.0,2.2,1.0,H
6154,2016-10-15,2016-17,Chelsea,Leicester,1.6,1.4,18.6,6.4,7.0,1.4,1.8,11.6,3.8,7.0,H
6155,2016-10-15,2016-17,Arsenal,Swansea,2.6,0.6,16.6,5.2,15.0,1.0,2.0,9.0,3.2,1.0,H
6156,2016-10-15,2016-17,Crystal Palace,West Ham,2.2,1.2,16.0,4.6,11.0,1.2,3.0,16.6,2.8,1.0,A
6157,2016-10-16,2016-17,Middlesbrough,Watford,0.8,1.6,8.2,2.2,2.0,2.0,2.0,13.2,5.8,7.0,A
6158,2016-10-16,2016-17,Southampton,Burnley,1.2,0.6,15.0,6.4,8.0,0.6,1.6,9.8,1.8,4.0,H
6159,2016-10-17,2016-17,Liverpool,Man United,2.8,1.0,18.6,7.4,13.0,1.6,1.4,19.6,6.0,7.0,D
6160,2016-10-22,2016-17,West Ham,Sunderland,1.2,2.4,17.2,3.2,4.0,0.6,2.0,9.2,2.2,1.0,H
6161,2016-10-22,2016-17,Arsenal,Middlesbrough,2.6,0.8,17.8,5.0,15.0,0.8,1.8,8.8,2.4,1.0,D
6162,2016-10-22,2016-17,Bournemouth,Tottenham,2.0,1.4,12.6,4.0,10.0,2.0,0.4,20.6,7.4,13.0,D
6163,2016-10-22,2016-17,Burnley,Everton,0.8,1.6,9.8,2.0,4.0,1.6,0.8,12.0,4.4,8.0,H
6164,2016-10-22,2016-17,Hull,Stoke,0.8,3.6,7.6,2.6,1.0,1.0,2.0,12.6,4.0,5.0,A
6165,2016-10-22,2016-17,Leicester,Crystal Palace,1.0,2.2,10.0,2.6,4.0,2.0,1.2,13.6,4.2,10.0,H
6166,2016-10-22,2016-17,Liverpool,West Brom,2.6,0.8,17.8,7.4,13.0,1.4,1.2,10.8,4.4,6.0,H
6167,2016-10-22,2016-17,Swansea,Watford,1.2,2.2,9.8,3.8,1.0,2.0,1.4,11.2,5.0,10.0,D
6168,2016-10-23,2016-17,Man City,Southampton,2.0,1.0,17.4,7.2,10.0,1.6,0.6,18.6,7.8,10.0,D
6169,2016-10-23,2016-17,Chelsea,Man United,1.6,1.4,17.4,5.6,7.0,1.4,1.4,15.2,4.4,5.0,H
6170,2016-10-29,2016-17,Crystal Palace,Liverpool,1.8,1.6,15.8,4.8,7.0,2.2,0.8,18.6,6.6,13.0,A
6171,2016-10-29,2016-17,Man United,Burnley,1.2,1.8,15.6,4.8,5.0,1.0,1.6,9.0,2.2,6.0,D
6172,2016-10-29,2016-17,Middlesbrough,Bournemouth,0.6,1.4,8.6,2.4,2.0,1.8,1.4,11.8,3.2,8.0,H
6173,2016-10-29,2016-17,Sunderland,Arsenal,0.6,1.6,9.0,2.2,1.0,2.2,0.6,16.2,5.6,13.0,A
6174,2016-10-29,2016-17,Tottenham,Leicester,1.2,0.4,19.8,6.6,11.0,1.4,1.6,11.0,2.8,7.0,D
6175,2016-10-29,2016-17,Watford,Hull,1.2,1.0,10.6,3.8,8.0,0.6,3.8,7.2,2.4,0.0,H
6176,2016-10-29,2016-17,West Brom,Man City,1.6,1.4,9.6,4.2,6.0,1.8,1.0,16.6,6.6,8.0,A
6177,2016-10-30,2016-17,Southampton,Chelsea,1.6,0.4,17.6,7.2,11.0,2.0,1.0,14.6,5.4,9.0,A
6178,2016-10-30,2016-17,Everton,West Ham,1.2,1.2,12.0,4.2,5.0,1.0,1.6,17.4,3.0,7.0,H
6179,2016-10-31,2016-17,Stoke,Swansea,1.4,1.2,12.0,4.8,8.0,0.8,1.8,10.8,4.4,1.0,H
6180,2016-11-05,2016-17,Bournemouth,Sunderland,1.8,1.0,13.6,3.4,8.0,0.8,2.2,8.4,2.0,1.0,A
6181,2016-11-05,2016-17,Burnley,Crystal Palace,1.0,1.0,9.0,2.0,7.0,1.4,2.2,14.4,4.4,4.0,H
6182,2016-11-05,2016-17,Chelsea,Everton,2.2,0.6,14.8,6.0,12.0,1.0,1.0,13.2,4.2,5.0,H
6183,2016-11-05,2016-17,Man City,Middlesbrough,1.8,1.0,16.8,5.8,8.0,0.8,0.8,9.2,3.0,5.0,D
6184,2016-11-05,2016-17,West Ham,Stoke,0.6,1.2,15.4,2.6,7.0,1.8,0.6,13.2,4.8,11.0,D
6185,2016-11-06,2016-17,Swansea,Man United,1.0,2.2,11.8,5.0,1.0,1.0,1.2,20.0,6.6,6.0,A
6186,2016-11-06,2016-17,Leicester,West Brom,1.0,1.8,9.4,1.8,5.0,0.8,1.8,9.8,3.2,3.0,A
6187,2016-11-06,2016-17,Liverpool,Watford,2.6,1.0,19.4,7.6,13.0,0.8,0.8,13.0,2.8,8.0,H
6188,2016-11-06,2016-17,Arsenal,Tottenham,2.2,0.6,15.6,5.2,13.0,1.2,0.6,18.0,5.8,9.0,D
6189,2016-11-06,2016-17,Hull,Southampton,0.4,3.2,7.6,2.4,0.0,1.4,0.8,15.6,6.2,8.0,H
6190,2016-11-19,2016-17,Watford,Leicester,1.0,1.6,12.8,3.8,8.0,1.0,1.4,8.4,1.6,5.0,H
6191,2016-11-19,2016-17,Crystal Palace,Man City,1.2,2.4,13.6,4.6,1.0,1.4,1.0,18.2,6.4,6.0,A
6192,2016-11-19,2016-17,Everton,Swansea,1.0,1.8,10.8,3.8,5.0,1.0,2.2,10.4,4.2,1.0,D
6193,2016-11-19,2016-17,Man United,Arsenal,0.8,1.2,18.6,5.8,6.0,1.8,0.8,15.8,4.6,11.0,D
6194,2016-11-19,2016-17,Southampton,Liverpool,1.0,1.2,15.8,5.8,5.0,2.8,1.0,18.6,8.6,13.0,D
6195,2016-11-19,2016-17,Stoke,Bournemouth,1.8,0.6,13.2,5.2,11.0,1.8,1.4,15.6,4.6,5.0,A
6196,2016-11-19,2016-17,Sunderland,Hull,0.8,1.8,8.0,2.0,4.0,0.6,2.4,8.4,2.6,3.0,H
6197,2016-11-19,2016-17,Tottenham,West Ham,1.0,0.6,16.2,5.4,7.0,0.8,0.8,14.6,2.8,8.0,H
6198,2016-11-20,2016-17,Middlesbrough,Chelsea,0.8,0.6,9.0,3.2,6.0,3.2,0.0,17.2,7.4,15.0,A
6199,2016-11-21,2016-17,West Brom,Burnley,1.0,1.8,10.2,3.6,5.0,1.2,1.4,9.2,2.6,7.0,H
6200,2016-11-26,2016-17,Liverpool,Sunderland,2.4,0.8,18.0,7.8,11.0,1.2,1.6,8.8,2.4,6.0,H
6201,2016-11-26,2016-17,Leicester,Middlesbrough,1.2,1.8,8.6,1.8,4.0,0.6,0.6,9.6,2.8,5.0,D
6202,2016-11-26,2016-17,Swansea,Crystal Palace,1.0,2.0,9.8,4.2,2.0,1.2,2.6,13.4,4.6,0.0,H
6203,2016-11-26,2016-17,Chelsea,Tottenham,3.0,0.0,15.4,6.2,15.0,1.2,1.0,16.4,5.2,7.0,H
6204,2016-11-26,2016-17,Burnley,Man City,1.2,2.0,8.2,2.8,7.0,1.8,0.8,17.8,6.0,9.0,A
6205,2016-11-26,2016-17,Hull,West Brom,0.6,2.6,10.2,3.4,3.0,1.6,1.6,10.0,3.4,7.0,D
6206,2016-11-27,2016-17,Watford,Stoke,1.0,1.4,11.4,3.0,10.0,1.6,0.6,14.6,5.2,10.0,A
6207,2016-11-27,2016-17,Southampton,Everton,1.0,1.2,14.2,4.8,5.0,1.0,1.8,11.0,4.4,5.0,H
6208,2016-11-27,2016-17,Man United,West Ham,0.8,1.2,16.2,5.0,6.0,1.0,1.2,13.0,3.0,7.0,D
6209,2016-11-27,2016-17,Arsenal,Bournemouth,1.8,1.0,13.2,4.2,9.0,1.6,1.0,15.2,4.6,7.0,H
6210,2016-12-03,2016-17,Crystal Palace,Southampton,2.0,3.4,13.4,4.8,0.0,0.6,1.0,10.8,3.4,5.0,H
6211,2016-12-03,2016-17,Man City,Chelsea,2.0,0.8,18.2,5.4,11.0,2.8,0.2,14.0,6.0,15.0,A
6212,2016-12-03,2016-17,Stoke,Burnley,1.4,0.6,13.8,4.2,10.0,1.2,1.8,9.0,3.6,7.0,H
6213,2016-12-03,2016-17,Sunderland,Leicester,1.2,1.6,7.8,2.4,6.0,1.6,1.6,9.8,2.4,5.0,H
6214,2016-12-03,2016-17,Tottenham,Swansea,1.2,1.2,14.8,4.8,6.0,1.6,2.2,10.8,4.8,5.0,H
6215,2016-12-03,2016-17,West Brom,Watford,1.6,1.6,10.6,3.0,7.0,0.8,1.6,12.8,3.0,7.0,H
6216,2016-12-03,2016-17,West Ham,Arsenal,1.0,1.4,11.8,2.6,5.0,1.8,0.8,13.2,3.6,9.0,A
6217,2016-12-04,2016-17,Everton,Man United,0.8,1.8,13.0,4.2,4.0,1.0,1.4,18.2,6.4,6.0,D
6218,2016-12-04,2016-17,Bournemouth,Liverpool,0.6,1.4,12.6,3.2,4.0,2.8,0.8,21.6,8.6,13.0,H
6219,2016-12-05,2016-17,Middlesbrough,Hull,1.0,0.8,8.8,2.6,6.0,0.6,1.6,10.0,3.4,4.0,H
6220,2016-12-10,2016-17,Arsenal,Stoke,2.8,1.0,15.2,4.6,11.0,1.4,0.6,13.4,3.8,10.0,H
6221,2016-12-10,2016-17,Burnley,Bournemouth,0.8,2.0,10.0,3.8,4.0,1.4,2.0,13.4,4.6,6.0,H
6222,2016-12-10,2016-17,Hull,Crystal Palace,0.6,1.4,9.4,3.4,4.0,2.4,2.8,10.6,4.2,3.0,D
6223,2016-12-10,2016-17,Leicester,Man City,1.2,1.8,9.8,2.6,2.0,2.0,1.2,18.2,5.8,10.0,H
6224,2016-12-10,2016-17,Watford,Everton,1.0,2.2,14.2,3.6,6.0,0.8,1.6,11.6,3.8,5.0,H
6225,2016-12-10,2016-17,Swansea,Sunderland,1.6,3.2,8.8,3.8,4.0,1.6,1.6,10.2,3.2,9.0,H
6226,2016-12-11,2016-17,Southampton,Middlesbrough,0.4,1.4,13.0,3.6,4.0,1.2,0.8,9.8,2.6,8.0,H
6227,2016-12-11,2016-17,Man United,Tottenham,1.2,0.8,17.0,5.8,7.0,2.2,1.2,17.2,7.0,8.0,H
6228,2016-12-11,2016-17,Liverpool,West Ham,3.0,1.4,19.4,7.8,10.0,1.0,2.4,9.8,2.6,2.0,D
6229,2016-12-11,2016-17,Chelsea,West Brom,2.6,0.4,13.2,5.6,15.0,2.0,1.4,11.6,3.4,10.0,H
6230,2016-12-13,2016-17,Bournemouth,Leicester,1.8,2.2,13.8,4.8,6.0,1.8,2.0,10.6,3.6,4.0,H
6231,2016-12-13,2016-17,Everton,Arsenal,0.8,2.2,10.4,3.4,2.0,2.6,1.0,15.2,4.4,11.0,H
6232,2016-12-14,2016-17,Crystal Palace,Man United,2.6,2.6,12.0,4.2,4.0,1.4,0.8,12.6,4.6,9.0,A
6233,2016-12-14,2016-17,Man City,Watford,1.6,2.0,17.8,5.0,7.0,1.4,2.6,12.0,4.8,6.0,H
6234,2016-12-14,2016-17,Middlesbrough,Liverpool,0.8,1.0,9.0,2.4,5.0,2.6,1.4,19.6,6.4,8.0,A
6235,2016-12-14,2016-17,Stoke,Southampton,1.0,1.0,12.4,4.0,7.0,0.6,1.0,14.0,4.0,7.0,D
6236,2016-12-14,2016-17,Sunderland,Chelsea,1.4,1.4,11.8,3.4,9.0,2.4,0.4,13.0,4.6,15.0,A
6237,2016-12-14,2016-17,Tottenham,Hull,2.0,1.2,15.2,6.8,7.0,1.2,1.8,10.8,4.2,5.0,H
6238,2016-12-14,2016-17,West Brom,Swansea,2.0,0.8,11.0,3.4,10.0,2.0,2.6,8.8,3.6,7.0,H
6239,2016-12-14,2016-17,West Ham,Burnley,1.4,2.4,8.6,2.6,3.0,1.4,2.4,11.8,5.0,6.0,H
6240,2016-12-17,2016-17,West Brom,Man United,2.2,0.8,11.4,3.2,10.0,1.2,0.8,14.0,5.2,9.0,A
6241,2016-12-17,2016-17,Sunderland,Watford,1.0,1.4,11.6,3.2,6.0,1.2,1.8,10.8,3.6,6.0,H
6242,2016-12-17,2016-17,West Ham,Hull,1.4,2.2,10.8,3.6,5.0,0.8,2.2,11.6,4.8,2.0,H
6243,2016-12-17,2016-17,Middlesbrough,Swansea,0.6,1.4,9.6,2.4,4.0,2.0,2.6,9.2,4.2,7.0,H
6244,2016-12-17,2016-17,Crystal Palace,Chelsea,2.4,2.4,10.0,3.8,4.0,1.6,0.4,12.6,4.0,15.0,A
6245,2016-12-17,2016-17,Stoke,Leicester,0.8,0.8,11.0,3.8,7.0,1.6,1.8,12.0,4.0,4.0,D
6246,2016-12-18,2016-17,Tottenham,Burnley,2.4,1.0,18.6,8.0,9.0,0.8,2.2,10.6,4.0,3.0,H
6247,2016-12-18,2016-17,Bournemouth,Southampton,1.8,1.8,11.2,4.0,9.0,0.4,0.6,13.2,3.4,8.0,A
6248,2016-12-18,2016-17,Man City,Arsenal,1.8,1.8,15.4,5.0,9.0,2.6,1.2,14.0,4.6,10.0,H
6249,2016-12-19,2016-17,Everton,Liverpool,1.2,1.4,13.0,4.2,5.0,2.0,1.2,17.0,3.8,8.0,A
6250,2016-12-26,2016-17,Arsenal,West Brom,2.6,1.4,14.2,4.6,9.0,1.4,1.2,10.2,2.2,7.0,H
6251,2016-12-26,2016-17,Burnley,Middlesbrough,1.0,1.8,10.6,4.0,3.0,1.2,1.2,9.2,3.0,7.0,H
6252,2016-12-26,2016-17,Chelsea,Bournemouth,1.6,0.4,12.6,4.6,15.0,1.8,2.4,11.4,4.6,6.0,H
6253,2016-12-26,2016-17,Hull,Man City,0.8,1.8,11.4,4.4,2.0,1.8,1.8,16.2,5.2,9.0,A
6254,2016-12-26,2016-17,Leicester,Everton,1.8,1.8,12.8,5.2,5.0,1.0,1.4,11.4,3.2,4.0,A
6255,2016-12-26,2016-17,Man United,Sunderland,1.4,0.6,13.6,5.2,11.0,0.6,1.4,11.8,3.2,6.0,H
6256,2016-12-26,2016-17,Swansea,West Ham,1.8,3.0,11.0,4.0,6.0,1.2,1.6,12.2,4.2,8.0,A
6257,2016-12-26,2016-17,Watford,Crystal Palace,0.8,1.8,10.6,3.8,3.0,2.2,2.2,9.4,3.8,4.0,D
6258,2016-12-27,2016-17,Liverpool,Stoke,2.2,1.2,16.2,4.2,10.0,1.2,1.0,11.4,4.0,8.0,H
6259,2016-12-28,2016-17,Southampton,Tottenham,1.0,0.8,15.4,5.0,10.0,2.2,0.8,21.8,8.6,9.0,A
6260,2016-12-30,2016-17,Hull,Everton,0.6,2.2,11.4,4.2,1.0,1.4,1.2,10.4,3.6,7.0,D
6261,2016-12-31,2016-17,Man United,Middlesbrough,1.8,0.6,15.4,5.4,13.0,0.8,1.0,9.6,3.0,6.0,H
6262,2016-12-31,2016-17,Swansea,Bournemouth,1.0,3.0,10.2,3.6,3.0,1.6,2.4,11.0,4.6,6.0,A
6263,2016-12-31,2016-17,Southampton,West Brom,1.0,1.6,13.8,4.0,7.0,1.2,1.2,8.6,2.0,6.0,A
6264,2016-12-31,2016-17,Liverpool,Man City,2.6,1.4,14.8,4.0,10.0,2.0,1.6,15.2,5.4,9.0,H
6265,2016-12-31,2016-17,Leicester,West Ham,1.4,1.8,12.0,5.0,4.0,1.8,1.6,13.8,5.2,10.0,H
6266,2016-12-31,2016-17,Chelsea,Stoke,1.8,0.2,13.6,4.4,15.0,1.2,1.8,9.8,4.2,5.0,H
6267,2016-12-31,2016-17,Burnley,Sunderland,1.0,1.4,9.8,3.8,6.0,0.8,1.6,12.0,3.8,6.0,H
6268,2017-01-01,2016-17,Arsenal,Crystal Palace,2.2,1.2,16.2,6.2,9.0,1.6,1.4,9.0,3.8,5.0,H
6269,2017-01-01,2016-17,Watford,Tottenham,1.0,1.8,10.2,4.0,4.0,2.8,0.6,22.8,8.4,12.0,A
6270,2017-01-02,2016-17,Everton,Southampton,1.6,1.4,11.8,3.8,7.0,1.2,1.4,12.4,3.6,7.0,H
6271,2017-01-02,2016-17,Man City,Burnley,1.8,1.2,14.2,4.8,9.0,1.8,1.2,10.2,4.2,9.0,H
6272,2017-01-02,2016-17,Middlesbrough,Leicester,0.8,1.4,8.2,2.6,3.0,1.4,1.4,11.0,4.8,7.0,D
6273,2017-01-02,2016-17,Sunderland,Liverpool,0.6,2.2,9.8,3.2,3.0,2.2,0.6,13.8,3.6,13.0,D
6274,2017-01-02,2016-17,West Brom,Hull,1.0,1.2,7.8,2.0,6.0,1.0,2.4,12.8,4.6,2.0,H
6275,2017-01-02,2016-17,West Ham,Man United,1.6,0.8,16.8,5.6,10.0,2.0,0.6,19.8,7.4,15.0,A
6276,2017-01-03,2016-17,Bournemouth,Arsenal,1.4,1.8,10.8,4.2,6.0,1.6,1.0,16.8,5.6,9.0,D
6277,2017-01-03,2016-17,Crystal Palace,Swansea,1.0,1.8,8.6,3.8,2.0,1.0,2.6,12.8,4.6,3.0,A
6278,2017-01-03,2016-17,Stoke,Watford,1.2,2.6,8.8,3.8,2.0,1.0,2.0,8.0,3.4,4.0,H
6279,2017-01-04,2016-17,Tottenham,Chelsea,2.6,0.8,21.0,6.6,12.0,2.0,0.4,15.2,5.0,15.0,H
6280,2017-01-14,2016-17,Watford,Middlesbrough,0.4,2.0,7.6,2.6,1.0,0.8,1.2,8.8,2.4,4.0,D
6281,2017-01-14,2016-17,Tottenham,West Brom,3.0,0.6,20.4,6.2,15.0,1.6,1.2,8.2,2.8,9.0,H
6282,2017-01-14,2016-17,West Ham,Crystal Palace,1.2,0.8,17.0,5.4,9.0,0.6,1.6,7.2,3.2,1.0,H
6283,2017-01-14,2016-17,Swansea,Arsenal,0.8,2.8,12.2,4.4,3.0,1.6,1.4,15.4,5.2,7.0,A
6284,2017-01-14,2016-17,Sunderland,Stoke,1.0,2.0,9.6,3.8,4.0,1.4,2.0,9.8,3.8,5.0,A
6285,2017-01-14,2016-17,Leicester,Chelsea,0.6,1.0,11.0,4.4,5.0,1.8,0.8,15.0,5.0,12.0,A
6286,2017-01-14,2016-17,Hull,Bournemouth,0.6,2.4,13.2,4.6,1.0,1.6,1.8,9.8,4.6,7.0,H
6287,2017-01-14,2016-17,Burnley,Southampton,1.4,1.2,9.2,3.4,6.0,1.0,2.0,12.0,3.6,4.0,H
6288,2017-01-15,2016-17,Everton,Man City,1.8,0.8,13.0,4.2,10.0,1.8,0.6,13.2,4.6,12.0,H
6289,2017-01-15,2016-17,Man United,Liverpool,2.2,0.6,19.4,7.6,15.0,2.2,0.6,14.4,6.0,13.0,D
6290,2017-01-21,2016-17,West Brom,Sunderland,1.0,1.8,6.2,2.0,6.0,1.2,2.4,10.8,3.8,4.0,H
6291,2017-01-21,2016-17,Stoke,Man United,2.0,2.2,11.6,4.4,7.0,2.0,0.6,18.0,7.0,13.0,D
6292,2017-01-21,2016-17,Middlesbrough,West Ham,0.8,0.6,8.2,2.0,5.0,1.6,0.8,15.8,4.6,9.0,A
6293,2017-01-21,2016-17,Man City,Tottenham,1.4,1.4,13.2,4.2,9.0,3.2,0.6,19.2,6.6,15.0,D
6294,2017-01-21,2016-17,Liverpool,Swansea,1.8,0.8,14.0,6.0,11.0,0.6,3.0,13.0,4.2,3.0,A
6295,2017-01-21,2016-17,Crystal Palace,Everton,0.4,1.8,8.0,2.8,1.0,2.2,0.6,11.4,4.2,10.0,A
6296,2017-01-21,2016-17,Bournemouth,Watford,1.6,2.4,9.6,5.2,4.0,0.4,1.6,9.0,3.2,2.0,D
6297,2017-01-22,2016-17,Arsenal,Burnley,2.2,1.0,16.4,5.8,10.0,1.6,1.0,9.4,3.6,9.0,H
6298,2017-01-22,2016-17,Chelsea,Hull,2.2,0.8,12.8,4.4,12.0,1.2,2.0,14.0,4.2,4.0,H
6299,2017-01-22,2016-17,Southampton,Leicester,1.0,2.2,13.0,3.8,3.0,0.6,1.4,10.0,4.0,5.0,H
6300,2017-01-31,2016-17,Swansea,Southampton,1.2,2.8,11.4,4.4,6.0,1.0,2.0,14.2,3.6,3.0,H
6301,2017-01-31,2016-17,Sunderland,Tottenham,1.0,2.8,10.2,3.6,1.0,3.2,0.8,14.4,5.2,13.0,D
6302,2017-01-31,2016-17,Middlesbrough,West Brom,0.4,1.2,8.4,1.6,2.0,1.4,1.4,7.0,2.8,9.0,D
6303,2017-01-31,2016-17,Burnley,Leicester,1.6,1.0,11.0,4.6,9.0,0.2,1.6,9.4,2.8,4.0,H
6304,2017-01-31,2016-17,Bournemouth,Crystal Palace,1.8,2.2,10.6,5.2,5.0,0.4,1.8,8.4,2.8,1.0,A
6305,2017-01-31,2016-17,Arsenal,Watford,2.4,0.8,20.0,7.2,13.0,0.8,1.8,9.2,3.0,3.0,A
6306,2017-01-31,2016-17,Liverpool,Chelsea,2.0,1.4,15.0,6.2,8.0,2.4,0.8,12.0,4.2,12.0,D
6307,2017-02-01,2016-17,Man United,Hull,1.8,0.8,21.0,7.6,11.0,1.2,2.2,12.6,4.0,4.0,D
6308,2017-02-01,2016-17,Stoke,Everton,1.8,2.0,9.6,3.2,7.0,2.4,0.4,13.4,5.6,13.0,D
6309,2017-02-01,2016-17,West Ham,Man City,2.0,1.0,14.8,4.4,9.0,1.4,1.6,13.8,4.6,7.0,A
6310,2017-02-04,2016-17,Chelsea,Arsenal,2.0,1.0,10.8,3.8,10.0,2.4,1.2,18.8,6.0,10.0,H
6311,2017-02-04,2016-17,Crystal Palace,Sunderland,0.6,1.6,8.6,2.8,3.0,0.8,2.2,9.4,3.0,2.0,A
6312,2017-02-04,2016-17,Everton,Bournemouth,2.2,0.6,14.6,6.0,11.0,1.8,2.0,11.2,5.0,5.0,H
6313,2017-02-04,2016-17,Hull,Liverpool,1.2,1.6,11.8,3.8,5.0,1.4,1.4,12.4,5.6,6.0,H
6314,2017-02-04,2016-17,Southampton,West Ham,1.0,1.6,14.4,3.6,3.0,1.2,1.6,13.2,3.2,6.0,A
6315,2017-02-04,2016-17,Tottenham,Middlesbrough,2.4,0.6,13.8,4.8,11.0,0.6,1.2,9.0,1.8,3.0,H
6316,2017-02-04,2016-17,Watford,Burnley,1.0,1.8,9.4,3.6,5.0,1.6,1.0,14.6,4.4,9.0,H
6317,2017-02-04,2016-17,West Brom,Stoke,1.6,1.4,9.6,3.6,10.0,1.8,1.4,11.2,4.2,8.0,H
6318,2017-02-05,2016-17,Leicester,Man United,0.2,1.4,10.6,3.4,4.0,1.2,0.6,18.8,7.0,9.0,A
6319,2017-02-05,2016-17,Man City,Swansea,1.6,1.6,12.8,4.2,7.0,1.4,2.2,10.8,4.0,9.0,H
6320,2017-02-11,2016-17,Sunderland,Southampton,1.4,1.4,9.2,3.8,5.0,1.0,1.8,16.6,4.8,3.0,A
6321,2017-02-11,2016-17,West Ham,West Brom,1.8,1.6,9.4,3.0,9.0,1.4,1.2,11.4,3.8,10.0,D
6322,2017-02-11,2016-17,Stoke,Crystal Palace,1.4,0.8,12.6,4.2,8.0,0.6,2.0,11.4,3.8,3.0,H
6323,2017-02-11,2016-17,Middlesbrough,Everton,0.4,1.0,8.8,1.4,3.0,3.0,0.8,13.6,6.6,13.0,D
6324,2017-02-11,2016-17,Man United,Watford,1.4,0.4,15.4,6.4,9.0,1.2,1.2,11.4,4.6,8.0,H
6325,2017-02-11,2016-17,Liverpool,Tottenham,1.2,1.8,15.8,6.4,3.0,1.8,0.4,13.4,4.6,11.0,H
6326,2017-02-11,2016-17,Arsenal,Hull,2.2,1.8,16.2,5.6,7.0,1.2,1.2,10.6,3.8,7.0,H
6327,2017-02-12,2016-17,Burnley,Chelsea,1.0,1.2,13.6,4.6,6.0,1.8,0.8,9.8,3.6,10.0,D
6328,2017-02-12,2016-17,Swansea,Leicester,1.6,2.0,8.8,3.4,9.0,0.0,2.0,10.4,2.8,1.0,H
6329,2017-02-13,2016-17,Bournemouth,Man City,1.8,3.2,12.6,5.4,2.0,2.0,1.6,14.4,4.8,10.0,A
6330,2017-02-25,2016-17,West Brom,Bournemouth,1.2,1.4,11.4,3.4,8.0,1.2,3.0,11.2,4.4,1.0,H
6331,2017-02-25,2016-17,Watford,West Ham,1.2,1.2,11.4,4.8,8.0,2.2,1.6,11.0,3.4,10.0,D
6332,2017-02-25,2016-17,Hull,Burnley,1.0,1.0,9.0,3.4,7.0,1.0,1.0,12.6,4.8,7.0,D
6333,2017-02-25,2016-17,Everton,Sunderland,2.4,0.8,11.6,6.0,11.0,1.0,1.8,8.4,3.0,4.0,H
6334,2017-02-25,2016-17,Crystal Palace,Middlesbrough,0.4,1.8,11.2,3.4,3.0,0.4,1.0,8.8,1.8,3.0,H
6335,2017-02-25,2016-17,Chelsea,Swansea,2.0,0.6,10.2,3.6,11.0,1.6,1.8,8.6,3.4,9.0,H
6336,2017-02-26,2016-17,Tottenham,Stoke,1.4,0.8,13.0,4.6,8.0,1.2,0.8,10.6,4.0,8.0,H
6337,2017-02-27,2016-17,Leicester,Liverpool,0.0,2.4,10.2,2.2,0.0,1.2,1.4,15.0,5.2,5.0,H
6338,2017-03-04,2016-17,West Brom,Crystal Palace,1.6,0.8,13.4,4.2,11.0,0.6,1.2,12.2,3.8,6.0,A
6339,2017-03-04,2016-17,Watford,Southampton,1.4,1.4,10.8,4.0,8.0,1.8,1.2,17.2,5.8,6.0,A
6340,2017-03-04,2016-17,Stoke,Middlesbrough,0.6,1.4,8.8,3.4,5.0,0.4,1.2,10.0,2.4,2.0,H
6341,2017-03-04,2016-17,Swansea,Burnley,1.8,1.6,6.8,3.2,9.0,1.0,1.2,12.8,4.8,5.0,H
6342,2017-03-04,2016-17,Liverpool,Arsenal,1.2,1.8,15.8,5.8,4.0,2.0,1.2,16.8,6.2,9.0,H
6343,2017-03-04,2016-17,Leicester,Hull,0.6,2.0,11.4,3.2,3.0,0.6,1.0,9.2,3.0,5.0,H
6344,2017-03-04,2016-17,Man United,Bournemouth,1.4,0.4,17.2,7.4,9.0,1.2,2.8,12.0,4.0,1.0,D
6345,2017-03-05,2016-17,Sunderland,Man City,0.8,1.6,7.6,2.6,4.0,2.0,1.4,15.0,5.2,10.0,A
6346,2017-03-05,2016-17,Tottenham,Everton,1.4,0.8,13.0,4.2,8.0,2.0,0.8,14.4,6.8,11.0,H
6347,2017-03-06,2016-17,West Ham,Chelsea,1.8,1.8,10.8,3.2,8.0,2.0,0.8,11.8,4.0,11.0,A
6348,2017-03-08,2016-17,Man City,Stoke,2.4,0.6,15.2,5.6,13.0,0.8,1.2,10.2,4.8,7.0,D
6349,2017-03-11,2016-17,Hull,Swansea,0.8,1.2,9.4,3.0,5.0,1.8,1.6,10.2,4.6,9.0,H
6350,2017-03-11,2016-17,Bournemouth,West Ham,1.0,2.6,9.6,3.2,1.0,1.4,2.0,10.4,2.6,5.0,H
6351,2017-03-11,2016-17,Everton,West Brom,2.2,1.4,12.8,6.0,8.0,1.2,1.2,12.8,3.4,8.0,H
6352,2017-03-12,2016-17,Liverpool,Burnley,1.4,1.4,16.2,6.2,7.0,1.2,1.4,11.4,4.2,5.0,H
6353,2017-03-18,2016-17,West Brom,Arsenal,1.0,1.6,10.6,2.8,7.0,1.4,1.8,15.4,5.6,6.0,H
6354,2017-03-18,2016-17,Sunderland,Burnley,0.8,1.6,8.0,2.6,4.0,1.2,1.8,8.8,3.8,2.0,D
6355,2017-03-18,2016-17,Stoke,Chelsea,0.6,1.0,8.4,3.8,7.0,2.0,1.0,11.8,3.8,11.0,A
6356,2017-03-18,2016-17,West Ham,Leicester,1.8,1.8,12.2,3.8,5.0,1.2,1.6,12.6,3.8,6.0,A
6357,2017-03-18,2016-17,Crystal Palace,Watford,1.0,1.0,12.6,4.2,9.0,1.6,1.8,12.0,4.2,7.0,H
6358,2017-03-18,2016-17,Bournemouth,Swansea,1.6,2.6,11.8,4.6,4.0,1.6,1.8,10.2,4.2,6.0,H
6359,2017-03-18,2016-17,Everton,Hull,2.6,1.2,13.2,6.0,10.0,1.2,1.4,11.2,4.0,7.0,H
6360,2017-03-19,2016-17,Middlesbrough,Man United,0.2,1.0,9.4,2.4,2.0,1.4,0.4,19.4,8.2,9.0,A
6361,2017-03-19,2016-17,Tottenham,Southampton,1.6,0.8,15.8,5.2,10.0,2.6,1.6,17.2,7.0,9.0,H
6362,2017-03-19,2016-17,Man City,Liverpool,2.0,0.2,14.2,4.4,13.0,1.6,1.4,16.8,6.2,9.0,D
6363,2017-04-01,2016-17,Watford,Sunderland,1.2,1.8,11.2,3.4,4.0,0.8,1.6,10.2,3.4,4.0,H
6364,2017-04-01,2016-17,Burnley,Tottenham,1.0,1.4,10.0,3.0,3.0,2.0,1.0,15.4,5.8,12.0,A
6365,2017-04-01,2016-17,Chelsea,Crystal Palace,2.2,1.0,14.2,4.8,13.0,0.8,1.0,11.8,3.4,9.0,A
6366,2017-04-01,2016-17,Hull,West Ham,0.8,2.2,11.0,3.2,4.0,1.6,2.2,15.0,4.4,2.0,H
6367,2017-04-01,2016-17,Leicester,Stoke,1.8,1.8,12.2,3.8,9.0,0.8,1.2,7.0,3.6,7.0,H
6368,2017-04-01,2016-17,Liverpool,Everton,1.8,1.2,15.0,6.0,10.0,2.2,0.6,13.0,5.6,10.0,H
6369,2017-04-01,2016-17,Man United,West Brom,1.8,0.4,17.2,7.8,11.0,1.4,1.8,9.8,3.6,7.0,D
6370,2017-04-01,2016-17,Southampton,Bournemouth,2.2,2.0,14.8,6.2,6.0,1.4,1.4,10.6,4.2,7.0,D
6371,2017-04-02,2016-17,Arsenal,Man City,1.2,2.2,12.8,4.4,3.0,1.4,0.4,14.6,4.2,11.0,D
6372,2017-04-02,2016-17,Swansea,Middlesbrough,1.4,1.8,11.4,4.0,6.0,0.2,1.4,9.2,2.4,1.0,D
6373,2017-04-04,2016-17,Burnley,Stoke,0.8,1.6,11.4,2.6,2.0,0.6,1.6,7.6,3.2,4.0,H
6374,2017-04-04,2016-17,Leicester,Sunderland,2.2,1.2,14.6,5.6,12.0,0.0,1.8,10.4,2.6,1.0,H
6375,2017-04-04,2016-17,Man United,Everton,1.8,0.4,17.8,7.2,11.0,2.4,1.2,13.4,5.8,9.0,D
6376,2017-04-04,2016-17,Watford,West Brom,1.0,1.6,12.6,4.0,4.0,1.0,1.4,8.8,3.2,7.0,H
6377,2017-04-05,2016-17,Southampton,Crystal Palace,2.0,1.6,15.6,6.6,7.0,1.2,0.4,9.2,2.2,12.0,H
6378,2017-04-05,2016-17,Swansea,Tottenham,1.0,1.8,12.4,3.8,4.0,2.2,1.0,15.8,6.2,12.0,A
6379,2017-04-05,2016-17,Liverpool,Bournemouth,2.0,1.4,13.6,5.4,10.0,1.4,1.0,12.0,4.6,8.0,D
6380,2017-04-05,2016-17,Chelsea,Man City,1.8,1.2,16.4,5.8,10.0,1.4,0.6,14.0,4.2,9.0,H
6381,2017-04-05,2016-17,Arsenal,West Ham,1.4,2.2,10.4,4.0,4.0,1.4,2.2,14.2,4.4,1.0,H
6382,2017-04-05,2016-17,Hull,Middlesbrough,1.2,2.0,10.6,3.0,7.0,0.2,1.2,9.2,2.6,2.0,H
6383,2017-04-08,2016-17,Bournemouth,Chelsea,1.6,1.0,11.0,4.2,9.0,2.0,1.2,15.8,6.2,12.0,A
6384,2017-04-08,2016-17,Man City,Hull,1.2,1.0,14.0,4.6,6.0,1.8,2.2,11.0,3.8,9.0,H
6385,2017-04-08,2016-17,Middlesbrough,Burnley,0.6,2.0,9.8,2.8,1.0,0.8,1.4,10.8,2.6,4.0,D
6386,2017-04-08,2016-17,Stoke,Liverpool,0.6,1.0,9.6,3.0,4.0,2.2,1.2,14.2,5.6,11.0,A
6387,2017-04-08,2016-17,Tottenham,Watford,2.8,0.8,18.0,7.4,15.0,1.4,1.2,12.6,3.8,7.0,H
6388,2017-04-08,2016-17,West Brom,Southampton,0.6,1.6,9.8,2.8,4.0,2.4,1.2,16.4,7.0,10.0,A
6389,2017-04-08,2016-17,West Ham,Swansea,1.2,2.6,13.0,4.4,0.0,1.0,1.8,12.6,3.6,4.0,H
6390,2017-04-09,2016-17,Everton,Leicester,2.2,1.4,11.6,5.0,7.0,2.6,0.8,16.6,7.0,15.0,H
6391,2017-04-09,2016-17,Sunderland,Man United,0.0,1.4,12.2,3.0,1.0,1.4,0.6,18.4,6.0,9.0,A
6392,2017-04-10,2016-17,Crystal Palace,Arsenal,1.4,0.8,11.4,2.6,12.0,1.8,1.6,12.8,4.6,7.0,H
6393,2017-04-15,2016-17,Sunderland,West Ham,0.0,1.6,12.0,3.6,1.0,1.2,2.2,13.6,5.2,3.0,D
6394,2017-04-15,2016-17,Tottenham,Bournemouth,2.8,0.8,17.6,6.8,15.0,1.6,1.4,12.8,4.2,8.0,H
6395,2017-04-15,2016-17,Stoke,Hull,0.4,1.4,8.8,2.2,1.0,1.8,2.2,10.2,3.2,9.0,H
6396,2017-04-15,2016-17,Watford,Swansea,1.2,1.8,12.4,4.0,6.0,0.4,1.6,8.8,1.8,1.0,H
6397,2017-04-15,2016-17,Everton,Burnley,2.6,1.2,12.4,5.6,10.0,0.4,0.8,11.0,2.2,5.0,H
6398,2017-04-15,2016-17,Crystal Palace,Leicester,1.8,0.8,11.8,3.2,12.0,2.4,1.4,15.2,6.4,12.0,D
6399,2017-04-15,2016-17,Southampton,Man City,1.8,1.2,15.4,6.0,10.0,1.4,1.2,15.8,4.6,6.0,A
6400,2017-04-16,2016-17,West Brom,Liverpool,0.6,1.4,11.0,3.8,4.0,2.0,1.2,13.4,5.0,11.0,A
6401,2017-04-16,2016-17,Man United,Chelsea,1.6,0.6,17.6,5.6,9.0,2.0,1.2,15.6,6.2,12.0,H
6402,2017-04-17,2016-17,Middlesbrough,Arsenal,0.6,1.8,10.0,3.0,2.0,1.4,2.2,11.6,3.8,4.0,A
6403,2017-04-22,2016-17,Bournemouth,Middlesbrough,1.0,1.8,9.6,2.6,5.0,0.8,1.8,11.0,3.6,2.0,H
6404,2017-04-22,2016-17,Hull,Watford,1.6,2.6,10.0,2.4,6.0,0.8,1.0,12.2,4.6,9.0,H
6405,2017-04-22,2016-17,Swansea,Stoke,0.2,1.4,9.2,2.0,1.0,1.0,1.6,10.6,2.6,3.0,H
6406,2017-04-22,2016-17,West Ham,Everton,1.2,2.0,12.0,4.4,4.0,2.6,1.4,15.0,6.0,10.0,D
6407,2017-04-23,2016-17,Burnley,Man United,0.4,1.0,11.4,3.2,5.0,1.8,0.4,15.4,4.8,11.0,A
6408,2017-04-23,2016-17,Liverpool,Crystal Palace,1.8,1.0,14.4,4.8,11.0,1.8,1.2,12.8,3.2,10.0,A
6409,2017-04-25,2016-17,Chelsea,Southampton,1.6,1.4,14.8,5.4,9.0,1.0,1.2,13.0,4.0,7.0,H
6410,2017-04-26,2016-17,Middlesbrough,Sunderland,0.6,2.0,10.0,3.4,2.0,0.4,1.6,12.6,3.8,2.0,H
6411,2017-04-26,2016-17,Crystal Palace,Tottenham,2.0,1.4,12.8,3.8,10.0,3.0,0.4,18.4,8.2,15.0,A
6412,2017-04-26,2016-17,Arsenal,Leicester,1.6,1.8,12.6,4.0,7.0,2.2,1.6,13.0,5.8,10.0,H
6413,2017-04-27,2016-17,Man City,Man United,2.0,1.2,17.0,5.4,8.0,1.6,0.2,15.0,4.8,11.0,D
6414,2017-04-29,2016-17,Crystal Palace,Burnley,1.6,1.4,12.4,3.4,7.0,0.4,1.4,9.6,2.6,4.0,A
6415,2017-04-29,2016-17,Southampton,Hull,1.2,1.6,13.8,4.2,7.0,2.0,1.8,10.4,3.0,9.0,D
6416,2017-04-29,2016-17,Stoke,West Ham,0.8,1.6,11.4,3.0,3.0,0.8,1.4,11.0,3.6,5.0,D
6417,2017-04-29,2016-17,Sunderland,Bournemouth,0.4,1.8,11.8,3.6,1.0,1.4,1.8,11.2,3.4,5.0,A
6418,2017-04-29,2016-17,West Brom,Leicester,0.6,1.0,11.4,3.8,4.0,1.6,1.4,12.2,5.4,7.0,A
6419,2017-04-30,2016-17,Tottenham,Arsenal,2.8,0.2,19.6,7.8,15.0,1.6,1.2,12.8,4.6,10.0,H
6420,2017-04-30,2016-17,Middlesbrough,Man City,0.8,2.0,9.6,3.6,4.0,1.8,1.0,18.2,6.0,8.0,D
6421,2017-04-30,2016-17,Man United,Swansea,1.6,0.2,12.0,4.4,11.0,0.6,1.0,9.2,3.0,4.0,D
6422,2017-04-30,2016-17,Everton,Chelsea,1.8,1.4,13.0,4.4,8.0,2.0,1.6,14.2,5.4,9.0,A
6423,2017-05-01,2016-17,Watford,Liverpool,0.8,1.2,13.6,4.6,9.0,1.8,1.2,14.6,4.2,10.0,A
6424,2017-05-05,2016-17,West Ham,Tottenham,0.6,1.0,11.0,3.6,6.0,2.8,0.2,19.8,8.6,15.0,H
6425,2017-05-06,2016-17,Man City,Crystal Palace,1.8,1.0,19.8,5.8,8.0,1.4,1.2,12.0,3.8,7.0,H
6426,2017-05-06,2016-17,Leicester,Watford,1.4,1.4,8.8,3.6,7.0,0.6,1.4,10.8,3.0,6.0,H
6427,2017-05-06,2016-17,Swansea,Everton,0.8,1.2,8.6,3.2,4.0,1.6,1.4,13.6,4.4,8.0,H
6428,2017-05-06,2016-17,Burnley,West Brom,0.8,1.0,8.8,2.8,7.0,0.0,1.0,12.2,3.0,1.0,D
6429,2017-05-06,2016-17,Bournemouth,Stoke,1.6,1.8,11.8,4.2,7.0,0.8,1.2,13.2,3.4,4.0,D
6430,2017-05-06,2016-17,Hull,Sunderland,1.6,1.6,10.8,2.6,7.0,0.4,1.8,13.0,4.0,1.0,A
6431,2017-05-07,2016-17,Arsenal,Man United,1.2,1.2,13.6,4.8,9.0,1.6,0.2,10.8,5.0,11.0,H
6432,2017-05-07,2016-17,Liverpool,Southampton,1.4,1.0,15.0,4.6,10.0,1.2,1.6,13.2,3.8,7.0,D
6433,2017-05-08,2016-17,Chelsea,Middlesbrough,2.4,1.2,11.6,4.2,12.0,0.8,1.6,10.0,4.0,5.0,H
6434,2017-05-10,2016-17,Southampton,Arsenal,0.6,1.4,9.0,2.0,5.0,1.0,1.2,11.2,4.0,9.0,A
6435,2017-05-12,2016-17,Everton,Watford,1.4,1.4,13.0,4.0,7.0,0.2,2.0,11.8,4.0,3.0,H
6436,2017-05-12,2016-17,West Brom,Chelsea,0.4,1.4,13.8,3.4,1.0,2.6,1.0,13.8,4.8,12.0,A
6437,2017-05-13,2016-17,Sunderland,Swansea,0.8,1.4,12.4,4.4,4.0,0.8,0.6,9.6,3.8,7.0,A
6438,2017-05-13,2016-17,Stoke,Arsenal,1.2,1.4,13.0,3.6,5.0,1.4,0.6,11.2,4.2,12.0,A
6439,2017-05-13,2016-17,Middlesbrough,Southampton,0.8,2.2,8.0,3.2,4.0,0.4,1.8,9.8,2.0,2.0,A
6440,2017-05-13,2016-17,Man City,Leicester,2.6,0.6,21.6,6.8,11.0,1.6,1.4,7.2,3.0,7.0,H
6441,2017-05-13,2016-17,Bournemouth,Burnley,1.6,1.8,12.8,4.2,7.0,1.0,1.4,10.2,3.0,5.0,H
6442,2017-05-14,2016-17,Crystal Palace,Hull,0.8,2.2,9.6,3.0,4.0,0.8,1.6,10.6,2.8,4.0,H
6443,2017-05-14,2016-17,Tottenham,Man United,2.2,0.2,18.4,8.0,12.0,1.0,0.6,9.2,4.0,8.0,H
6444,2017-05-14,2016-17,West Ham,Liverpool,0.8,0.4,12.2,4.2,9.0,1.0,0.6,14.4,4.6,10.0,A
6445,2017-05-15,2016-17,Chelsea,Watford,2.2,0.8,15.6,4.8,12.0,0.2,1.4,13.0,4.0,3.0,H
6446,2017-05-16,2016-17,Arsenal,Sunderland,1.8,0.6,10.8,4.6,12.0,0.8,1.2,13.2,4.4,4.0,H
6447,2017-05-16,2016-17,Man City,West Brom,2.4,0.6,20.4,6.4,11.0,0.4,1.2,11.6,3.4,1.0,H
6448,2017-05-17,2016-17,Southampton,Man United,0.8,1.4,11.0,2.6,5.0,0.8,1.0,9.0,3.8,5.0,D
6449,2017-05-18,2016-17,Leicester,Tottenham,1.4,1.0,7.8,3.0,7.0,1.8,0.4,17.4,8.2,12.0,A
6450,2017-05-21,2016-17,Watford,Man City,0.6,2.2,11.8,3.2,0.0,2.4,0.8,21.0,7.4,11.0,A
6451,2017-05-21,2016-17,Southampton,Stoke,0.4,0.6,12.0,3.0,6.0,1.2,1.8,13.2,3.6,5.0,A
6452,2017-05-21,2016-17,Man United,Crystal Palace,0.4,1.0,8.8,2.8,3.0,1.2,1.8,9.0,3.0,6.0,H
6453,2017-05-21,2016-17,Liverpool,Middlesbrough,1.4,0.4,16.8,6.0,10.0,0.8,2.2,8.2,2.8,4.0,H
6454,2017-05-21,2016-17,Swansea,West Brom,1.2,0.4,9.4,4.2,10.0,0.6,1.6,9.2,2.6,1.0,H
6455,2017-05-21,2016-17,Hull,Tottenham,0.6,1.8,11.2,2.6,4.0,2.2,0.6,17.8,7.8,12.0,A
6456,2017-05-21,2016-17,Chelsea,Sunderland,3.0,1.0,19.4,6.6,15.0,0.4,1.2,11.6,4.0,3.0,H
6457,2017-05-21,2016-17,Burnley,West Ham,1.2,1.8,11.6,3.2,4.0,0.6,1.2,11.4,3.6,6.0,A
6458,2017-05-21,2016-17,Arsenal,Everton,2.0,0.6,15.6,6.2,12.0,0.8,1.0,13.6,3.8,7.0,H
6459,2017-05-21,2016-17,Leicester,Bournemouth,1.2,1.8,9.0,3.6,6.0,1.8,1.4,14.0,5.2,10.0,D
6460,2017-08-11,2017-18,Arsenal,Leicester,2.6,0.4,16.6,7.2,15.0,1.4,1.8,11.8,4.0,7.0,H
6461,2017-08-12,2017-18,West Brom,Bournemouth,0.8,1.8,11.0,3.2,1.0,2.0,0.8,15.0,5.8,11.0,H
6462,2017-08-12,2017-18,Watford,Liverpool,0.6,2.8,10.4,3.4,0.0,1.8,0.4,18.8,7.6,10.0,D
6463,2017-08-12,2017-18,Everton,Stoke,0.4,1.4,12.2,3.8,4.0,0.8,1.6,13.2,3.4,5.0,H
6464,2017-08-12,2017-18,Southampton,Swansea,0.4,0.8,12.6,3.8,5.0,1.6,0.4,9.2,3.8,13.0,D
6465,2017-08-12,2017-18,Chelsea,Burnley,3.2,0.8,21.6,6.8,15.0,1.2,1.6,10.8,2.2,4.0,A
6468,2017-08-13,2017-18,Man United,West Ham,0.8,1.0,10.0,3.0,5.0,0.6,1.0,12.8,3.8,8.0,H
6469,2017-08-13,2017-18,Newcastle,Tottenham,1.8,0.8,9.8,4.6,9.0,3.4,0.8,18.0,9.8,12.0,A
6470,2017-08-19,2017-18,Stoke,Arsenal,0.8,1.4,13.2,3.0,5.0,3.0,1.0,20.2,8.4,15.0,H
6471,2017-08-19,2017-18,Bournemouth,Watford,1.2,1.0,12.8,4.2,8.0,1.2,3.2,10.4,3.8,1.0,A
6472,2017-08-19,2017-18,Burnley,West Brom,1.8,1.6,11.2,3.2,7.0,1.0,1.6,11.0,3.6,4.0,A
6474,2017-08-19,2017-18,Liverpool,Crystal Palace,2.2,0.6,18.8,8.4,11.0,0.8,2.4,10.4,3.2,3.0,H
6475,2017-08-19,2017-18,Southampton,West Ham,0.4,0.8,17.6,4.2,5.0,0.6,1.8,11.6,3.4,7.0,H
6476,2017-08-19,2017-18,Swansea,Man United,1.2,0.4,8.0,2.6,11.0,1.4,0.8,12.0,3.0,7.0,A
6477,2017-08-20,2017-18,Tottenham,Chelsea,3.4,0.8,17.6,8.8,12.0,3.0,1.4,23.2,7.0,12.0,A
6479,2017-08-21,2017-18,Man City,Everton,3.4,0.4,18.6,8.0,15.0,0.6,1.4,13.2,4.6,6.0,D
6480,2017-08-26,2017-18,Bournemouth,Man City,1.0,1.4,11.0,3.2,5.0,2.6,0.6,17.2,6.8,13.0,A
6481,2017-08-26,2017-18,Crystal Palace,Swansea,0.8,2.2,8.2,2.4,3.0,1.0,1.0,6.8,2.0,10.0,A
6483,2017-08-26,2017-18,Man United,Leicester,2.2,0.4,13.4,3.8,10.0,1.6,2.6,12.4,4.2,4.0,H
6484,2017-08-26,2017-18,Newcastle,West Ham,1.2,0.8,11.4,5.0,7.0,1.0,2.4,12.4,4.2,6.0,H
6486,2017-08-27,2017-18,Chelsea,Everton,2.8,1.6,20.8,6.0,12.0,0.8,1.0,12.2,4.2,7.0,H
6487,2017-08-27,2017-18,Liverpool,Arsenal,2.2,0.6,21.0,9.4,11.0,2.6,1.2,21.6,8.8,12.0,H
6488,2017-08-27,2017-18,Tottenham,Burnley,3.6,1.0,19.0,9.0,12.0,1.4,1.8,13.4,2.6,4.0,D
6489,2017-08-27,2017-18,West Brom,Stoke,0.8,1.2,10.4,3.2,6.0,1.0,1.4,11.6,3.0,7.0,D
6490,2017-09-09,2017-18,Southampton,Watford,0.6,0.6,16.0,4.4,6.0,1.6,2.4,10.2,3.4,5.0,A
6491,2017-09-09,2017-18,Stoke,Man United,0.8,1.2,12.0,2.8,7.0,2.4,0.0,16.2,4.8,13.0,D
6492,2017-09-09,2017-18,Leicester,Chelsea,1.4,2.6,12.8,4.2,4.0,3.0,1.6,19.6,6.4,12.0,A
6493,2017-09-09,2017-18,Man City,Liverpool,2.6,0.6,17.6,7.4,13.0,3.0,0.6,21.2,9.8,13.0,H
6495,2017-09-09,2017-18,Arsenal,Bournemouth,1.8,1.8,21.2,7.6,9.0,0.8,1.4,10.4,3.4,4.0,H
6496,2017-09-09,2017-18,Everton,Tottenham,0.8,1.2,12.0,3.8,7.0,3.4,1.0,21.8,8.6,10.0,A
6497,2017-09-10,2017-18,Burnley,Crystal Palace,1.2,1.6,13.2,2.4,4.0,0.8,1.6,10.4,2.6,3.0,H
6498,2017-09-10,2017-18,Swansea,Newcastle,1.2,1.0,6.4,1.8,10.0,1.6,0.8,12.6,5.8,7.0,A
6502,2017-09-16,2017-18,Crystal Palace,Southampton,0.0,1.8,12.6,2.8,0.0,0.6,1.0,14.4,3.4,5.0,A
6503,2017-09-16,2017-18,Liverpool,Burnley,2.2,1.6,18.0,8.2,10.0,1.2,1.2,11.2,2.2,7.0,D
6504,2017-09-16,2017-18,Newcastle,Stoke,1.8,0.8,14.0,6.8,9.0,1.0,0.8,12.0,3.0,8.0,H
6505,2017-09-16,2017-18,Tottenham,Swansea,2.8,0.8,19.6,7.4,10.0,0.8,1.2,7.8,2.0,7.0,D
6506,2017-09-16,2017-18,Watford,Man City,1.4,1.6,10.8,3.4,8.0,3.0,0.4,16.0,6.8,13.0,A
6507,2017-09-16,2017-18,West Brom,West Ham,1.0,1.2,12.4,3.4,7.0,1.2,2.2,13.2,3.8,6.0,D
6508,2017-09-17,2017-18,Man United,Everton,2.8,0.4,17.6,6.2,13.0,0.6,1.8,11.4,2.8,4.0,H
6509,2017-09-17,2017-18,Chelsea,Arsenal,2.6,1.2,18.0,5.8,12.0,2.0,1.8,17.4,6.8,9.0,D
6510,2017-09-23,2017-18,Swansea,Watford,0.4,1.0,6.2,1.6,5.0,1.4,1.8,11.0,3.0,8.0,A
6511,2017-09-23,2017-18,Stoke,Chelsea,1.0,1.2,11.8,3.2,5.0,1.6,1.0,15.0,5.0,10.0,A
6512,2017-09-23,2017-18,West Ham,Tottenham,0.8,2.0,12.2,3.2,4.0,1.4,0.6,21.0,6.2,8.0,A
6513,2017-09-23,2017-18,Southampton,Man United,0.8,0.8,14.2,3.0,8.0,3.2,0.4,19.0,7.2,13.0,A
6514,2017-09-23,2017-18,Man City,Crystal Palace,3.2,0.4,18.6,7.0,13.0,0.0,1.6,14.2,3.2,0.0,H
6515,2017-09-23,2017-18,Leicester,Liverpool,1.4,1.8,9.8,2.8,4.0,1.8,1.8,20.0,8.0,8.0,A
6516,2017-09-23,2017-18,Everton,Bournemouth,0.4,2.0,8.4,2.0,4.0,0.6,1.8,9.2,2.4,3.0,H
6517,2017-09-23,2017-18,Burnley,Huddersfield,1.2,1.0,10.4,2.8,8.0,1.0,0.6,11.2,4.0,8.0,D
6518,2017-09-24,2017-18,Brighton,Newcastle,0.8,1.4,9.6,2.8,4.0,1.2,0.8,13.0,5.4,9.0,H
6519,2017-09-25,2017-18,Arsenal,West Brom,1.4,1.6,16.2,5.4,7.0,0.8,0.8,10.4,2.6,8.0,H
6520,2017-09-30,2017-18,West Ham,Swansea,1.2,1.8,12.4,3.8,4.0,0.6,1.4,7.4,2.2,4.0,H
6521,2017-09-30,2017-18,West Brom,Watford,0.6,1.2,8.6,2.0,5.0,1.2,1.4,10.8,3.0,10.0,D
6522,2017-09-30,2017-18,Stoke,Southampton,1.0,1.8,12.6,3.4,5.0,0.8,1.0,11.2,3.4,7.0,H
6523,2017-09-30,2017-18,Man United,Crystal Palace,2.6,0.4,16.4,6.8,13.0,0.0,2.0,12.4,2.4,0.0,H
6524,2017-09-30,2017-18,Huddersfield,Tottenham,0.4,0.6,11.4,3.2,6.0,1.6,1.0,20.4,6.0,8.0,A
6525,2017-09-30,2017-18,Chelsea,Man City,2.0,0.4,12.6,4.6,13.0,3.8,0.4,20.8,8.0,13.0,A
6526,2017-09-30,2017-18,Bournemouth,Leicester,0.8,2.0,9.0,2.8,3.0,1.2,1.6,11.0,3.6,4.0,D
6527,2017-10-01,2017-18,Arsenal,Brighton,1.0,1.0,14.0,4.6,7.0,1.0,1.0,9.8,3.0,7.0,H
6528,2017-10-01,2017-18,Everton,Burnley,0.6,2.2,9.0,2.0,4.0,0.6,0.6,9.4,2.4,6.0,A
6529,2017-10-01,2017-18,Newcastle,Liverpool,1.2,0.6,15.2,5.8,9.0,1.8,1.6,21.8,8.2,10.0,D
6530,2017-10-14,2017-18,Watford,Arsenal,1.2,1.8,10.0,2.2,8.0,1.4,0.8,15.4,5.8,10.0,H
6531,2017-10-14,2017-18,Tottenham,Bournemouth,2.2,0.6,19.6,6.2,11.0,0.8,1.6,11.6,3.2,4.0,H
6532,2017-10-14,2017-18,Swansea,Huddersfield,0.6,0.8,7.4,2.2,4.0,0.2,1.4,11.2,2.8,3.0,H
6533,2017-10-14,2017-18,Liverpool,Man United,1.8,1.8,20.6,6.0,8.0,2.6,0.4,16.6,6.6,13.0,D
6534,2017-10-14,2017-18,Crystal Palace,Chelsea,0.0,2.6,12.8,2.4,0.0,1.6,0.4,11.6,4.6,10.0,H
6535,2017-10-14,2017-18,Burnley,West Ham,0.8,0.4,6.4,2.8,9.0,1.0,1.2,11.0,3.0,7.0,D
6536,2017-10-14,2017-18,Man City,Stoke,3.8,0.2,20.4,8.0,15.0,1.2,2.0,13.8,3.8,5.0,H
6537,2017-10-15,2017-18,Brighton,Everton,1.0,1.0,10.6,2.8,7.0,0.4,2.2,12.2,2.4,3.0,D
6538,2017-10-15,2017-18,Southampton,Newcastle,0.4,1.0,12.6,3.0,4.0,1.4,0.6,14.2,5.8,10.0,D
6539,2017-10-16,2017-18,Leicester,West Brom,0.8,1.6,9.8,3.0,2.0,0.8,1.6,8.8,2.6,3.0,D
6540,2017-10-20,2017-18,West Ham,Brighton,1.2,0.8,11.0,3.6,8.0,1.2,1.2,9.8,3.0,7.0,A
6541,2017-10-21,2017-18,Chelsea,Watford,1.4,0.8,11.0,4.2,7.0,1.6,2.0,10.6,2.6,10.0,H
6542,2017-10-21,2017-18,Huddersfield,Man United,0.2,1.8,9.4,2.0,2.0,2.2,0.4,13.4,5.4,11.0,H
6543,2017-10-21,2017-18,Man City,Burnley,4.8,0.4,20.6,8.6,15.0,0.8,0.4,7.8,3.2,9.0,H
6544,2017-10-21,2017-18,Newcastle,Crystal Palace,1.2,1.0,14.8,5.2,8.0,0.4,2.4,12.4,2.8,3.0,H
6545,2017-10-21,2017-18,Southampton,West Brom,0.8,1.4,13.8,2.8,4.0,0.8,1.6,7.8,2.4,3.0,H
6546,2017-10-21,2017-18,Stoke,Bournemouth,1.4,3.2,11.6,3.6,4.0,0.6,1.4,10.8,2.8,4.0,A
6547,2017-10-21,2017-18,Swansea,Leicester,0.6,0.8,7.4,2.2,4.0,1.0,1.4,9.8,2.8,3.0,A
6548,2017-10-22,2017-18,Everton,Arsenal,0.6,2.0,13.4,3.6,4.0,1.6,0.4,15.6,7.0,10.0,A
6549,2017-10-22,2017-18,Tottenham,Liverpool,2.2,0.4,17.6,6.4,13.0,1.0,1.8,20.8,5.0,6.0,H
6550,2017-10-28,2017-18,Watford,Stoke,1.6,2.8,11.4,3.0,7.0,1.2,3.2,11.6,3.0,3.0,A
6551,2017-10-28,2017-18,West Brom,Man City,0.6,1.2,6.8,2.2,3.0,4.4,0.4,21.0,9.2,15.0,A
6552,2017-10-28,2017-18,Liverpool,Huddersfield,1.2,1.6,21.2,5.8,6.0,0.6,1.6,8.4,2.2,5.0,H
6553,2017-10-28,2017-18,Man United,Tottenham,2.0,0.4,11.6,4.4,10.0,2.4,0.6,17.4,6.4,13.0,H
6554,2017-10-28,2017-18,Crystal Palace,West Ham,0.4,2.4,9.8,1.8,3.0,0.8,1.4,10.4,3.4,5.0,D
6555,2017-10-28,2017-18,Bournemouth,Chelsea,1.0,1.0,10.8,3.0,7.0,1.8,1.0,10.6,4.6,7.0,A
6556,2017-10-28,2017-18,Arsenal,Swansea,2.0,0.8,18.2,8.0,10.0,0.8,1.0,9.2,2.2,4.0,H
6557,2017-10-29,2017-18,Brighton,Southampton,1.2,1.0,8.8,2.8,7.0,1.0,1.0,16.0,3.8,7.0,D
6558,2017-10-29,2017-18,Leicester,Everton,1.2,1.2,10.4,3.6,6.0,1.0,2.4,12.6,4.0,4.0,H
6559,2017-10-30,2017-18,Burnley,Newcastle,0.6,1.0,8.2,2.8,6.0,1.2,1.0,13.0,4.2,8.0,H
6560,2017-11-04,2017-18,West Ham,Liverpool,1.2,1.8,9.8,3.6,5.0,1.6,1.4,17.4,5.6,8.0,A
6561,2017-11-04,2017-18,Swansea,Brighton,1.0,1.4,9.2,2.6,3.0,1.2,0.8,8.4,2.8,8.0,A
6562,2017-11-04,2017-18,Stoke,Leicester,1.2,2.8,10.2,2.6,6.0,1.4,1.0,10.2,4.0,8.0,D
6563,2017-11-04,2017-18,Newcastle,Bournemouth,0.8,1.0,12.6,4.6,5.0,0.6,1.0,9.2,2.6,4.0,A
6564,2017-11-04,2017-18,Huddersfield,West Brom,0.4,2.0,5.6,1.6,4.0,1.0,1.8,6.8,2.8,2.0,H
6565,2017-11-04,2017-18,Southampton,Burnley,1.0,1.2,14.6,3.2,5.0,0.6,0.8,9.6,3.0,8.0,A
6566,2017-11-05,2017-18,Chelsea,Man United,2.0,1.0,11.6,4.8,9.0,1.4,0.4,10.6,3.6,10.0,H
6567,2017-11-05,2017-18,Everton,Watford,1.0,2.0,14.4,3.8,4.0,1.6,1.8,12.6,2.8,7.0,H
6568,2017-11-05,2017-18,Man City,Arsenal,3.8,0.8,18.4,8.2,15.0,2.4,1.0,19.4,8.6,12.0,H
6569,2017-11-05,2017-18,Tottenham,Crystal Palace,2.4,0.8,14.8,5.6,12.0,0.8,2.6,10.8,3.0,4.0,H
6570,2017-11-18,2017-18,Liverpool,Southampton,1.8,1.2,15.8,5.8,8.0,1.0,1.2,14.4,3.0,5.0,H
6571,2017-11-18,2017-18,West Brom,Chelsea,1.0,1.6,7.2,2.8,2.0,1.4,1.0,13.8,5.6,9.0,A
6572,2017-11-18,2017-18,Man United,Newcastle,1.2,0.6,10.8,3.2,7.0,0.8,1.0,12.4,4.4,5.0,H
6573,2017-11-18,2017-18,Leicester,Man City,1.4,0.8,10.6,3.4,9.0,3.4,1.0,15.2,7.4,15.0,A
6574,2017-11-18,2017-18,Burnley,Swansea,0.8,0.8,9.6,2.6,10.0,0.8,1.2,9.6,2.4,3.0,H
6575,2017-11-18,2017-18,Bournemouth,Huddersfield,0.6,0.6,10.8,3.0,7.0,0.6,2.0,5.2,1.8,6.0,H
6576,2017-11-18,2017-18,Arsenal,Tottenham,2.2,1.6,17.4,8.0,9.0,2.0,0.4,14.2,5.0,12.0,H
6577,2017-11-18,2017-18,Crystal Palace,Everton,0.8,1.8,12.0,3.6,4.0,1.2,2.2,14.0,4.0,4.0,D
6578,2017-11-19,2017-18,Watford,West Ham,1.6,2.2,13.2,2.6,4.0,1.0,2.0,9.0,3.0,5.0,H
6579,2017-11-20,2017-18,Brighton,Stoke,1.2,0.8,8.0,2.6,8.0,1.6,2.4,9.8,3.6,7.0,D
6580,2017-11-24,2017-18,West Ham,Leicester,0.8,2.4,9.2,3.4,2.0,1.4,1.2,9.4,3.2,8.0,D
6581,2017-11-25,2017-18,Crystal Palace,Stoke,1.2,1.4,14.0,4.8,5.0,1.6,2.6,9.0,3.6,5.0,H
6582,2017-11-25,2017-18,Liverpool,Chelsea,2.2,1.0,16.6,7.0,10.0,2.2,0.8,15.2,6.6,12.0,D
6583,2017-11-25,2017-18,Man United,Brighton,1.2,0.8,10.4,3.2,7.0,1.6,0.8,8.0,3.0,9.0,H
6584,2017-11-25,2017-18,Newcastle,Watford,0.8,1.6,13.2,4.4,4.0,1.6,1.8,13.6,3.4,6.0,A
6585,2017-11-25,2017-18,Swansea,Bournemouth,0.8,1.4,11.0,2.4,3.0,1.4,0.6,9.2,3.2,9.0,D
6586,2017-11-25,2017-18,Tottenham,West Brom,1.2,0.8,14.2,4.4,9.0,0.6,2.0,6.8,2.4,1.0,D
6587,2017-11-26,2017-18,Burnley,Arsenal,1.0,0.8,11.8,3.6,10.0,2.2,1.6,15.2,6.6,9.0,A
6588,2017-11-26,2017-18,Huddersfield,Man City,0.6,2.0,8.0,2.2,6.0,3.6,1.0,14.2,7.0,15.0,A
6589,2017-11-26,2017-18,Southampton,Everton,0.8,1.4,11.2,2.4,5.0,1.6,2.4,11.0,4.2,5.0,H
6590,2017-11-28,2017-18,West Brom,Newcastle,0.6,2.0,6.8,2.6,1.0,0.4,1.8,11.8,3.8,3.0,D
6591,2017-11-28,2017-18,Watford,Man United,1.8,1.6,13.8,3.8,6.0,1.4,0.8,12.2,3.8,9.0,A
6592,2017-11-28,2017-18,Brighton,Crystal Palace,1.4,0.8,7.2,2.8,8.0,1.2,1.4,13.2,4.8,5.0,D
6593,2017-11-28,2017-18,Leicester,Tottenham,1.4,1.2,8.6,3.0,8.0,1.2,1.0,15.4,4.2,7.0,H
6594,2017-11-29,2017-18,Arsenal,Huddersfield,2.2,1.2,16.8,5.8,12.0,0.8,2.0,7.4,1.8,6.0,H
6595,2017-11-29,2017-18,Bournemouth,Burnley,1.4,0.4,10.0,4.0,10.0,0.8,0.8,9.4,3.0,9.0,A
6596,2017-11-29,2017-18,Chelsea,Swansea,2.2,0.6,14.4,6.2,13.0,0.4,1.4,11.6,2.0,1.0,H
6597,2017-11-29,2017-18,Everton,West Ham,1.6,3.0,9.4,3.4,4.0,0.8,2.4,9.2,3.0,2.0,H
6598,2017-11-29,2017-18,Man City,Southampton,2.6,0.8,13.0,5.8,15.0,1.2,1.2,12.2,3.0,7.0,H
6599,2017-11-29,2017-18,Stoke,Liverpool,1.4,1.6,9.8,4.0,5.0,2.4,1.2,16.0,6.8,10.0,A
6600,2017-12-02,2017-18,West Brom,Crystal Palace,1.0,2.2,7.0,3.0,2.0,1.2,1.2,13.2,5.6,6.0,D
6601,2017-12-02,2017-18,Brighton,Liverpool,0.8,0.8,7.8,2.6,6.0,2.8,0.4,16.4,6.8,13.0,A
6602,2017-12-02,2017-18,Chelsea,Newcastle,1.6,0.2,15.8,6.6,13.0,0.6,2.2,13.2,4.0,1.0,H
6603,2017-12-02,2017-18,Everton,Huddersfield,2.0,2.0,9.4,3.8,7.0,0.4,2.8,7.8,1.6,3.0,H
6604,2017-12-02,2017-18,Leicester,Burnley,1.4,1.2,7.8,2.6,8.0,1.2,0.4,10.2,3.8,12.0,H
6605,2017-12-02,2017-18,Stoke,Swansea,1.2,1.8,9.8,3.8,5.0,0.2,1.2,8.2,1.2,1.0,H
6606,2017-12-02,2017-18,Watford,Tottenham,1.8,1.6,13.0,3.4,6.0,0.6,1.2,16.2,4.2,4.0,D
6607,2017-12-02,2017-18,Arsenal,Man United,2.2,0.8,15.0,4.4,12.0,2.0,0.8,13.4,4.6,12.0,A
6608,2017-12-03,2017-18,Man City,West Ham,2.4,1.0,15.2,6.2,15.0,0.8,2.6,7.4,3.2,2.0,H
6609,2017-12-03,2017-18,Bournemouth,Southampton,1.2,0.6,10.6,3.8,7.0,1.2,1.6,9.6,2.2,4.0,D
6610,2017-12-09,2017-18,Burnley,Watford,1.0,0.6,10.6,3.6,9.0,2.0,1.6,11.6,3.8,7.0,H
6611,2017-12-09,2017-18,Crystal Palace,Bournemouth,0.8,0.8,11.4,4.2,6.0,1.4,0.6,12.4,4.6,8.0,D
6612,2017-12-09,2017-18,Huddersfield,Brighton,0.4,2.6,8.6,2.2,3.0,0.8,1.6,7.6,2.6,5.0,H
6613,2017-12-09,2017-18,Newcastle,Leicester,0.8,2.6,12.4,3.4,1.0,1.2,1.2,9.2,2.6,8.0,A
6614,2017-12-09,2017-18,Swansea,West Brom,0.2,1.2,9.4,1.4,1.0,0.6,1.6,9.8,3.4,3.0,H
6615,2017-12-09,2017-18,Tottenham,Stoke,0.8,1.2,15.2,3.8,5.0,1.4,2.0,10.6,4.0,5.0,H
6616,2017-12-09,2017-18,West Ham,Chelsea,0.6,2.6,7.6,3.6,1.0,2.0,0.4,16.8,7.4,13.0,H
6617,2017-12-10,2017-18,Liverpool,Everton,3.2,0.6,15.6,6.4,13.0,2.4,1.6,7.4,4.2,10.0,D
6618,2017-12-10,2017-18,Man United,Man City,2.4,1.0,12.8,4.8,12.0,2.2,0.8,17.0,6.8,15.0,A
6619,2017-12-10,2017-18,Southampton,Arsenal,1.2,1.6,11.4,2.8,4.0,2.0,1.2,18.2,6.4,9.0,D
6620,2017-12-12,2017-18,Burnley,Stoke,1.0,0.6,11.2,4.4,9.0,1.2,2.6,9.2,3.2,4.0,H
6621,2017-12-12,2017-18,Crystal Palace,Watford,1.2,1.0,14.0,5.2,7.0,1.6,1.2,11.6,3.6,7.0,H
6622,2017-12-12,2017-18,Huddersfield,Chelsea,0.6,2.6,11.0,2.8,3.0,1.8,0.6,17.0,6.2,10.0,A
6623,2017-12-13,2017-18,Tottenham,Brighton,1.6,1.4,16.8,5.6,5.0,0.6,2.0,8.0,2.6,2.0,H
6624,2017-12-13,2017-18,Swansea,Man City,0.4,1.0,10.6,1.6,4.0,2.0,0.8,18.0,7.2,15.0,A
6625,2017-12-13,2017-18,Southampton,Leicester,1.4,1.6,10.0,2.8,5.0,1.4,1.2,9.0,2.8,10.0,A
6626,2017-12-13,2017-18,West Ham,Arsenal,0.6,1.8,7.4,3.8,4.0,2.0,0.8,19.2,7.0,10.0,D
6627,2017-12-13,2017-18,Man United,Bournemouth,2.6,1.2,12.4,5.4,12.0,1.6,1.0,11.4,4.4,6.0,H
6628,2017-12-13,2017-18,Liverpool,West Brom,2.6,0.6,17.2,5.6,11.0,0.6,1.6,9.4,3.0,3.0,D
6629,2017-12-13,2017-18,Newcastle,Everton,1.2,3.0,11.2,3.4,1.0,2.0,1.4,6.0,3.6,8.0,A
6630,2017-12-16,2017-18,Stoke,West Ham,0.8,2.4,9.4,3.4,3.0,0.6,1.4,6.6,2.6,5.0,A
6631,2017-12-16,2017-18,Chelsea,Southampton,1.6,0.8,17.2,5.8,10.0,1.6,1.8,11.4,3.6,5.0,H
6632,2017-12-16,2017-18,Watford,Huddersfield,1.4,1.6,9.6,2.6,4.0,0.8,2.4,8.4,2.6,3.0,A
6633,2017-12-16,2017-18,Man City,Tottenham,2.4,0.8,20.2,8.4,15.0,2.0,1.0,19.0,6.4,8.0,H
6634,2017-12-16,2017-18,Arsenal,Newcastle,1.6,0.8,20.8,6.6,8.0,1.0,2.4,12.0,3.2,1.0,H
6635,2017-12-16,2017-18,Brighton,Burnley,0.2,2.0,7.6,2.8,1.0,0.8,0.6,10.0,3.4,9.0,D
6636,2017-12-16,2017-18,Leicester,Crystal Palace,2.2,1.0,11.8,5.0,13.0,1.2,0.8,13.6,4.6,9.0,A
6637,2017-12-17,2017-18,Bournemouth,Liverpool,0.8,1.2,12.0,4.8,3.0,2.0,0.6,15.8,5.0,9.0,A
6638,2017-12-17,2017-18,West Brom,Man United,0.6,0.8,9.2,2.8,4.0,2.0,1.0,11.0,4.4,12.0,A
6639,2017-12-18,2017-18,Everton,Swansea,1.8,1.0,5.8,3.4,10.0,0.4,1.4,9.4,2.0,4.0,H
6640,2017-12-22,2017-18,Arsenal,Liverpool,1.6,0.8,22.0,7.2,8.0,2.6,0.4,16.8,5.6,11.0,D
6641,2017-12-23,2017-18,West Ham,Newcastle,1.0,1.2,7.8,3.2,7.0,1.0,2.0,11.6,3.2,1.0,A
6642,2017-12-23,2017-18,Swansea,Crystal Palace,0.6,2.0,9.0,2.4,3.0,1.4,0.6,14.2,4.8,9.0,D
6643,2017-12-23,2017-18,Stoke,West Brom,0.6,2.6,11.0,2.8,3.0,0.6,1.0,10.6,3.4,3.0,H
6644,2017-12-23,2017-18,Southampton,Huddersfield,0.8,1.8,9.2,3.0,2.0,1.4,2.2,10.6,4.4,6.0,D
6645,2017-12-23,2017-18,Leicester,Man United,2.0,1.4,12.6,5.0,12.0,2.2,1.2,9.6,4.2,12.0,D
6646,2017-12-23,2017-18,Everton,Chelsea,2.2,0.4,7.2,4.4,13.0,1.6,0.6,19.8,6.8,12.0,D
6647,2017-12-23,2017-18,Burnley,Tottenham,0.8,0.4,10.6,4.2,10.0,2.0,1.6,15.6,5.8,7.0,A
6648,2017-12-23,2017-18,Brighton,Watford,0.2,1.8,8.4,2.8,2.0,1.0,2.4,9.8,2.4,1.0,H
6649,2017-12-23,2017-18,Man City,Bournemouth,2.8,0.8,21.4,9.6,15.0,0.8,2.0,11.4,4.2,2.0,H
6650,2017-12-26,2017-18,Tottenham,Southampton,2.4,1.2,15.6,6.2,10.0,0.8,1.6,10.2,3.8,3.0,H
6651,2017-12-26,2017-18,West Brom,Everton,0.4,1.2,12.4,4.0,2.0,1.4,0.4,6.6,3.4,11.0,D
6652,2017-12-26,2017-18,Watford,Leicester,0.6,1.8,10.0,2.0,1.0,2.0,1.6,13.4,4.8,10.0,H
6653,2017-12-26,2017-18,Man United,Burnley,1.8,1.2,10.4,4.0,10.0,0.4,0.8,9.6,3.8,7.0,D
6654,2017-12-26,2017-18,Huddersfield,Stoke,1.6,1.4,11.2,4.6,7.0,1.2,2.2,10.8,3.6,6.0,D
6655,2017-12-26,2017-18,Chelsea,Brighton,1.4,0.6,20.6,6.4,10.0,0.4,1.8,9.2,2.6,4.0,H
6656,2017-12-26,2017-18,Bournemouth,West Ham,0.6,2.4,10.4,4.0,2.0,1.4,1.0,10.2,3.8,7.0,D
6657,2017-12-26,2017-18,Liverpool,Swansea,2.6,1.0,16.8,6.0,9.0,0.8,2.0,10.0,2.8,4.0,H
6658,2017-12-27,2017-18,Newcastle,Man City,1.2,2.0,11.0,3.2,3.0,3.2,0.6,19.0,8.2,15.0,A
6659,2017-12-28,2017-18,Crystal Palace,Arsenal,1.6,0.8,14.8,5.0,9.0,1.2,1.4,20.0,6.6,6.0,A
6660,2017-12-30,2017-18,Bournemouth,Everton,1.0,2.8,12.4,5.0,2.0,1.0,0.4,6.8,3.2,9.0,H
6661,2017-12-30,2017-18,Chelsea,Stoke,1.2,0.4,21.0,6.2,10.0,1.0,2.2,11.8,4.4,4.0,H
6662,2017-12-30,2017-18,Huddersfield,Burnley,1.8,1.2,13.8,5.6,8.0,0.8,1.0,7.4,3.4,8.0,D
6663,2017-12-30,2017-18,Liverpool,Leicester,2.6,0.8,18.8,6.6,9.0,2.0,2.0,12.4,5.2,7.0,H
6664,2017-12-30,2017-18,Man United,Southampton,1.6,1.4,13.4,4.4,8.0,1.0,2.4,10.4,4.2,2.0,D
6665,2017-12-30,2017-18,Newcastle,Brighton,1.0,1.6,10.6,3.2,3.0,0.2,1.2,9.6,2.4,4.0,D
6666,2017-12-30,2017-18,Watford,Swansea,0.8,1.8,11.0,1.8,3.0,0.6,2.6,9.4,3.0,4.0,A
6667,2017-12-31,2017-18,Crystal Palace,Man City,2.0,1.4,16.0,5.0,8.0,3.0,0.4,18.6,7.8,15.0,D
6668,2017-12-31,2017-18,West Brom,Arsenal,0.4,1.2,11.8,3.4,2.0,1.6,1.2,16.6,5.4,9.0,D
6669,2018-01-01,2017-18,Stoke,Newcastle,0.8,2.2,11.2,4.0,4.0,0.6,1.0,10.8,2.8,4.0,A
6670,2018-01-01,2017-18,Leicester,Huddersfield,1.6,2.0,11.2,4.4,4.0,1.4,1.2,10.6,4.6,6.0,H
6671,2018-01-01,2017-18,Burnley,Liverpool,0.6,1.0,8.0,3.2,6.0,2.8,0.8,17.6,7.2,11.0,A
6672,2018-01-01,2017-18,Brighton,Bournemouth,0.2,0.8,10.2,2.6,5.0,1.0,2.6,14.0,5.4,4.0,D
6673,2018-01-01,2017-18,Everton,Man United,1.0,0.6,7.4,3.0,8.0,1.4,1.0,14.8,4.0,9.0,A
6674,2018-01-02,2017-18,Man City,Watford,2.6,0.2,18.8,7.2,13.0,1.0,2.0,10.6,2.2,3.0,H
6675,2018-01-02,2017-18,Southampton,Crystal Palace,0.8,2.2,10.8,4.2,2.0,1.6,1.0,13.2,3.6,8.0,A
6676,2018-01-02,2017-18,Swansea,Tottenham,0.8,2.8,7.6,3.2,4.0,3.2,1.4,17.2,7.2,12.0,A
6677,2018-01-02,2017-18,West Ham,West Brom,1.8,1.2,10.8,4.0,8.0,0.6,1.2,13.2,3.8,3.0,H
6678,2018-01-03,2017-18,Arsenal,Chelsea,1.6,1.2,17.2,5.0,9.0,2.2,0.2,21.4,8.2,13.0,D
6679,2018-01-04,2017-18,Tottenham,West Ham,2.6,1.2,15.6,6.0,12.0,2.0,1.4,12.4,4.6,8.0,D
6680,2018-01-13,2017-18,Chelsea,Leicester,2.0,0.4,22.8,8.4,11.0,1.4,1.8,10.2,3.2,4.0,D
6681,2018-01-13,2017-18,Crystal Palace,Burnley,1.6,1.0,12.6,3.6,8.0,0.6,1.4,8.6,3.6,3.0,H
6682,2018-01-13,2017-18,Huddersfield,West Ham,1.2,1.2,10.4,4.4,6.0,2.2,1.6,11.8,4.8,8.0,A
6683,2018-01-13,2017-18,Newcastle,Swansea,0.8,0.8,10.4,3.2,7.0,0.8,2.4,7.8,2.8,4.0,D
6684,2018-01-13,2017-18,Tottenham,Everton,2.4,1.4,16.8,6.0,10.0,0.8,1.0,8.4,2.2,5.0,H
6685,2018-01-13,2017-18,Watford,Southampton,1.0,2.2,10.6,2.6,3.0,0.8,1.8,10.4,4.0,2.0,D
6686,2018-01-13,2017-18,West Brom,Brighton,0.8,1.6,14.0,4.2,2.0,0.6,0.8,11.8,3.0,6.0,H
6687,2018-01-14,2017-18,Liverpool,Man City,3.2,1.0,18.6,7.2,13.0,2.4,0.4,17.6,6.6,13.0,H
6688,2018-01-14,2017-18,Bournemouth,Arsenal,1.4,2.8,16.4,5.6,5.0,2.0,1.6,15.6,5.6,9.0,H
6689,2018-01-15,2017-18,Man United,Stoke,1.6,1.0,17.2,4.8,9.0,0.8,2.2,10.6,3.4,4.0,H
6690,2018-01-20,2017-18,Arsenal,Crystal Palace,2.0,2.0,13.4,5.2,6.0,1.2,1.0,13.4,2.8,8.0,H
6691,2018-01-20,2017-18,Brighton,Chelsea,0.6,1.2,12.0,2.8,5.0,1.8,0.4,21.4,8.2,9.0,A
6692,2018-01-20,2017-18,Burnley,Man United,0.6,1.6,8.0,2.8,2.0,1.8,0.8,19.6,6.0,9.0,A
6693,2018-01-20,2017-18,Everton,West Brom,0.2,1.6,7.4,0.8,2.0,1.0,1.2,14.6,4.0,5.0,D
6694,2018-01-20,2017-18,Leicester,Watford,1.4,1.2,10.8,3.0,5.0,1.2,1.8,11.2,2.8,4.0,H
6695,2018-01-20,2017-18,Man City,Newcastle,2.2,1.0,15.8,5.2,10.0,1.0,0.8,10.8,3.6,8.0,H
6696,2018-01-20,2017-18,Stoke,Huddersfield,0.8,2.2,9.4,4.4,4.0,0.6,1.8,9.0,3.0,3.0,H
6697,2018-01-20,2017-18,West Ham,Bournemouth,2.4,1.8,10.6,4.6,8.0,1.8,2.2,17.8,6.2,8.0,D
6698,2018-01-21,2017-18,Southampton,Tottenham,1.2,2.0,11.2,4.4,3.0,3.0,0.6,19.4,7.6,13.0,D
6699,2018-01-22,2017-18,Swansea,Liverpool,0.8,2.0,7.8,3.2,5.0,3.2,1.6,17.6,7.2,13.0,H
6700,2018-01-30,2017-18,Huddersfield,Liverpool,0.4,2.0,8.2,3.0,2.0,2.6,1.2,19.0,6.2,12.0,A
6701,2018-01-30,2017-18,Swansea,Arsenal,0.8,1.8,7.0,3.2,7.0,2.2,1.6,14.4,6.4,8.0,H
6702,2018-01-30,2017-18,West Ham,Crystal Palace,2.2,1.4,9.2,4.2,9.0,1.2,1.6,12.6,2.8,7.0,D
6703,2018-01-31,2017-18,Southampton,Brighton,1.2,2.0,10.8,4.0,3.0,0.4,2.0,11.2,2.8,2.0,D
6704,2018-01-31,2017-18,Stoke,Watford,0.6,2.0,9.8,4.6,4.0,1.2,2.0,10.8,3.2,4.0,D
6705,2018-01-31,2017-18,Newcastle,Burnley,0.6,1.0,9.8,3.6,5.0,0.6,1.2,9.6,2.8,2.0,D
6706,2018-01-31,2017-18,Tottenham,Man United,2.6,0.8,19.2,6.4,11.0,1.6,0.4,18.2,5.2,11.0,H
6707,2018-01-31,2017-18,Everton,Leicester,0.4,1.8,8.2,1.6,2.0,1.4,0.8,10.4,3.4,7.0,H
6708,2018-01-31,2017-18,Chelsea,Bournemouth,2.6,0.4,19.2,8.6,11.0,2.0,1.6,18.4,6.6,9.0,A
6709,2018-01-31,2017-18,Man City,West Brom,2.0,1.2,17.2,6.0,10.0,1.0,0.8,14.2,3.6,6.0,H
6710,2018-02-03,2017-18,Arsenal,Everton,1.8,1.8,13.0,5.4,5.0,0.8,2.0,8.6,1.8,4.0,H
6711,2018-02-03,2017-18,Bournemouth,Stoke,2.0,1.0,15.4,5.6,11.0,0.4,1.8,9.0,4.0,4.0,H
6712,2018-02-03,2017-18,Brighton,West Ham,0.6,1.8,11.4,3.0,3.0,1.8,1.0,8.8,3.8,9.0,H
6713,2018-02-03,2017-18,Burnley,Man City,0.4,1.0,11.2,2.8,2.0,2.4,1.2,16.6,6.8,10.0,D
6714,2018-02-03,2017-18,Leicester,Swansea,1.4,0.8,9.8,2.6,7.0,1.4,1.0,8.0,3.2,10.0,D
6715,2018-02-03,2017-18,Man United,Huddersfield,1.2,0.4,14.8,4.6,10.0,0.2,2.4,5.6,1.6,1.0,H
6716,2018-02-03,2017-18,West Brom,Southampton,1.0,1.4,11.4,3.2,5.0,1.0,1.2,11.2,3.4,4.0,A
6717,2018-02-04,2017-18,Crystal Palace,Newcastle,1.0,1.2,11.2,3.0,8.0,0.8,1.0,11.4,4.0,6.0,D
6718,2018-02-04,2017-18,Liverpool,Tottenham,2.2,1.2,17.4,5.8,12.0,2.0,0.4,20.4,6.2,11.0,D
6719,2018-02-05,2017-18,Watford,Chelsea,0.8,1.8,11.0,3.4,2.0,2.2,1.0,18.4,8.0,8.0,H
6720,2018-02-10,2017-18,West Ham,Watford,1.6,1.4,7.0,3.0,6.0,1.4,1.6,13.4,4.2,5.0,H
6721,2018-02-10,2017-18,Swansea,Burnley,1.2,1.0,6.8,2.6,8.0,0.6,1.2,10.6,2.6,2.0,H
6722,2018-02-10,2017-18,Tottenham,Arsenal,2.0,0.8,20.6,6.4,9.0,2.6,1.8,13.2,6.0,7.0,H
6723,2018-02-10,2017-18,Man City,Leicester,2.6,1.4,17.6,7.4,10.0,1.4,0.6,11.0,3.4,8.0,H
6724,2018-02-10,2017-18,Everton,Crystal Palace,0.8,2.6,9.6,2.0,4.0,1.2,1.4,13.4,4.0,8.0,H
6725,2018-02-10,2017-18,Stoke,Brighton,0.6,1.2,11.4,4.6,4.0,1.2,2.0,13.6,3.4,5.0,D
6726,2018-02-11,2017-18,Huddersfield,Bournemouth,0.2,2.8,5.8,1.4,0.0,2.0,1.0,14.6,5.8,11.0,H
6727,2018-02-11,2017-18,Newcastle,Man United,1.0,1.2,11.4,5.2,6.0,1.6,0.4,15.0,5.4,12.0,H
6728,2018-02-11,2017-18,Southampton,Liverpool,1.6,1.6,12.2,3.8,6.0,2.2,1.4,15.8,5.2,10.0,A
6729,2018-02-12,2017-18,Chelsea,West Brom,1.4,1.8,15.6,6.2,5.0,1.2,1.8,10.4,3.2,4.0,H
6730,2018-02-24,2017-18,West Brom,Huddersfield,1.0,2.0,10.0,2.8,4.0,1.0,2.4,7.6,2.0,3.0,A
6731,2018-02-24,2017-18,Watford,Everton,1.2,1.4,14.2,4.2,5.0,1.4,2.4,9.4,3.0,7.0,H
6732,2018-02-24,2017-18,Liverpool,West Ham,2.2,1.2,15.2,5.0,10.0,1.8,1.2,8.0,3.6,8.0,H
6733,2018-02-24,2017-18,Burnley,Southampton,0.4,1.0,10.6,2.0,2.0,1.4,1.6,11.4,4.0,6.0,D
6734,2018-02-24,2017-18,Brighton,Swansea,1.0,1.8,13.4,3.4,5.0,1.4,0.6,7.6,3.2,11.0,H
6735,2018-02-24,2017-18,Bournemouth,Newcastle,1.8,1.4,10.8,4.6,10.0,1.0,1.2,10.6,4.6,6.0,D
6736,2018-02-24,2017-18,Leicester,Stoke,1.0,1.6,9.2,2.8,5.0,0.8,1.2,12.2,4.4,5.0,D
6737,2018-02-25,2017-18,Crystal Palace,Tottenham,1.0,1.8,14.4,4.0,5.0,2.0,0.6,18.0,6.0,11.0,A
6738,2018-02-25,2017-18,Man United,Chelsea,1.2,0.6,13.4,5.4,9.0,1.6,1.4,15.8,6.6,7.0,H
6739,2018-03-01,2017-18,Arsenal,Man City,2.2,1.6,11.6,5.0,6.0,3.0,1.4,18.0,8.2,10.0,A
6740,2018-03-03,2017-18,Swansea,West Ham,1.4,1.2,8.2,2.4,10.0,1.2,1.8,7.8,3.2,5.0,H
6741,2018-03-03,2017-18,Watford,West Brom,1.0,1.0,13.6,4.4,7.0,0.8,2.4,9.0,2.6,1.0,H
6742,2018-03-03,2017-18,Southampton,Stoke,1.2,1.4,12.0,4.4,6.0,1.0,0.8,11.2,3.8,6.0,D
6743,2018-03-03,2017-18,Tottenham,Huddersfield,1.4,0.6,16.8,4.8,11.0,1.2,1.8,9.2,3.0,6.0,H
6744,2018-03-03,2017-18,Leicester,Bournemouth,1.2,1.8,10.2,4.4,5.0,1.8,1.6,11.8,4.6,8.0,D
6745,2018-03-03,2017-18,Burnley,Everton,0.6,1.0,10.8,2.2,3.0,1.4,1.8,9.4,3.4,7.0,H
6746,2018-03-03,2017-18,Liverpool,Newcastle,2.2,0.8,16.2,6.0,10.0,1.2,1.4,11.2,4.6,6.0,H
6747,2018-03-04,2017-18,Brighton,Arsenal,1.8,1.6,14.0,4.2,8.0,2.0,1.8,11.2,5.4,6.0,H
6748,2018-03-04,2017-18,Man City,Chelsea,3.0,0.6,17.6,8.4,13.0,1.8,1.8,15.2,6.6,6.0,H
6749,2018-03-05,2017-18,Crystal Palace,Man United,0.8,2.0,12.0,4.2,2.0,1.0,0.8,11.4,4.6,9.0,A
6750,2018-03-10,2017-18,West Ham,Burnley,1.2,2.4,6.8,2.8,4.0,1.0,1.0,12.4,3.4,6.0,A
6751,2018-03-10,2017-18,West Brom,Leicester,0.6,2.4,7.8,2.0,0.0,1.0,2.0,13.0,4.2,3.0,A
6752,2018-03-10,2017-18,Newcastle,Southampton,1.0,1.2,11.4,4.2,6.0,1.0,1.2,13.6,4.8,6.0,H
6753,2018-03-10,2017-18,Huddersfield,Swansea,1.2,1.8,8.6,3.0,6.0,2.0,1.4,9.4,3.6,10.0,D
6754,2018-03-10,2017-18,Everton,Brighton,1.4,2.0,9.6,3.4,6.0,2.2,1.0,14.6,4.8,11.0,H
6755,2018-03-10,2017-18,Chelsea,Crystal Palace,1.0,2.0,13.0,4.6,3.0,1.0,1.8,12.2,4.0,2.0,H
6756,2018-03-10,2017-18,Man United,Liverpool,1.4,1.2,12.4,5.8,9.0,2.6,0.6,14.8,5.8,13.0,H
6757,2018-03-11,2017-18,Arsenal,Watford,1.4,2.0,11.0,4.8,3.0,1.2,0.6,14.4,4.6,10.0,H
6758,2018-03-11,2017-18,Bournemouth,Tottenham,1.8,1.6,11.8,4.6,8.0,1.6,0.4,16.4,5.8,13.0,A
6759,2018-03-12,2017-18,Stoke,Man City,0.6,0.8,11.4,3.2,4.0,2.6,0.4,16.0,7.2,13.0,A
6760,2018-03-17,2017-18,Liverpool,Watford,2.2,1.0,14.8,4.8,10.0,1.2,1.2,14.2,5.0,9.0,H
6761,2018-03-17,2017-18,Stoke,Everton,0.6,1.2,9.8,2.4,3.0,1.4,1.8,10.4,3.2,6.0,A
6762,2018-03-17,2017-18,Bournemouth,West Brom,1.4,2.4,12.4,4.2,5.0,0.8,2.6,8.4,2.2,0.0,H
6763,2018-03-17,2017-18,Huddersfield,Crystal Palace,1.2,1.2,13.6,3.6,7.0,1.0,2.0,12.2,3.8,1.0,A
6764,2018-03-31,2017-18,Brighton,Leicester,2.0,1.2,14.8,5.2,10.0,1.6,1.8,14.2,5.2,6.0,A
6765,2018-03-31,2017-18,Crystal Palace,Liverpool,1.2,1.8,11.4,3.8,3.0,2.8,0.6,15.6,6.2,12.0,A
6766,2018-03-31,2017-18,Everton,Man City,1.6,1.0,11.6,4.6,9.0,2.4,0.4,15.6,6.4,13.0,A
6767,2018-03-31,2017-18,Man United,Swansea,1.8,1.0,12.2,5.6,12.0,1.4,1.2,7.0,2.8,8.0,H
6768,2018-03-31,2017-18,Newcastle,Huddersfield,1.4,1.0,10.0,4.4,8.0,1.2,1.2,14.0,4.0,7.0,H
6769,2018-03-31,2017-18,Watford,Bournemouth,0.4,2.0,10.8,3.6,6.0,1.4,2.4,12.8,3.6,5.0,D
6770,2018-03-31,2017-18,West Brom,Burnley,0.6,2.4,8.8,2.8,0.0,1.4,0.8,11.6,3.8,8.0,A
6771,2018-03-31,2017-18,West Ham,Southampton,1.0,2.8,7.8,3.0,3.0,0.8,1.6,11.2,4.6,5.0,H
6772,2018-04-01,2017-18,Chelsea,Tottenham,1.4,1.6,14.2,5.8,6.0,2.0,0.6,14.4,6.2,13.0,A
6773,2018-04-01,2017-18,Arsenal,Stoke,1.8,1.4,11.4,5.4,6.0,0.6,1.2,9.0,2.4,3.0,H
6774,2018-04-07,2017-18,Bournemouth,Crystal Palace,1.6,2.0,14.0,4.4,6.0,1.2,1.6,9.4,3.6,3.0,D
6775,2018-04-07,2017-18,Brighton,Huddersfield,1.4,1.4,13.6,4.8,7.0,0.4,1.2,11.8,3.2,4.0,D
6776,2018-04-07,2017-18,Everton,Liverpool,1.2,1.4,10.6,4.0,6.0,2.8,0.8,15.6,6.6,12.0,D
6777,2018-04-07,2017-18,Leicester,Newcastle,1.8,1.6,12.8,5.0,8.0,1.4,0.8,11.4,3.4,10.0,A
6778,2018-04-07,2017-18,Man City,Man United,2.8,0.4,15.2,5.8,15.0,1.8,1.0,11.2,5.2,12.0,A
6779,2018-04-07,2017-18,Stoke,Tottenham,0.4,1.6,7.6,2.2,2.0,2.2,0.4,14.2,6.4,15.0,A
6780,2018-04-07,2017-18,Watford,Burnley,0.8,2.0,11.8,3.8,7.0,1.6,0.8,12.2,4.0,10.0,A
6781,2018-04-07,2017-18,West Brom,Swansea,0.8,2.2,8.8,3.2,0.0,1.2,1.4,7.0,3.0,7.0,D
6782,2018-04-08,2017-18,Arsenal,Southampton,1.4,1.2,13.2,6.2,6.0,0.2,1.8,10.4,3.6,2.0,H
6783,2018-04-08,2017-18,Chelsea,West Ham,1.4,1.4,15.6,6.0,6.0,1.4,2.2,9.6,3.8,6.0,D
6784,2018-04-14,2017-18,Swansea,Everton,1.2,1.6,6.0,2.4,5.0,1.2,1.2,10.4,3.8,7.0,D
6785,2018-04-14,2017-18,Tottenham,Man City,2.4,0.6,13.6,6.0,15.0,2.2,0.8,15.4,4.8,12.0,A
6786,2018-04-14,2017-18,Southampton,Chelsea,0.6,2.0,12.2,4.4,2.0,1.0,1.6,16.2,5.6,4.0,A
6787,2018-04-14,2017-18,Huddersfield,Watford,0.2,1.2,11.4,2.8,2.0,0.8,2.4,12.0,3.8,4.0,H
6788,2018-04-14,2017-18,Liverpool,Bournemouth,2.0,0.6,13.4,4.8,10.0,1.6,2.0,14.4,4.4,6.0,H
6789,2018-04-14,2017-18,Crystal Palace,Brighton,1.6,1.8,11.0,4.2,4.0,1.4,1.4,13.4,4.4,7.0,H
6790,2018-04-14,2017-18,Burnley,Leicester,2.0,0.8,11.0,4.6,13.0,1.8,1.0,14.0,4.8,8.0,H
6791,2018-04-15,2017-18,Man United,West Brom,2.4,1.2,9.6,4.8,15.0,0.8,2.0,9.8,3.2,1.0,A
6792,2018-04-15,2017-18,Newcastle,Arsenal,1.6,1.0,11.0,3.6,10.0,2.0,1.4,14.6,7.4,9.0,H
6793,2018-04-16,2017-18,West Ham,Stoke,1.2,2.4,9.0,3.4,4.0,0.4,1.8,8.4,2.6,1.0,D
6794,2018-04-17,2017-18,Brighton,Tottenham,1.0,1.8,12.6,4.0,4.0,2.4,1.2,12.4,5.8,12.0,D
6795,2018-04-18,2017-18,Bournemouth,Man United,1.4,2.4,14.0,4.0,5.0,2.0,1.2,10.4,4.6,12.0,A
6796,2018-04-19,2017-18,Leicester,Southampton,1.8,1.2,13.2,4.2,7.0,0.8,2.4,11.6,4.6,1.0,D
6797,2018-04-19,2017-18,Burnley,Chelsea,2.2,0.8,10.8,4.6,15.0,1.4,1.6,16.8,5.2,7.0,A
6798,2018-04-21,2017-18,Watford,Crystal Palace,0.6,2.6,9.8,3.4,1.0,1.8,1.6,12.0,5.0,7.0,D
6799,2018-04-21,2017-18,West Brom,Liverpool,1.0,1.8,10.0,3.6,4.0,2.2,0.6,14.6,5.6,10.0,D
6800,2018-04-22,2017-18,Arsenal,West Ham,2.2,1.2,15.6,7.0,9.0,1.2,1.8,11.2,3.8,5.0,H
6801,2018-04-22,2017-18,Man City,Swansea,2.2,1.0,17.0,5.0,12.0,1.2,1.0,7.2,3.6,6.0,H
6802,2018-04-22,2017-18,Stoke,Burnley,0.6,2.0,8.2,3.4,1.0,2.0,1.0,7.6,3.4,12.0,D
6803,2018-04-23,2017-18,Everton,Newcastle,1.2,1.0,10.8,3.6,8.0,1.6,0.8,9.6,3.6,12.0,H
6804,2018-04-28,2017-18,Southampton,Bournemouth,0.8,2.4,9.2,3.8,1.0,1.2,2.0,13.8,3.8,5.0,H
6805,2018-04-28,2017-18,Swansea,Chelsea,0.4,1.8,6.2,2.2,3.0,1.8,1.6,19.4,6.2,10.0,A
6806,2018-04-28,2017-18,Newcastle,West Brom,1.6,0.6,10.0,3.6,12.0,1.2,1.4,11.4,4.4,5.0,A
6807,2018-04-28,2017-18,Crystal Palace,Leicester,1.6,1.2,11.4,4.8,8.0,1.6,1.0,10.8,4.0,7.0,H
6808,2018-04-28,2017-18,Huddersfield,Everton,0.4,0.8,12.6,2.4,5.0,1.0,1.0,10.0,3.2,8.0,A
6809,2018-04-28,2017-18,Burnley,Brighton,1.6,1.2,9.4,4.0,10.0,0.8,1.8,11.6,3.8,2.0,D
6810,2018-04-28,2017-18,Liverpool,Stoke,2.4,0.6,13.6,5.8,11.0,0.8,1.8,9.2,4.0,2.0,D
6811,2018-04-29,2017-18,Man United,Arsenal,1.8,0.8,9.6,3.8,12.0,2.8,1.0,16.6,7.2,12.0,H
6812,2018-04-29,2017-18,West Ham,Man City,1.2,1.8,12.0,4.2,5.0,3.0,1.0,18.2,6.8,12.0,A
6813,2018-04-30,2017-18,Tottenham,Watford,2.2,1.4,12.6,5.6,10.0,0.6,2.0,10.4,3.4,2.0,H
6814,2018-05-04,2017-18,Brighton,Man United,0.8,1.4,11.4,3.2,3.0,1.8,0.8,12.0,4.0,12.0,H
6815,2018-05-05,2017-18,Bournemouth,Swansea,1.0,2.2,13.2,4.2,2.0,0.4,2.0,8.2,2.8,2.0,H
6816,2018-05-05,2017-18,Everton,Southampton,1.0,0.8,8.0,2.4,8.0,1.2,2.0,10.8,4.6,4.0,D
6817,2018-05-05,2017-18,Leicester,West Ham,0.8,1.8,9.2,3.0,4.0,1.4,2.0,10.2,3.6,5.0,A
6818,2018-05-05,2017-18,Stoke,Crystal Palace,0.6,1.4,8.4,3.4,3.0,2.2,1.2,11.0,5.4,8.0,A
6819,2018-05-05,2017-18,Watford,Newcastle,0.6,1.4,12.2,4.2,2.0,1.0,0.8,12.0,3.0,9.0,H
6820,2018-05-05,2017-18,West Brom,Tottenham,1.2,1.0,11.0,3.6,8.0,1.8,1.2,12.8,4.6,10.0,H
6821,2018-05-06,2017-18,Chelsea,Liverpool,1.6,1.4,16.2,4.6,10.0,1.4,0.6,15.0,4.2,9.0,H
6822,2018-05-06,2017-18,Arsenal,Burnley,2.4,1.4,16.0,6.4,9.0,1.2,1.0,9.2,4.0,8.0,H
6823,2018-05-06,2017-18,Man City,Huddersfield,3.4,1.2,18.6,7.0,12.0,0.4,1.2,8.4,2.0,4.0,D
6824,2018-05-08,2017-18,Swansea,Southampton,0.4,1.8,10.0,3.0,2.0,1.4,1.6,11.2,5.6,5.0,A
6825,2018-05-09,2017-18,Chelsea,Huddersfield,1.6,0.8,15.8,4.6,13.0,0.4,0.8,8.2,2.2,5.0,D
6826,2018-05-09,2017-18,Leicester,Arsenal,0.4,2.2,10.6,2.6,1.0,2.8,1.4,14.4,5.8,9.0,H
6827,2018-05-09,2017-18,Man City,Brighton,2.8,1.0,18.0,6.6,10.0,1.0,1.0,10.6,3.4,6.0,H
6828,2018-05-09,2017-18,Tottenham,Newcastle,1.2,1.2,14.0,4.2,7.0,1.0,1.2,10.2,2.6,6.0,H
6829,2018-05-10,2017-18,West Ham,Man United,1.2,2.0,10.2,3.2,5.0,1.4,1.0,13.0,3.6,9.0,D
6830,2018-05-13,2017-18,West Ham,Everton,1.0,1.8,11.0,3.2,5.0,1.0,0.4,8.6,2.6,9.0,H
6831,2018-05-13,2017-18,Tottenham,Leicester,1.0,1.0,13.2,4.8,7.0,0.8,2.0,12.8,4.4,4.0,H
6832,2018-05-13,2017-18,Swansea,Stoke,0.2,1.8,10.8,3.4,1.0,0.8,1.2,8.2,3.4,3.0,A
6833,2018-05-13,2017-18,Southampton,Man City,1.2,1.0,10.8,5.6,8.0,3.0,0.6,17.8,6.8,13.0,A
6834,2018-05-13,2017-18,Newcastle,Chelsea,0.6,1.2,11.4,2.4,3.0,1.6,0.8,15.6,4.4,13.0,H
6835,2018-05-13,2017-18,Man United,Watford,0.8,0.6,15.2,4.0,7.0,0.6,1.2,11.2,4.8,4.0,H
6836,2018-05-13,2017-18,Liverpool,Brighton,1.0,0.6,13.8,4.0,6.0,1.0,1.4,9.2,3.2,5.0,H
6837,2018-05-13,2017-18,Huddersfield,Arsenal,0.6,0.8,8.0,2.6,6.0,2.4,1.6,14.6,5.8,6.0,A
6838,2018-05-13,2017-18,Crystal Palace,West Brom,2.4,1.0,12.4,5.2,11.0,1.2,0.6,11.2,3.2,11.0,H
6839,2018-05-13,2017-18,Burnley,Bournemouth,0.8,1.8,9.0,3.6,5.0,0.8,1.8,13.2,4.0,4.0,A
6840,2018-08-10,2018-19,Man United,Leicester,1.0,0.4,13.8,3.4,10.0,1.4,2.6,13.0,5.0,4.0,H
6841,2018-08-11,2018-19,Wolves,Everton,1.2,1.8,10.2,5.8,3.0,1.2,1.0,10.2,3.8,8.0,D
6842,2018-08-11,2018-19,Watford,Brighton,0.4,1.0,9.8,4.4,4.0,0.6,1.6,7.2,2.8,5.0,H
6843,2018-08-11,2018-19,Newcastle,Tottenham,0.8,1.0,13.0,2.8,3.0,1.8,1.2,14.4,5.4,10.0,A
6844,2018-08-11,2018-19,Huddersfield,Chelsea,0.4,0.8,8.8,2.2,5.0,1.0,1.0,13.4,3.8,10.0,A
6845,2018-08-11,2018-19,Fulham,Crystal Palace,1.4,2.2,12.0,3.4,5.0,2.4,0.6,12.0,5.0,13.0,A
6846,2018-08-11,2018-19,Bournemouth,Cardiff,0.8,1.6,12.4,4.0,6.0,0.6,2.0,10.2,3.2,4.0,H
6847,2018-08-12,2018-19,Arsenal,Man City,2.4,1.2,13.4,6.0,9.0,2.6,0.4,17.0,6.0,13.0,A
6848,2018-08-12,2018-19,Liverpool,West Ham,1.8,0.6,16.2,5.6,8.0,1.4,1.8,10.4,2.8,7.0,H
6849,2018-08-12,2018-19,Southampton,Burnley,0.8,0.6,10.4,4.8,8.0,0.6,2.0,9.8,3.8,2.0,D
6850,2018-08-18,2018-19,West Ham,Bournemouth,1.2,1.8,9.2,2.4,7.0,1.2,1.0,13.6,4.6,9.0,A
6851,2018-08-18,2018-19,Tottenham,Fulham,2.0,1.2,14.2,5.2,12.0,1.2,2.6,12.2,4.0,2.0,H
6852,2018-08-18,2018-19,Leicester,Wolves,1.6,3.0,13.4,5.2,3.0,1.6,2.2,10.0,5.0,3.0,H
6853,2018-08-18,2018-19,Chelsea,Arsenal,1.2,0.8,12.8,3.6,10.0,1.6,1.4,11.2,5.0,6.0,H
6854,2018-08-18,2018-19,Cardiff,Newcastle,0.4,2.4,11.0,2.6,1.0,1.0,1.2,14.2,2.8,3.0,D
6855,2018-08-18,2018-19,Everton,Southampton,1.4,1.2,9.0,4.2,8.0,0.8,0.6,12.8,5.0,8.0,H
6856,2018-08-19,2018-19,Brighton,Man United,0.4,1.8,6.8,1.8,4.0,1.0,0.6,12.8,3.8,10.0,H
6857,2018-08-19,2018-19,Burnley,Watford,0.4,1.6,12.0,4.6,3.0,0.8,0.8,12.8,5.0,7.0,A
6858,2018-08-19,2018-19,Man City,Huddersfield,2.0,0.4,16.6,5.2,13.0,0.2,1.4,8.2,2.2,2.0,H
6859,2018-08-20,2018-19,Crystal Palace,Liverpool,2.2,0.2,11.0,5.2,13.0,2.0,0.6,15.8,5.8,8.0,A
6860,2018-08-25,2018-19,Southampton,Leicester,0.6,0.8,13.0,4.6,5.0,2.0,2.0,13.4,5.4,6.0,A
6861,2018-08-25,2018-19,Liverpool,Brighton,2.0,0.2,17.2,6.4,10.0,1.0,2.2,6.2,2.2,6.0,H
6862,2018-08-25,2018-19,Wolves,Man City,1.6,2.2,10.8,4.8,3.0,2.4,0.4,19.2,6.6,13.0,D
6863,2018-08-25,2018-19,Bournemouth,Everton,1.6,0.8,13.4,5.2,12.0,1.6,1.4,9.8,5.4,8.0,D
6864,2018-08-25,2018-19,Huddersfield,Cardiff,0.4,2.2,7.4,2.0,2.0,0.2,2.2,10.8,2.0,1.0,D
6865,2018-08-25,2018-19,Arsenal,West Ham,1.8,1.6,12.6,5.6,6.0,1.2,1.4,10.6,3.2,7.0,H
6866,2018-08-26,2018-19,Fulham,Burnley,1.2,2.6,12.0,3.8,2.0,0.4,2.0,10.4,3.8,2.0,H
6867,2018-08-26,2018-19,Newcastle,Chelsea,1.0,1.0,13.2,3.6,4.0,1.6,1.2,15.4,5.2,10.0,A
6868,2018-08-26,2018-19,Watford,Crystal Palace,1.4,1.0,11.8,5.4,9.0,2.2,0.6,11.4,5.4,12.0,H
6869,2018-08-27,2018-19,Man United,Tottenham,1.0,1.0,11.2,3.8,7.0,2.2,1.4,16.6,6.8,12.0,A
6870,2018-09-01,2018-19,Everton,Huddersfield,1.6,1.8,10.6,5.0,6.0,0.4,2.2,7.4,1.6,2.0,D
6871,2018-09-01,2018-19,West Ham,Wolves,1.0,2.0,10.6,3.6,4.0,1.0,1.6,10.0,3.4,3.0,A
6872,2018-09-01,2018-19,Man City,Newcastle,2.6,0.6,19.8,7.4,13.0,1.0,1.0,12.6,3.8,4.0,H
6873,2018-09-01,2018-19,Leicester,Liverpool,2.4,1.8,12.4,6.0,9.0,2.2,0.2,17.6,7.6,12.0,A
6874,2018-09-01,2018-19,Crystal Palace,Southampton,1.4,1.0,10.2,4.2,9.0,0.6,1.0,13.0,4.6,4.0,A
6875,2018-09-01,2018-19,Chelsea,Bournemouth,1.8,1.4,16.0,5.0,10.0,1.8,0.8,14.0,4.8,13.0,H
6876,2018-09-01,2018-19,Brighton,Fulham,0.8,2.4,5.2,1.8,3.0,1.6,2.6,15.0,5.6,4.0,D
6877,2018-09-02,2018-19,Burnley,Man United,0.8,2.8,10.8,3.4,1.0,1.0,1.4,12.6,4.2,7.0,A
6878,2018-09-02,2018-19,Cardiff,Arsenal,0.2,1.4,12.4,2.6,2.0,1.4,1.8,12.8,6.0,6.0,A
6879,2018-09-02,2018-19,Watford,Tottenham,1.8,0.8,11.8,5.4,12.0,2.8,1.2,14.8,6.8,15.0,H
6880,2018-09-15,2018-19,Tottenham,Liverpool,2.8,1.6,14.8,5.8,12.0,2.6,0.2,17.6,7.4,15.0,A
6881,2018-09-15,2018-19,Newcastle,Arsenal,1.2,1.2,10.4,3.6,4.0,1.8,1.6,13.4,6.8,9.0,A
6882,2018-09-15,2018-19,Watford,Man United,1.8,0.8,11.0,4.4,12.0,1.4,1.4,13.6,4.8,9.0,A
6883,2018-09-15,2018-19,Man City,Fulham,2.4,0.6,20.8,7.6,13.0,1.8,2.2,15.0,6.2,5.0,H
6884,2018-09-15,2018-19,Chelsea,Cardiff,2.0,1.2,16.4,5.2,12.0,0.6,1.4,12.0,2.6,2.0,H
6885,2018-09-15,2018-19,Bournemouth,Leicester,1.6,1.2,13.0,4.0,10.0,2.0,2.0,11.0,5.0,6.0,H
6886,2018-09-15,2018-19,Huddersfield,Crystal Palace,0.4,2.2,8.6,2.4,2.0,1.0,1.2,11.6,5.0,6.0,A
6887,2018-09-16,2018-19,Everton,West Ham,1.6,1.8,11.0,4.6,6.0,1.0,2.2,11.4,3.8,3.0,A
6888,2018-09-16,2018-19,Wolves,Burnley,1.2,1.6,11.6,4.4,5.0,0.8,2.2,11.4,3.4,1.0,H
6889,2018-09-17,2018-19,Southampton,Brighton,0.8,1.0,14.2,4.2,4.0,1.0,2.2,7.0,2.2,4.0,D
6890,2018-09-22,2018-19,Man United,Wolves,1.6,1.6,14.0,5.8,9.0,1.0,1.0,15.6,4.4,8.0,D
6891,2018-09-22,2018-19,Liverpool,Southampton,2.2,0.4,16.6,7.2,15.0,1.2,1.2,15.4,4.6,5.0,H
6892,2018-09-22,2018-19,Leicester,Huddersfield,1.6,1.8,10.6,4.8,6.0,0.4,2.2,8.0,2.2,2.0,H
6893,2018-09-22,2018-19,Fulham,Watford,1.4,2.4,13.8,5.8,4.0,2.0,1.0,12.4,4.8,12.0,D
6894,2018-09-22,2018-19,Crystal Palace,Newcastle,0.8,1.2,10.8,4.4,6.0,0.8,1.6,8.0,2.8,1.0,D
6895,2018-09-22,2018-19,Burnley,Bournemouth,0.6,2.0,10.4,3.0,1.0,2.0,1.4,11.8,4.0,10.0,H
6896,2018-09-22,2018-19,Brighton,Tottenham,1.4,1.8,9.0,2.8,5.0,2.0,1.2,14.2,5.2,9.0,A
6897,2018-09-22,2018-19,Cardiff,Man City,0.6,1.8,11.2,2.2,2.0,2.8,0.6,23.8,9.0,13.0,A
6898,2018-09-23,2018-19,Arsenal,Everton,2.0,1.8,14.0,6.4,9.0,1.6,1.8,11.4,4.0,6.0,H
6899,2018-09-23,2018-19,West Ham,Chelsea,1.0,2.2,10.2,3.8,3.0,2.8,0.8,18.8,6.2,15.0,D
6900,2018-09-29,2018-19,Wolves,Southampton,0.8,0.8,15.6,5.2,8.0,1.2,1.8,13.2,4.2,4.0,H
6901,2018-09-29,2018-19,West Ham,Man United,1.0,1.4,10.4,3.6,4.0,1.4,1.6,15.4,5.8,7.0,H
6902,2018-09-29,2018-19,Newcastle,Leicester,0.6,1.2,6.2,3.0,2.0,2.0,1.6,11.6,5.6,9.0,A
6903,2018-09-29,2018-19,Man City,Brighton,3.4,0.6,24.6,9.4,13.0,1.6,1.8,9.4,3.6,5.0,H
6904,2018-09-29,2018-19,Everton,Fulham,1.2,1.8,12.0,4.2,5.0,1.6,2.2,13.8,5.2,5.0,H
6905,2018-09-29,2018-19,Chelsea,Liverpool,2.2,0.8,19.6,6.6,13.0,2.0,0.4,15.4,6.4,15.0,D
6906,2018-09-29,2018-19,Huddersfield,Tottenham,0.6,2.2,8.6,2.4,2.0,2.0,1.2,14.4,5.6,9.0,A
6907,2018-09-29,2018-19,Arsenal,Watford,2.4,1.4,14.0,6.8,12.0,1.8,1.2,10.8,5.0,10.0,H
6908,2018-09-30,2018-19,Cardiff,Burnley,0.6,2.4,9.6,2.4,2.0,1.4,2.0,9.6,2.8,3.0,A
6909,2018-10-01,2018-19,Bournemouth,Crystal Palace,1.6,2.2,13.2,4.2,7.0,0.4,1.2,12.0,3.4,4.0,H
6910,2018-10-05,2018-19,Brighton,West Ham,1.0,1.8,9.0,3.2,2.0,1.4,1.2,9.8,3.2,7.0,H
6911,2018-10-06,2018-19,Tottenham,Cardiff,1.8,1.0,11.4,4.6,9.0,0.8,2.8,11.0,3.2,1.0,H
6912,2018-10-06,2018-19,Watford,Bournemouth,1.2,1.4,11.6,4.6,7.0,1.6,2.2,13.0,4.2,7.0,A
6913,2018-10-06,2018-19,Man United,Newcastle,1.2,1.6,15.4,6.0,7.0,0.6,1.6,5.0,2.0,1.0,H
6914,2018-10-06,2018-19,Crystal Palace,Wolves,0.6,1.2,12.4,3.4,4.0,1.2,0.4,16.2,5.8,11.0,A
6915,2018-10-06,2018-19,Burnley,Huddersfield,1.6,1.6,8.6,2.6,6.0,0.4,1.4,9.4,3.2,2.0,D
6916,2018-10-06,2018-19,Leicester,Everton,2.0,1.6,12.8,6.2,9.0,1.4,1.6,13.2,4.0,5.0,A
6917,2018-10-07,2018-19,Fulham,Arsenal,1.4,2.2,13.0,4.6,5.0,2.4,0.8,12.8,6.0,15.0,A
6918,2018-10-07,2018-19,Liverpool,Man City,1.8,0.6,14.8,6.4,13.0,2.6,0.4,23.8,8.2,13.0,D
6919,2018-10-07,2018-19,Southampton,Chelsea,1.0,1.8,13.6,4.6,4.0,1.8,0.6,16.8,5.2,11.0,A
6920,2018-10-20,2018-19,Man City,Burnley,2.4,0.2,21.4,7.4,13.0,1.4,1.0,7.4,2.8,7.0,H
6921,2018-10-20,2018-19,West Ham,Tottenham,1.2,0.8,10.6,3.0,7.0,1.4,1.0,13.4,5.0,9.0,A
6922,2018-10-20,2018-19,Newcastle,Brighton,0.8,1.8,6.4,3.2,1.0,1.2,1.6,9.6,3.6,5.0,A
6923,2018-10-20,2018-19,Wolves,Watford,1.2,0.2,15.4,5.8,13.0,0.8,2.0,11.8,4.0,4.0,A
6924,2018-10-20,2018-19,Huddersfield,Liverpool,0.6,1.6,12.2,3.4,2.0,1.6,0.6,11.8,5.2,11.0,A
6925,2018-10-20,2018-19,Cardiff,Fulham,0.8,3.0,9.8,3.6,0.0,0.8,2.8,12.2,3.0,2.0,H
6926,2018-10-20,2018-19,Bournemouth,Southampton,2.0,1.8,11.6,4.6,9.0,0.8,2.0,14.4,4.8,4.0,D
6927,2018-10-20,2018-19,Chelsea,Man United,2.0,0.4,18.0,5.8,11.0,1.8,1.4,14.4,7.0,10.0,D
6928,2018-10-21,2018-19,Everton,Crystal Palace,1.4,1.4,14.4,5.0,7.0,0.4,1.0,12.8,3.6,4.0,H
6929,2018-10-22,2018-19,Arsenal,Leicester,2.8,0.8,11.2,5.4,15.0,1.8,1.8,12.8,5.6,6.0,H
6930,2018-10-27,2018-19,Watford,Huddersfield,0.8,1.8,12.2,4.0,4.0,0.4,1.6,13.0,2.4,1.0,H
6931,2018-10-27,2018-19,Southampton,Newcastle,0.4,2.0,12.2,4.4,2.0,0.6,1.6,11.2,4.0,1.0,D
6932,2018-10-27,2018-19,Liverpool,Cardiff,1.4,0.4,12.0,4.8,11.0,1.2,2.8,11.4,4.0,3.0,H
6933,2018-10-27,2018-19,Fulham,Bournemouth,0.8,3.2,12.0,2.8,1.0,2.0,1.4,12.0,4.8,10.0,A
6934,2018-10-27,2018-19,Brighton,Wolves,1.0,1.2,8.2,3.0,7.0,1.0,0.6,14.4,4.8,10.0,H
6935,2018-10-27,2018-19,Leicester,West Ham,1.8,2.0,12.0,5.0,6.0,1.2,0.8,10.6,3.2,7.0,D
6936,2018-10-28,2018-19,Burnley,Chelsea,1.4,1.6,6.6,2.4,7.0,2.0,0.8,17.4,5.8,9.0,A
6937,2018-10-28,2018-19,Crystal Palace,Arsenal,0.4,1.0,10.2,3.0,4.0,2.8,0.6,11.6,4.4,15.0,D
6938,2018-10-28,2018-19,Man United,Everton,1.8,1.8,11.6,6.0,8.0,1.6,1.2,16.2,5.6,9.0,H
6939,2018-10-29,2018-19,Tottenham,Man City,1.4,0.6,13.2,5.0,12.0,3.0,0.0,21.4,7.8,13.0,A
6940,2018-11-03,2018-19,West Ham,Burnley,0.8,0.8,11.0,3.0,5.0,1.4,2.2,6.6,2.2,7.0,H
6941,2018-11-03,2018-19,Wolves,Tottenham,0.8,0.8,13.4,4.8,7.0,1.2,0.4,11.8,4.6,12.0,A
6942,2018-11-03,2018-19,Newcastle,Watford,0.4,1.2,11.6,3.6,2.0,1.2,1.4,11.8,4.2,7.0,H
6943,2018-11-03,2018-19,Arsenal,Liverpool,2.8,0.8,10.6,4.4,13.0,1.8,0.4,12.4,4.2,11.0,D
6944,2018-11-03,2018-19,Cardiff,Leicester,1.2,2.8,10.6,3.8,3.0,1.6,1.4,13.4,4.8,7.0,A
6945,2018-11-03,2018-19,Bournemouth,Man United,1.8,1.0,12.4,4.8,10.0,1.8,1.8,12.6,6.8,8.0,A
6946,2018-11-03,2018-19,Everton,Brighton,1.6,1.0,15.8,6.0,9.0,0.8,0.8,6.2,2.4,9.0,H
6947,2018-11-04,2018-19,Chelsea,Crystal Palace,2.0,0.6,18.6,6.0,9.0,0.6,1.4,12.0,3.2,2.0,H
6948,2018-11-04,2018-19,Man City,Southampton,2.6,0.0,18.4,7.2,13.0,0.0,1.6,13.8,4.2,2.0,H
6949,2018-11-05,2018-19,Huddersfield,Fulham,0.4,2.0,12.6,3.4,1.0,0.8,3.2,12.4,2.4,1.0,H
6950,2018-11-10,2018-19,Southampton,Watford,0.2,2.2,14.8,5.2,2.0,1.0,1.4,12.8,3.2,6.0,D
6951,2018-11-10,2018-19,Newcastle,Bournemouth,0.6,1.2,12.4,3.4,4.0,2.0,0.6,12.2,5.2,10.0,H
6952,2018-11-10,2018-19,Leicester,Burnley,1.2,1.2,12.4,4.2,7.0,1.0,3.0,5.4,1.8,4.0,D
6953,2018-11-10,2018-19,Crystal Palace,Tottenham,0.8,2.0,10.2,2.8,1.0,1.4,0.6,10.6,4.8,12.0,A
6954,2018-11-10,2018-19,Cardiff,Brighton,1.2,2.0,12.4,3.8,3.0,0.8,1.0,5.6,2.2,9.0,H
6955,2018-11-10,2018-19,Huddersfield,West Ham,0.4,1.4,12.8,3.4,4.0,1.6,1.2,14.2,4.8,7.0,D
6956,2018-11-11,2018-19,Arsenal,Wolves,2.6,1.0,11.2,4.2,11.0,1.0,1.2,14.4,4.6,6.0,D
6957,2018-11-11,2018-19,Chelsea,Everton,2.6,0.8,18.2,6.0,11.0,2.2,0.8,16.8,5.4,12.0,D
6958,2018-11-11,2018-19,Liverpool,Fulham,1.4,0.6,12.6,4.2,9.0,0.6,3.2,10.8,2.0,0.0,H
6959,2018-11-11,2018-19,Man City,Man United,2.8,0.2,17.8,6.8,13.0,2.0,1.8,13.2,7.2,10.0,H
6960,2018-11-24,2018-19,Watford,Liverpool,1.2,1.2,12.6,3.6,7.0,1.6,0.4,14.0,4.4,11.0,A
6961,2018-11-24,2018-19,West Ham,Man City,1.2,1.2,15.0,5.2,5.0,3.0,0.4,15.6,6.2,13.0,A
6962,2018-11-24,2018-19,Tottenham,Chelsea,1.2,0.6,10.8,4.0,12.0,2.4,0.6,19.2,6.0,11.0,H
6963,2018-11-24,2018-19,Brighton,Leicester,1.0,1.0,6.2,2.6,9.0,0.8,1.2,14.4,4.2,5.0,D
6964,2018-11-24,2018-19,Fulham,Southampton,0.6,3.0,11.2,2.6,0.0,0.4,2.0,14.2,4.8,3.0,H
6965,2018-11-24,2018-19,Everton,Cardiff,1.6,0.8,14.2,4.4,10.0,1.4,1.8,12.6,4.0,6.0,H
6966,2018-11-24,2018-19,Man United,Crystal Palace,2.0,1.8,12.6,6.6,10.0,0.6,1.8,10.4,3.2,1.0,D
6967,2018-11-25,2018-19,Bournemouth,Arsenal,1.8,0.8,12.8,5.0,7.0,2.4,1.2,11.4,4.4,9.0,A
6968,2018-11-25,2018-19,Wolves,Huddersfield,0.8,1.4,14.0,4.4,4.0,0.6,1.2,14.0,3.8,5.0,A
6969,2018-11-26,2018-19,Burnley,Newcastle,0.6,2.8,6.0,1.6,2.0,1.0,1.0,14.8,4.4,7.0,A
6970,2018-11-30,2018-19,Cardiff,Wolves,1.4,1.8,12.4,3.0,6.0,0.6,1.8,15.0,4.6,1.0,H
6971,2018-12-01,2018-19,Southampton,Man United,0.8,2.0,15.0,5.2,3.0,1.4,1.4,11.4,5.6,8.0,D
6972,2018-12-01,2018-19,Crystal Palace,Burnley,0.6,1.6,10.8,2.8,2.0,0.6,3.0,7.6,1.8,1.0,H
6973,2018-12-01,2018-19,Huddersfield,Brighton,0.8,1.0,13.0,4.6,7.0,1.0,1.2,7.2,2.4,7.0,A
6974,2018-12-01,2018-19,Leicester,Watford,0.8,1.0,14.4,4.4,6.0,1.2,1.0,10.8,3.4,7.0,H
6975,2018-12-01,2018-19,Man City,Bournemouth,3.8,0.4,16.2,7.0,15.0,1.2,1.2,13.0,4.6,4.0,H
6976,2018-12-01,2018-19,Newcastle,West Ham,1.0,0.6,15.6,3.4,10.0,1.2,1.8,13.4,4.6,5.0,A
6977,2018-12-02,2018-19,Liverpool,Everton,2.2,0.4,14.6,5.4,13.0,1.4,0.6,14.0,4.4,10.0,H
6978,2018-12-02,2018-19,Chelsea,Fulham,2.0,1.2,17.6,5.2,8.0,1.0,2.4,9.0,2.8,3.0,H
6979,2018-12-02,2018-19,Arsenal,Tottenham,1.8,1.2,13.6,3.8,9.0,1.6,0.8,10.6,4.4,12.0,H
6980,2018-12-04,2018-19,Bournemouth,Huddersfield,1.4,1.8,11.8,4.4,3.0,1.0,1.2,11.8,4.8,7.0,H
6981,2018-12-04,2018-19,Brighton,Crystal Palace,1.2,1.4,8.4,3.2,7.0,1.0,1.2,15.2,4.0,5.0,H
6982,2018-12-04,2018-19,Watford,Man City,0.8,1.4,10.6,2.8,4.0,3.4,0.6,14.6,6.2,15.0,A
6983,2018-12-04,2018-19,West Ham,Cardiff,1.8,1.6,12.2,4.6,8.0,1.0,1.6,11.4,2.6,6.0,H
6984,2018-12-05,2018-19,Burnley,Liverpool,0.6,2.4,7.4,1.8,1.0,2.2,0.4,15.6,5.6,13.0,A
6985,2018-12-05,2018-19,Everton,Newcastle,1.0,0.8,11.8,4.2,7.0,1.0,1.0,13.4,3.0,10.0,D
6986,2018-12-05,2018-19,Fulham,Leicester,0.6,2.0,9.0,2.8,3.0,1.0,0.4,14.2,4.6,9.0,D
6987,2018-12-05,2018-19,Man United,Arsenal,1.4,1.4,12.2,5.8,8.0,2.0,1.4,14.2,4.0,9.0,D
6988,2018-12-05,2018-19,Tottenham,Southampton,1.8,1.6,10.8,5.2,9.0,1.2,2.4,16.6,5.6,3.0,H
6989,2018-12-05,2018-19,Wolves,Chelsea,0.8,1.8,16.0,5.2,1.0,2.0,0.8,16.6,5.8,10.0,H
6990,2018-12-08,2018-19,West Ham,Crystal Palace,2.2,1.6,13.4,6.2,10.0,0.8,1.4,15.6,4.4,4.0,H
6991,2018-12-08,2018-19,Leicester,Tottenham,1.0,0.4,12.6,4.2,9.0,2.4,1.6,12.6,6.6,12.0,A
6992,2018-12-08,2018-19,Chelsea,Man City,1.4,1.2,15.2,4.8,7.0,3.6,0.8,15.0,6.4,15.0,H
6993,2018-12-08,2018-19,Man United,Fulham,1.4,1.6,11.4,5.2,6.0,0.8,1.6,11.8,4.0,4.0,H
6994,2018-12-08,2018-19,Burnley,Brighton,0.8,2.2,8.0,2.8,1.0,1.6,1.6,9.8,3.6,7.0,H
6995,2018-12-08,2018-19,Bournemouth,Liverpool,1.2,2.0,10.6,3.8,3.0,2.0,0.4,15.4,6.6,13.0,A
6996,2018-12-08,2018-19,Arsenal,Huddersfield,2.0,1.4,14.6,4.4,9.0,1.2,1.0,13.8,4.6,7.0,H
6997,2018-12-08,2018-19,Cardiff,Southampton,1.0,1.4,12.8,3.4,6.0,1.4,3.0,15.8,5.8,2.0,H
6998,2018-12-09,2018-19,Newcastle,Wolves,1.2,1.2,13.8,4.0,10.0,1.2,1.8,12.2,4.2,4.0,A
6999,2018-12-10,2018-19,Everton,Watford,1.0,0.6,12.8,3.6,8.0,0.4,1.8,10.4,3.0,1.0,D
7000,2018-12-15,2018-19,Wolves,Bournemouth,1.2,1.4,11.6,4.0,7.0,1.0,2.4,8.6,2.8,3.0,H
7001,2018-12-15,2018-19,Watford,Cardiff,0.8,2.0,10.2,3.4,2.0,1.2,1.2,13.2,3.8,9.0,H
7002,2018-12-15,2018-19,Tottenham,Burnley,2.2,1.2,12.0,5.4,12.0,0.6,1.4,9.6,3.0,4.0,H
7003,2018-12-15,2018-19,Man City,Everton,2.4,1.0,14.2,5.6,12.0,0.8,0.8,12.4,4.0,6.0,H
7004,2018-12-15,2018-19,Fulham,West Ham,1.0,2.2,12.4,4.6,4.0,2.0,1.6,11.6,5.4,10.0,A
7005,2018-12-15,2018-19,Crystal Palace,Leicester,1.0,1.4,15.8,4.8,4.0,0.8,0.8,12.2,3.8,6.0,H
7006,2018-12-15,2018-19,Huddersfield,Newcastle,1.0,1.2,13.0,4.2,4.0,1.2,1.6,14.2,4.4,7.0,A
7007,2018-12-16,2018-19,Brighton,Chelsea,1.4,1.2,11.6,3.2,7.0,1.2,1.0,13.8,4.6,7.0,A
7008,2018-12-16,2018-19,Liverpool,Man United,2.6,0.2,14.8,6.6,15.0,1.8,1.6,11.8,5.8,6.0,H
7009,2018-12-16,2018-19,Southampton,Arsenal,1.2,2.0,15.8,4.8,2.0,2.0,1.2,15.0,4.0,11.0,H
7010,2018-12-21,2018-19,Wolves,Liverpool,1.4,1.2,11.0,3.6,9.0,2.8,0.4,18.0,7.4,15.0,A
7011,2018-12-22,2018-19,Man City,Crystal Palace,2.4,1.0,13.4,5.6,12.0,1.2,1.2,15.2,4.2,7.0,A
7012,2018-12-22,2018-19,Newcastle,Fulham,1.0,1.4,12.2,4.2,7.0,1.0,2.2,14.0,4.8,4.0,D
7013,2018-12-22,2018-19,Huddersfield,Southampton,0.8,1.2,13.0,3.8,3.0,1.6,2.2,15.4,5.4,4.0,A
7014,2018-12-22,2018-19,West Ham,Watford,2.2,1.4,10.4,5.0,12.0,1.2,2.2,11.2,3.8,4.0,A
7015,2018-12-22,2018-19,Cardiff,Man United,1.2,1.6,11.2,3.2,6.0,1.8,1.6,11.8,6.0,6.0,A
7016,2018-12-22,2018-19,Arsenal,Burnley,2.2,1.6,15.6,4.2,10.0,0.6,1.6,9.2,2.8,3.0,H
7017,2018-12-22,2018-19,Chelsea,Leicester,1.6,1.2,12.8,4.4,9.0,0.8,1.0,10.2,3.2,5.0,A
7018,2018-12-22,2018-19,Bournemouth,Brighton,0.8,2.4,8.4,2.6,3.0,1.4,1.2,11.4,3.0,7.0,H
7019,2018-12-23,2018-19,Everton,Tottenham,1.0,1.4,13.0,4.2,5.0,2.2,1.2,12.8,5.6,12.0,A
7020,2018-12-26,2018-19,Brighton,Arsenal,1.2,1.4,10.6,3.4,6.0,2.4,1.6,13.6,4.6,10.0,D
7021,2018-12-26,2018-19,Burnley,Everton,0.6,1.8,7.8,2.4,3.0,1.2,2.6,11.8,3.2,2.0,A
7022,2018-12-26,2018-19,Crystal Palace,Cardiff,1.8,1.6,13.6,4.4,9.0,1.4,2.4,11.6,3.6,6.0,D
7023,2018-12-26,2018-19,Leicester,Man City,0.8,0.8,10.2,3.2,7.0,2.0,1.6,15.4,5.4,9.0,H
7024,2018-12-26,2018-19,Liverpool,Newcastle,2.6,0.4,19.0,7.2,15.0,0.6,1.2,10.6,3.6,5.0,H
7025,2018-12-26,2018-19,Man United,Huddersfield,2.8,1.8,12.8,6.8,8.0,0.6,1.8,13.4,3.6,0.0,H
7026,2018-12-26,2018-19,Tottenham,Bournemouth,2.8,1.4,12.6,5.4,12.0,1.0,2.0,9.0,2.2,6.0,H
7027,2018-12-26,2018-19,Watford,Chelsea,1.6,1.6,12.4,4.6,7.0,1.4,0.8,13.6,5.0,9.0,A
7028,2018-12-26,2018-19,Fulham,Wolves,0.4,1.8,12.8,4.2,2.0,1.4,1.2,10.8,4.0,9.0,D
7029,2018-12-27,2018-19,Southampton,West Ham,1.8,1.8,14.2,5.0,7.0,2.2,1.0,12.2,6.2,12.0,A
7030,2018-12-29,2018-19,Watford,Newcastle,1.8,1.6,12.8,5.0,7.0,0.6,1.4,8.6,3.2,5.0,D
7031,2018-12-29,2018-19,Tottenham,Wolves,3.4,0.6,12.4,5.6,15.0,1.4,1.0,10.6,4.2,10.0,A
7032,2018-12-29,2018-19,Liverpool,Arsenal,3.2,0.4,19.0,8.2,15.0,1.8,1.4,10.6,4.0,8.0,H
7033,2018-12-29,2018-19,Fulham,Huddersfield,0.6,1.6,13.2,5.2,3.0,0.6,2.0,14.0,3.6,0.0,H
7034,2018-12-29,2018-19,Brighton,Everton,1.0,1.4,10.2,2.8,4.0,2.2,2.6,12.6,3.8,5.0,H
7035,2018-12-29,2018-19,Leicester,Cardiff,0.8,1.0,10.8,3.6,7.0,1.0,2.2,10.0,3.8,4.0,A
7036,2018-12-30,2018-19,Burnley,West Ham,0.8,2.4,9.2,3.2,3.0,2.0,1.2,14.0,6.4,12.0,H
7037,2018-12-30,2018-19,Crystal Palace,Chelsea,1.4,1.6,14.0,3.6,7.0,1.4,1.0,12.4,4.0,9.0,A
7038,2018-12-30,2018-19,Man United,Bournemouth,3.0,1.6,13.8,7.8,10.0,0.8,2.4,11.0,2.8,6.0,H
7039,2018-12-30,2018-19,Southampton,Man City,1.6,1.8,13.2,4.8,6.0,1.6,1.8,14.4,5.0,6.0,A
7040,2019-01-01,2018-19,Cardiff,Tottenham,1.0,1.6,10.6,3.4,7.0,3.0,1.0,11.8,4.6,12.0,A
7041,2019-01-01,2018-19,Everton,Leicester,2.0,2.6,11.4,4.0,4.0,0.6,1.0,11.4,4.0,6.0,A
7042,2019-01-01,2018-19,Arsenal,Fulham,1.6,2.0,10.4,3.6,7.0,0.6,1.4,11.0,4.8,5.0,H
7043,2019-01-02,2018-19,Bournemouth,Watford,0.6,3.0,11.2,3.0,3.0,1.8,1.4,13.0,4.6,8.0,D
7044,2019-01-02,2018-19,Chelsea,Southampton,1.4,0.6,11.4,4.2,12.0,1.6,1.8,10.6,4.6,6.0,D
7045,2019-01-02,2018-19,Huddersfield,Burnley,0.4,1.8,11.2,3.4,0.0,1.0,1.8,10.6,3.0,6.0,A
7046,2019-01-02,2018-19,Newcastle,Man United,0.6,1.4,8.6,2.6,5.0,3.4,1.4,14.0,8.0,12.0,A
7047,2019-01-02,2018-19,West Ham,Brighton,1.4,1.4,12.8,5.0,9.0,0.6,1.2,10.6,2.8,4.0,D
7048,2019-01-02,2018-19,Wolves,Crystal Palace,1.6,1.0,11.6,4.6,10.0,1.2,1.2,11.2,2.6,7.0,A
7049,2019-01-03,2018-19,Man City,Liverpool,1.8,1.8,14.2,4.8,6.0,3.6,0.4,18.4,7.8,15.0,H
7050,2019-01-12,2018-19,West Ham,Arsenal,1.2,1.4,12.8,5.0,7.0,2.2,2.2,10.8,5.0,7.0,H
7051,2019-01-12,2018-19,Leicester,Southampton,0.8,0.6,10.8,4.2,9.0,1.6,1.6,9.4,4.8,7.0,A
7052,2019-01-12,2018-19,Chelsea,Newcastle,1.0,0.6,13.2,4.4,10.0,0.4,1.4,9.0,2.4,5.0,H
7053,2019-01-12,2018-19,Crystal Palace,Watford,1.2,0.6,13.0,2.6,10.0,2.0,1.6,12.2,4.6,8.0,A
7054,2019-01-12,2018-19,Burnley,Fulham,1.2,2.0,11.0,3.8,6.0,0.6,1.4,10.8,4.8,5.0,H
7055,2019-01-12,2018-19,Cardiff,Huddersfield,0.8,2.2,9.2,3.2,4.0,0.6,2.0,11.8,3.8,0.0,D
7056,2019-01-12,2018-19,Brighton,Liverpool,1.0,1.4,10.4,3.8,5.0,3.0,0.8,17.8,8.0,12.0,A
7057,2019-01-13,2018-19,Everton,Bournemouth,1.6,2.4,12.4,3.4,3.0,1.2,2.8,14.6,5.0,4.0,H
7058,2019-01-13,2018-19,Tottenham,Man United,3.2,1.0,13.0,5.0,12.0,3.0,1.2,13.2,7.2,12.0,A
7059,2019-01-14,2018-19,Man City,Wolves,2.2,1.6,13.2,4.8,9.0,1.2,1.2,10.8,3.6,7.0,H
7060,2019-01-19,2018-19,Arsenal,Chelsea,1.8,1.8,10.4,4.6,7.0,1.0,0.6,13.2,5.0,10.0,H
7061,2019-01-19,2018-19,Bournemouth,West Ham,1.2,2.8,15.2,5.8,4.0,1.0,1.4,13.8,5.0,7.0,H
7062,2019-01-19,2018-19,Man United,Brighton,3.0,0.6,14.6,8.4,15.0,0.8,1.2,10.6,3.4,5.0,H
7063,2019-01-19,2018-19,Newcastle,Cardiff,0.4,1.8,9.2,1.8,2.0,0.4,1.6,7.8,2.6,5.0,H
7064,2019-01-19,2018-19,Southampton,Everton,1.4,1.4,8.6,4.0,7.0,1.8,1.8,13.6,3.6,6.0,H
7065,2019-01-19,2018-19,Watford,Burnley,1.8,1.4,12.0,3.4,8.0,1.6,2.0,12.4,3.8,9.0,D
7066,2019-01-19,2018-19,Wolves,Leicester,0.8,1.8,9.6,3.0,4.0,1.0,0.8,13.0,5.0,9.0,H
7067,2019-01-19,2018-19,Liverpool,Crystal Palace,2.6,0.6,12.6,6.4,12.0,1.2,1.0,14.4,3.6,7.0,H
7068,2019-01-20,2018-19,Fulham,Tottenham,0.8,1.4,10.0,4.8,5.0,3.0,1.2,14.2,6.6,9.0,A
7069,2019-01-20,2018-19,Huddersfield,Man City,0.6,1.8,11.6,3.2,1.0,2.2,1.4,15.4,5.6,9.0,A
7070,2019-01-29,2018-19,Wolves,West Ham,1.6,2.0,9.8,3.4,7.0,1.0,1.4,12.0,3.8,7.0,H
7071,2019-01-29,2018-19,Newcastle,Man City,1.0,1.8,10.6,3.0,4.0,2.4,0.8,14.0,5.4,12.0,H
7072,2019-01-29,2018-19,Man United,Burnley,2.4,0.6,15.2,7.6,15.0,1.4,1.4,13.2,4.0,10.0,D
7073,2019-01-29,2018-19,Fulham,Brighton,1.0,1.8,11.6,5.2,4.0,1.0,1.2,10.0,3.0,5.0,H
7074,2019-01-29,2018-19,Arsenal,Cardiff,1.6,1.6,11.0,4.4,7.0,0.2,1.2,7.8,2.2,5.0,H
7075,2019-01-29,2018-19,Huddersfield,Everton,0.4,1.8,9.4,2.6,1.0,1.6,1.0,13.0,3.4,6.0,A
7076,2019-01-30,2018-19,Bournemouth,Chelsea,1.2,2.8,14.4,6.0,4.0,1.0,0.8,12.4,4.2,10.0,H
7077,2019-01-30,2018-19,Liverpool,Leicester,3.0,1.2,13.4,7.0,12.0,1.4,1.6,14.6,5.6,6.0,D
7078,2019-01-30,2018-19,Southampton,Crystal Palace,1.2,1.4,8.2,3.6,7.0,1.2,1.4,15.2,3.6,4.0,D
7079,2019-01-30,2018-19,Tottenham,Watford,2.2,1.0,13.6,6.0,9.0,1.4,1.4,11.6,3.2,6.0,H
7080,2019-02-02,2018-19,Tottenham,Newcastle,1.6,1.2,15.0,5.2,9.0,1.4,1.2,10.6,3.0,7.0,H
7081,2019-02-02,2018-19,Everton,Wolves,0.8,0.8,12.4,3.2,6.0,2.0,1.8,11.0,4.2,9.0,A
7082,2019-02-02,2018-19,Crystal Palace,Fulham,1.4,1.6,12.0,3.2,4.0,1.6,2.0,14.2,4.8,6.0,H
7083,2019-02-02,2018-19,Chelsea,Huddersfield,0.6,1.4,12.6,4.8,7.0,0.2,1.4,9.4,2.6,1.0,H
7084,2019-02-02,2018-19,Burnley,Southampton,1.6,0.8,12.2,4.0,11.0,1.2,1.2,8.6,3.4,8.0,D
7085,2019-02-02,2018-19,Brighton,Watford,1.2,1.8,10.6,3.6,4.0,1.4,1.4,11.4,3.0,6.0,D
7086,2019-02-02,2018-19,Cardiff,Bournemouth,0.4,1.6,9.8,1.8,4.0,2.0,1.8,14.0,6.6,7.0,H
7087,2019-02-03,2018-19,Leicester,Man United,1.2,1.6,13.6,5.0,4.0,2.2,0.8,17.6,7.4,13.0,A
7088,2019-02-03,2018-19,Man City,Arsenal,2.4,0.8,14.2,5.4,12.0,1.8,1.6,12.6,4.4,9.0,H
7089,2019-02-04,2018-19,West Ham,Liverpool,0.6,1.8,9.6,2.8,4.0,2.4,1.4,12.2,6.0,10.0,D
7090,2019-02-06,2018-19,Everton,Man City,1.0,1.2,12.4,3.2,6.0,2.4,0.8,15.2,6.6,12.0,A
7091,2019-02-09,2018-19,Southampton,Cardiff,1.2,0.8,9.6,3.4,9.0,0.6,1.6,9.8,2.2,4.0,A
7092,2019-02-09,2018-19,Watford,Everton,1.2,1.2,10.0,2.0,6.0,1.0,1.4,9.8,3.0,6.0,H
7093,2019-02-09,2018-19,Liverpool,Bournemouth,1.6,1.4,11.4,5.2,8.0,1.8,1.4,14.4,6.4,7.0,H
7094,2019-02-09,2018-19,Fulham,Man United,1.4,2.4,13.0,3.8,3.0,1.6,0.6,17.4,7.0,13.0,A
7095,2019-02-09,2018-19,Huddersfield,Arsenal,0.2,2.2,8.6,2.0,1.0,1.8,1.2,11.8,4.4,9.0,A
7096,2019-02-09,2018-19,Crystal Palace,West Ham,1.8,1.4,14.6,4.4,7.0,0.8,1.6,10.0,2.4,5.0,D
7097,2019-02-09,2018-19,Brighton,Burnley,1.0,1.8,12.6,3.8,2.0,1.4,1.0,11.8,4.2,9.0,A
7098,2019-02-10,2018-19,Man City,Chelsea,2.4,0.6,16.4,6.6,12.0,1.4,1.4,14.8,5.4,7.0,H
7099,2019-02-10,2018-19,Tottenham,Leicester,1.6,0.6,17.2,5.4,12.0,1.2,1.6,13.8,4.8,4.0,H
7100,2019-02-11,2018-19,Wolves,Newcastle,2.0,1.8,10.4,4.2,9.0,1.2,1.2,10.6,3.0,6.0,D
7101,2019-02-22,2018-19,Cardiff,Watford,1.0,1.2,9.8,2.2,7.0,0.8,0.6,9.2,1.8,8.0,A
7102,2019-02-22,2018-19,West Ham,Fulham,0.6,1.4,8.6,2.0,5.0,1.2,2.2,14.2,3.6,3.0,H
7103,2019-02-23,2018-19,Newcastle,Huddersfield,1.4,1.0,9.6,3.0,7.0,0.2,2.2,9.8,2.8,1.0,H
7104,2019-02-23,2018-19,Leicester,Crystal Palace,1.2,2.2,16.2,5.8,1.0,1.6,1.6,16.2,4.6,5.0,A
7105,2019-02-23,2018-19,Bournemouth,Wolves,1.2,1.4,11.8,4.4,6.0,2.2,1.6,13.0,5.2,10.0,D
7106,2019-02-23,2018-19,Burnley,Tottenham,1.6,1.0,10.4,3.6,9.0,1.6,0.8,17.0,5.6,12.0,H
7107,2019-02-24,2018-19,Arsenal,Southampton,1.4,1.2,10.4,3.4,9.0,1.4,1.2,11.2,4.4,8.0,H
7108,2019-02-24,2018-19,Man United,Liverpool,1.8,0.6,17.2,7.0,13.0,2.0,1.0,14.0,6.0,11.0,D
7109,2019-02-26,2018-19,Cardiff,Everton,1.2,2.2,12.2,3.4,6.0,0.6,1.6,8.6,3.2,3.0,A
7110,2019-02-26,2018-19,Huddersfield,Wolves,0.2,2.6,7.6,2.6,0.0,2.4,1.2,14.4,5.6,11.0,H
7111,2019-02-26,2018-19,Leicester,Brighton,1.2,2.6,17.0,5.6,1.0,0.8,2.0,13.2,3.8,1.0,H
7112,2019-02-26,2018-19,Newcastle,Burnley,1.6,0.6,13.6,5.0,10.0,1.6,1.0,10.2,4.4,9.0,H
7113,2019-02-27,2018-19,Man City,West Ham,3.0,0.6,14.6,6.6,12.0,1.0,1.6,10.6,2.8,5.0,H
7114,2019-02-27,2018-19,Southampton,Fulham,1.0,1.4,11.6,4.6,5.0,1.2,2.4,13.4,3.8,3.0,H
7115,2019-02-27,2018-19,Liverpool,Watford,1.8,1.0,13.4,5.6,9.0,1.4,0.6,8.4,2.8,8.0,H
7116,2019-02-27,2018-19,Arsenal,Bournemouth,1.8,1.0,10.6,3.8,12.0,1.4,1.2,10.6,3.6,7.0,H
7117,2019-02-27,2018-19,Chelsea,Tottenham,1.4,2.6,13.8,5.0,6.0,1.8,1.0,16.2,4.6,12.0,H
7118,2019-02-27,2018-19,Crystal Palace,Man United,2.2,1.4,14.6,4.4,8.0,1.6,0.6,15.8,6.0,11.0,A
7119,2019-03-02,2018-19,Bournemouth,Man City,1.2,2.2,11.2,3.8,4.0,2.6,0.6,16.2,7.2,12.0,A
7120,2019-03-02,2018-19,Brighton,Huddersfield,1.0,2.2,14.8,4.4,1.0,0.4,2.0,9.6,2.8,3.0,H
7121,2019-03-02,2018-19,Burnley,Crystal Palace,1.6,1.4,10.4,4.2,8.0,1.8,1.2,16.2,4.2,8.0,A
7122,2019-03-02,2018-19,Man United,Southampton,1.8,0.6,14.4,5.8,11.0,1.0,1.2,12.2,4.6,5.0,H
7123,2019-03-02,2018-19,Tottenham,Arsenal,1.4,1.2,15.2,3.6,9.0,2.4,1.2,11.2,4.0,12.0,D
7124,2019-03-02,2018-19,West Ham,Newcastle,1.0,1.4,9.2,2.8,5.0,1.4,0.6,12.8,4.4,10.0,H
7125,2019-03-02,2018-19,Wolves,Cardiff,1.6,0.8,13.4,4.2,8.0,1.2,2.2,11.6,3.2,6.0,H
7126,2019-03-03,2018-19,Everton,Liverpool,1.0,1.2,9.6,3.6,6.0,2.0,0.4,13.4,5.8,9.0,D
7127,2019-03-03,2018-19,Fulham,Chelsea,1.0,2.4,13.8,3.8,3.0,1.4,2.4,14.0,4.0,6.0,A
7128,2019-03-03,2018-19,Watford,Leicester,1.4,1.6,7.6,2.6,7.0,1.0,2.0,17.6,5.0,4.0,H
7129,2019-03-09,2018-19,Newcastle,Everton,1.0,0.8,15.0,4.4,7.0,0.8,1.2,9.0,3.2,4.0,H
7130,2019-03-09,2018-19,Southampton,Tottenham,1.2,1.6,10.8,4.4,4.0,1.2,1.2,13.8,3.6,7.0,H
7131,2019-03-09,2018-19,Man City,Watford,2.6,0.2,18.4,7.8,15.0,1.6,1.4,7.0,3.4,10.0,H
7132,2019-03-09,2018-19,Huddersfield,Bournemouth,0.4,2.0,8.8,3.2,3.0,0.4,2.4,8.8,2.4,1.0,A
7133,2019-03-09,2018-19,Crystal Palace,Brighton,2.2,1.2,15.2,4.4,10.0,1.0,1.8,16.0,4.6,4.0,A
7134,2019-03-09,2018-19,Cardiff,West Ham,1.0,2.2,10.2,3.6,6.0,1.4,0.8,10.4,3.6,8.0,H
7135,2019-03-09,2018-19,Leicester,Fulham,1.0,2.2,19.4,5.0,3.0,0.4,2.4,11.4,3.4,0.0,H
7136,2019-03-10,2018-19,Arsenal,Man United,2.2,1.2,10.0,4.0,10.0,2.0,0.6,12.0,5.2,13.0,H
7137,2019-03-10,2018-19,Chelsea,Wolves,1.8,2.2,15.4,5.2,9.0,1.4,0.8,12.0,3.6,8.0,D
7138,2019-03-10,2018-19,Liverpool,Burnley,1.8,0.2,13.4,5.8,9.0,1.4,1.6,12.8,4.2,7.0,H
7139,2019-03-16,2018-19,Bournemouth,Newcastle,0.8,2.0,8.6,3.0,4.0,1.6,1.0,17.2,5.4,10.0,D
7140,2019-03-16,2018-19,Burnley,Leicester,1.6,2.2,10.4,3.4,6.0,1.6,2.2,19.6,5.4,6.0,A
7141,2019-03-16,2018-19,West Ham,Huddersfield,1.2,1.0,9.6,3.6,7.0,0.4,1.4,9.4,3.0,3.0,H
7142,2019-03-17,2018-19,Everton,Chelsea,1.0,1.2,7.8,3.0,4.0,2.0,1.6,17.6,5.0,10.0,H
7143,2019-03-17,2018-19,Fulham,Liverpool,0.6,2.6,11.0,4.0,0.0,2.4,0.4,15.8,5.6,11.0,A
7144,2019-03-30,2018-19,West Ham,Everton,1.8,1.4,11.6,3.8,9.0,1.4,0.8,10.0,4.4,7.0,A
7145,2019-03-30,2018-19,Leicester,Bournemouth,1.8,1.8,17.4,4.4,9.0,1.2,1.8,8.2,3.2,5.0,H
7146,2019-03-30,2018-19,Fulham,Man City,0.8,2.4,9.4,3.8,0.0,2.6,0.2,18.4,7.2,15.0,A
7147,2019-03-30,2018-19,Man United,Watford,1.8,1.0,12.8,4.8,10.0,1.8,2.0,6.4,3.6,9.0,H
7148,2019-03-30,2018-19,Burnley,Wolves,1.2,2.4,11.2,2.8,3.0,1.0,0.8,10.8,3.0,6.0,H
7149,2019-03-30,2018-19,Brighton,Southampton,1.0,1.2,13.8,4.0,7.0,1.4,1.6,11.2,4.4,6.0,A
7150,2019-03-30,2018-19,Crystal Palace,Huddersfield,2.0,1.6,14.8,3.8,7.0,0.8,1.8,9.4,2.8,3.0,H
7151,2019-03-31,2018-19,Cardiff,Chelsea,1.0,2.2,11.0,4.0,6.0,1.0,2.0,16.2,4.6,7.0,A
7152,2019-03-31,2018-19,Liverpool,Tottenham,2.2,0.6,15.0,5.0,11.0,1.2,1.6,12.8,3.8,4.0,H
7153,2019-04-01,2018-19,Arsenal,Newcastle,2.4,0.6,12.0,4.2,13.0,1.8,1.2,17.8,5.6,10.0,H
7154,2019-04-02,2018-19,Watford,Fulham,1.8,2.4,9.0,4.8,6.0,0.6,2.2,8.8,2.8,0.0,H
7155,2019-04-02,2018-19,Wolves,Man United,0.8,1.0,8.0,2.0,5.0,1.6,1.2,11.4,4.4,10.0,H
7156,2019-04-03,2018-19,Tottenham,Crystal Palace,0.8,1.8,12.6,3.2,1.0,2.2,1.4,13.6,3.8,9.0,H
7157,2019-04-03,2018-19,Chelsea,Brighton,1.4,1.0,18.0,4.4,10.0,1.0,1.4,12.4,3.4,6.0,H
7158,2019-04-03,2018-19,Man City,Cardiff,2.6,0.2,20.2,7.8,15.0,0.8,2.4,11.4,4.0,3.0,H
7159,2019-04-05,2018-19,Southampton,Liverpool,1.4,1.2,10.0,3.4,9.0,2.6,0.8,16.4,5.4,13.0,A
7160,2019-04-06,2018-19,Bournemouth,Burnley,1.0,2.0,7.8,3.0,4.0,1.2,2.2,10.2,2.2,3.0,A
7161,2019-04-06,2018-19,Huddersfield,Leicester,0.8,1.8,11.8,3.6,3.0,2.0,1.0,15.6,4.2,12.0,A
7162,2019-04-06,2018-19,Newcastle,Crystal Palace,1.4,1.6,12.6,3.4,7.0,1.4,1.6,13.2,3.0,6.0,A
7163,2019-04-07,2018-19,Everton,Arsenal,1.8,0.6,11.6,5.4,10.0,2.4,0.4,11.6,4.2,13.0,H
7164,2019-04-08,2018-19,Chelsea,West Ham,1.6,1.0,19.2,5.0,10.0,1.2,1.6,8.0,2.6,6.0,H
7165,2019-04-12,2018-19,Leicester,Newcastle,2.4,1.0,15.4,5.4,12.0,1.0,1.8,13.8,3.8,4.0,A
7166,2019-04-13,2018-19,Southampton,Wolves,1.6,1.4,10.2,2.8,9.0,1.0,1.0,7.8,2.0,7.0,H
7167,2019-04-13,2018-19,Man United,West Ham,1.8,1.6,13.8,4.6,9.0,1.2,1.8,9.4,2.8,6.0,H
7168,2019-04-13,2018-19,Tottenham,Huddersfield,1.0,1.4,14.4,4.0,4.0,0.8,2.6,10.8,3.8,0.0,H
7169,2019-04-13,2018-19,Burnley,Cardiff,1.8,2.0,10.0,2.4,6.0,0.6,1.8,9.2,3.0,3.0,H
7170,2019-04-13,2018-19,Brighton,Bournemouth,0.8,1.4,9.8,2.4,6.0,1.0,1.6,7.2,2.4,4.0,A
7171,2019-04-13,2018-19,Fulham,Everton,0.8,2.6,9.4,3.4,0.0,1.4,0.6,13.8,5.8,10.0,H
7172,2019-04-14,2018-19,Crystal Palace,Man City,1.4,1.0,10.4,2.8,9.0,1.8,0.2,22.6,8.2,15.0,A
7173,2019-04-14,2018-19,Liverpool,Chelsea,2.2,1.0,16.0,4.4,13.0,1.6,0.8,18.4,5.0,10.0,H
7174,2019-04-15,2018-19,Watford,Arsenal,1.6,2.4,9.6,4.8,6.0,2.0,0.6,10.6,3.8,10.0,A
7175,2019-04-16,2018-19,Brighton,Cardiff,0.6,2.0,8.4,2.0,6.0,0.6,1.6,10.8,3.4,3.0,A
7176,2019-04-20,2018-19,Wolves,Brighton,1.2,1.4,9.8,2.4,7.0,0.4,2.4,8.6,1.6,3.0,D
7177,2019-04-20,2018-19,West Ham,Leicester,1.0,2.2,11.0,2.8,3.0,2.2,0.8,15.0,6.0,12.0,D
7178,2019-04-20,2018-19,Newcastle,Southampton,1.2,1.4,12.6,4.4,7.0,1.8,1.6,10.0,3.2,9.0,H
7179,2019-04-20,2018-19,Huddersfield,Watford,0.8,3.2,11.0,3.2,0.0,1.6,1.6,10.8,4.8,6.0,A
7180,2019-04-20,2018-19,Bournemouth,Fulham,2.0,1.4,10.0,3.8,7.0,1.0,2.2,9.4,3.4,3.0,A
7181,2019-04-20,2018-19,Man City,Tottenham,2.2,0.4,22.6,8.0,15.0,1.8,1.0,17.0,5.0,7.0,H
7182,2019-04-21,2018-19,Everton,Man United,1.4,1.0,14.0,5.4,9.0,1.6,1.6,14.0,4.6,9.0,H
7183,2019-04-21,2018-19,Arsenal,Crystal Palace,1.2,0.4,11.2,3.8,10.0,1.0,1.4,9.8,2.6,6.0,A
7184,2019-04-21,2018-19,Cardiff,Liverpool,1.0,1.2,10.4,3.2,6.0,2.6,1.0,17.0,5.2,15.0,A
7185,2019-04-22,2018-19,Chelsea,Burnley,1.4,1.0,15.2,4.4,9.0,2.0,1.4,9.2,3.0,9.0,D
7186,2019-04-23,2018-19,Watford,Southampton,1.6,1.6,11.8,5.0,6.0,1.6,1.6,11.8,3.2,9.0,D
7187,2019-04-23,2018-19,Tottenham,Brighton,1.6,1.0,17.0,5.2,6.0,0.0,2.2,8.8,1.0,1.0,H
7188,2019-04-24,2018-19,Man United,Man City,1.0,2.0,12.2,3.6,6.0,2.2,0.4,21.0,7.4,15.0,A
7189,2019-04-24,2018-19,Wolves,Arsenal,0.8,1.4,11.6,2.2,5.0,1.4,0.8,11.8,4.0,9.0,H
7190,2019-04-26,2018-19,Liverpool,Huddersfield,2.2,0.6,15.8,5.4,15.0,1.0,3.2,12.0,3.6,0.0,H
7191,2019-04-27,2018-19,Watford,Wolves,1.6,1.2,14.4,5.6,7.0,1.2,1.4,13.4,2.6,7.0,A
7192,2019-04-27,2018-19,Brighton,Newcastle,0.0,2.2,7.2,1.0,1.0,1.2,1.2,11.8,4.2,7.0,D
7193,2019-04-27,2018-19,Crystal Palace,Everton,1.4,1.4,10.0,3.4,9.0,1.8,0.4,15.6,6.4,12.0,D
7194,2019-04-27,2018-19,Fulham,Cardiff,1.0,1.6,11.6,3.8,6.0,0.6,1.6,8.6,2.2,3.0,H
7195,2019-04-27,2018-19,Southampton,Bournemouth,1.4,1.6,11.0,3.2,7.0,1.6,1.6,11.4,3.8,4.0,D
7196,2019-04-27,2018-19,Tottenham,West Ham,1.6,0.6,19.6,5.2,9.0,1.4,2.2,11.4,3.0,4.0,A
7197,2019-04-28,2018-19,Burnley,Man City,2.0,1.0,9.8,3.2,10.0,2.0,0.2,18.8,6.6,15.0,A
7198,2019-04-28,2018-19,Leicester,Arsenal,2.0,1.0,13.6,5.4,10.0,1.2,1.4,11.2,3.6,6.0,H
7199,2019-04-28,2018-19,Man United,Chelsea,1.0,2.0,11.8,3.0,6.0,1.8,1.0,16.4,5.2,10.0,D
7200,2019-05-03,2018-19,Everton,Burnley,1.4,0.4,17.0,5.4,10.0,1.8,0.8,7.6,2.8,10.0,H
7201,2019-05-04,2018-19,West Ham,Southampton,0.8,1.6,11.4,3.4,4.0,1.8,2.2,13.8,4.2,5.0,H
7202,2019-05-04,2018-19,Newcastle,Liverpool,1.0,1.0,11.2,3.6,7.0,2.8,0.4,16.8,5.6,15.0,A
7203,2019-05-04,2018-19,Wolves,Fulham,1.6,1.2,14.0,3.2,10.0,1.0,1.2,11.8,3.8,9.0,H
7204,2019-05-04,2018-19,Bournemouth,Tottenham,1.8,1.8,11.2,4.2,4.0,1.4,0.4,20.2,5.6,9.0,H
7205,2019-05-04,2018-19,Cardiff,Crystal Palace,0.4,1.4,9.6,3.2,3.0,1.0,1.4,7.8,2.4,7.0,A
7206,2019-05-05,2018-19,Chelsea,Watford,1.6,1.0,15.4,5.2,8.0,1.6,1.2,12.4,4.2,7.0,H
7207,2019-05-05,2018-19,Huddersfield,Man United,0.4,3.4,10.0,2.8,0.0,0.8,2.0,11.6,3.0,4.0,D
7208,2019-05-05,2018-19,Arsenal,Brighton,0.8,2.0,11.0,3.0,3.0,0.2,1.8,8.4,1.2,2.0,D
7209,2019-05-06,2018-19,Man City,Leicester,1.8,0.2,19.0,6.6,15.0,2.2,0.8,16.6,7.0,10.0,H
7210,2019-05-12,2018-19,Watford,West Ham,0.8,1.6,12.4,3.4,4.0,1.4,1.2,14.2,4.4,7.0,A
7211,2019-05-12,2018-19,Tottenham,Everton,1.0,0.6,17.2,4.6,6.0,1.4,0.4,17.6,4.8,10.0,D
7212,2019-05-12,2018-19,Man United,Cardiff,0.8,1.8,12.6,3.6,5.0,0.8,1.6,12.4,4.6,3.0,A
7213,2019-05-12,2018-19,Liverpool,Wolves,3.0,0.6,16.2,5.8,15.0,1.4,1.0,16.0,4.0,10.0,H
7214,2019-05-12,2018-19,Southampton,Huddersfield,1.6,2.2,13.8,4.2,5.0,0.6,3.2,8.4,2.4,1.0,D
7215,2019-05-12,2018-19,Fulham,Newcastle,1.0,1.0,12.0,4.2,9.0,1.4,1.2,13.4,4.8,7.0,A
7216,2019-05-12,2018-19,Crystal Palace,Bournemouth,1.6,1.4,11.0,3.6,10.0,2.0,1.4,13.6,5.0,7.0,H
7217,2019-05-12,2018-19,Burnley,Arsenal,1.4,1.2,7.6,2.8,7.0,1.0,2.0,13.6,4.2,4.0,A
7218,2019-05-12,2018-19,Brighton,Man City,0.4,1.0,9.0,2.0,3.0,1.6,0.2,17.4,5.4,15.0,A
7219,2019-05-12,2018-19,Leicester,Chelsea,1.8,1.0,14.4,6.6,7.0,1.6,1.0,15.8,6.2,8.0,D
7220,2019-08-09,2019-20,Liverpool,Norwich,2.8,0.4,15.4,5.8,15.0,0.8,2.0,13.4,3.8,3.0,H
7221,2019-08-10,2019-20,Tottenham,Aston Villa,0.6,1.0,15.0,4.2,4.0,0.8,2.4,7.4,2.4,1.0,H
7222,2019-08-10,2019-20,West Ham,Man City,2.2,1.0,15.6,5.8,10.0,1.8,0.2,17.4,6.0,15.0,A
7223,2019-08-10,2019-20,Bournemouth,Sheffield United,2.4,1.8,14.8,6.2,7.0,0.6,1.6,10.8,5.2,4.0,D
7224,2019-08-10,2019-20,Burnley,Southampton,1.0,1.6,8.2,3.2,4.0,1.2,2.2,13.2,3.6,3.0,H
7225,2019-08-10,2019-20,Crystal Palace,Everton,2.4,2.0,13.8,5.0,10.0,1.6,0.8,16.4,5.4,8.0,D
7226,2019-08-10,2019-20,Watford,Brighton,1.0,2.2,13.6,4.4,4.0,0.6,1.4,7.4,2.0,3.0,A
7227,2019-08-11,2019-20,Man United,Chelsea,0.4,2.0,15.0,4.8,2.0,1.2,1.0,15.4,5.6,6.0,H
7228,2019-08-11,2019-20,Leicester,Wolves,1.0,0.8,12.6,5.4,5.0,1.2,0.8,14.0,4.0,10.0,D
7229,2019-08-11,2019-20,Newcastle,Arsenal,2.2,1.0,12.4,5.0,10.0,1.4,2.2,13.2,4.2,4.0,A
7230,2019-08-17,2019-20,Arsenal,Burnley,1.2,1.6,12.4,3.6,7.0,1.2,1.6,7.4,2.6,4.0,H
7231,2019-08-17,2019-20,Aston Villa,Bournemouth,1.0,2.8,7.4,3.0,1.0,1.6,2.0,14.6,5.4,5.0,A
7232,2019-08-17,2019-20,Brighton,West Ham,1.2,1.4,7.4,2.6,5.0,2.0,1.6,13.0,5.6,10.0,D
7233,2019-08-17,2019-20,Everton,Watford,1.6,0.4,16.8,5.8,9.0,0.6,2.6,13.6,3.8,1.0,H
7234,2019-08-17,2019-20,Norwich,Newcastle,1.0,2.2,12.0,3.6,3.0,2.0,1.2,12.0,4.4,7.0,H
7235,2019-08-17,2019-20,Southampton,Liverpool,1.0,2.2,12.4,3.6,3.0,3.2,0.6,15.4,5.8,15.0,A
7236,2019-08-17,2019-20,Man City,Tottenham,2.6,0.2,17.2,7.0,15.0,1.2,1.0,19.2,4.8,7.0,D
7237,2019-08-18,2019-20,Sheffield United,Crystal Palace,0.8,1.4,10.4,5.2,5.0,2.2,1.4,13.6,4.8,11.0,H
7238,2019-08-18,2019-20,Chelsea,Leicester,1.2,1.4,17.8,6.4,6.0,1.0,0.6,13.2,4.6,6.0,D
7239,2019-08-19,2019-20,Wolves,Man United,1.2,0.8,11.2,3.4,10.0,1.2,1.2,15.8,5.6,5.0,D
7240,2019-08-23,2019-20,Aston Villa,Everton,0.8,2.4,8.6,3.0,1.0,1.0,0.4,16.2,4.6,9.0,H
7241,2019-08-24,2019-20,Sheffield United,Leicester,0.8,1.2,10.4,3.8,7.0,0.8,0.4,13.4,4.2,6.0,A
7242,2019-08-24,2019-20,Man United,Crystal Palace,1.4,1.0,15.2,5.8,6.0,1.6,1.2,11.6,4.2,8.0,A
7243,2019-08-24,2019-20,Liverpool,Arsenal,3.2,0.8,15.0,5.8,15.0,1.4,1.2,13.4,5.2,10.0,H
7244,2019-08-24,2019-20,Norwich,Chelsea,1.6,2.2,12.6,4.6,6.0,1.0,1.2,16.2,5.6,6.0,A
7245,2019-08-24,2019-20,Brighton,Southampton,1.4,1.4,9.4,3.2,6.0,1.0,2.4,13.6,3.4,2.0,A
7246,2019-08-24,2019-20,Watford,West Ham,0.4,2.6,12.2,3.4,0.0,1.8,1.4,12.4,5.6,10.0,A
7247,2019-08-25,2019-20,Wolves,Burnley,0.8,0.8,10.2,3.2,8.0,1.0,1.6,9.8,3.0,3.0,D
7248,2019-08-25,2019-20,Bournemouth,Man City,2.0,2.0,14.0,5.2,8.0,2.6,0.6,21.6,8.0,13.0,A
7249,2019-08-25,2019-20,Tottenham,Newcastle,1.4,1.4,14.0,4.2,5.0,1.6,1.6,11.0,3.8,4.0,A
7250,2019-08-31,2019-20,Southampton,Man United,0.8,1.8,11.6,2.8,4.0,1.4,1.2,18.2,5.4,5.0,D
7251,2019-08-31,2019-20,Chelsea,Sheffield United,1.4,1.4,17.6,6.6,8.0,0.8,1.6,9.8,3.2,4.0,D
7252,2019-08-31,2019-20,Crystal Palace,Aston Villa,2.0,1.4,11.0,4.8,10.0,0.8,1.8,8.6,3.2,4.0,H
7253,2019-08-31,2019-20,Leicester,Bournemouth,0.6,0.6,10.6,2.2,6.0,1.6,2.0,14.2,5.6,7.0,H
7254,2019-08-31,2019-20,Man City,Brighton,3.0,0.8,20.4,7.6,13.0,1.2,1.6,10.0,3.4,5.0,H
7255,2019-08-31,2019-20,Newcastle,Watford,1.6,1.4,10.8,4.2,6.0,0.4,2.8,14.8,3.8,0.0,D
7256,2019-08-31,2019-20,West Ham,Norwich,2.2,1.6,12.4,6.2,10.0,2.0,2.6,12.2,5.2,6.0,H
7257,2019-08-31,2019-20,Burnley,Liverpool,1.2,1.6,12.0,3.8,4.0,2.8,1.0,15.8,5.4,15.0,A
7258,2019-09-01,2019-20,Everton,Wolves,1.0,0.8,14.2,4.2,8.0,0.6,0.8,11.4,2.8,6.0,H
7259,2019-09-01,2019-20,Arsenal,Tottenham,1.6,1.2,14.0,5.6,10.0,1.4,1.4,14.6,3.8,5.0,D
7260,2019-09-14,2019-20,Wolves,Chelsea,0.8,1.4,9.2,2.6,3.0,1.2,1.8,16.4,5.8,6.0,A
7261,2019-09-14,2019-20,Norwich,Man City,1.2,2.6,10.2,4.6,3.0,3.6,0.8,19.6,7.8,13.0,H
7262,2019-09-14,2019-20,Sheffield United,Southampton,1.2,1.4,9.6,3.2,5.0,1.0,1.4,11.4,3.0,5.0,A
7263,2019-09-14,2019-20,Tottenham,Crystal Palace,1.8,1.6,15.0,4.6,6.0,1.6,1.0,11.2,4.4,10.0,H
7264,2019-09-14,2019-20,Brighton,Burnley,1.0,2.2,9.0,2.8,4.0,1.2,1.8,12.4,4.0,4.0,D
7265,2019-09-14,2019-20,Liverpool,Newcastle,2.8,0.6,16.6,6.0,15.0,1.4,1.0,10.6,3.8,7.0,H
7266,2019-09-14,2019-20,Man United,Leicester,1.4,1.2,17.8,5.6,5.0,1.2,0.6,11.8,2.8,9.0,H
7267,2019-09-15,2019-20,Bournemouth,Everton,1.6,2.6,11.8,4.8,4.0,1.2,1.2,13.2,4.2,8.0,H
7268,2019-09-15,2019-20,Watford,Arsenal,0.6,2.4,14.4,3.8,1.0,1.8,1.4,15.2,5.6,10.0,D
7269,2019-09-16,2019-20,Aston Villa,West Ham,0.8,2.0,10.2,3.6,3.0,2.0,1.6,12.6,6.6,10.0,D
7270,2019-09-20,2019-20,Southampton,Bournemouth,1.0,1.2,11.6,3.8,7.0,1.6,1.8,11.2,4.4,7.0,A
7271,2019-09-21,2019-20,Leicester,Tottenham,1.2,0.8,11.8,2.8,8.0,2.2,1.2,15.4,5.0,8.0,H
7272,2019-09-21,2019-20,Burnley,Norwich,1.2,1.4,11.0,3.2,5.0,1.8,2.4,9.6,4.8,6.0,H
7273,2019-09-21,2019-20,Everton,Sheffield United,1.0,1.4,12.6,3.4,7.0,1.0,1.2,11.2,3.0,5.0,A
7274,2019-09-21,2019-20,Man City,Watford,3.2,1.2,20.6,7.6,10.0,0.8,2.0,17.2,3.6,2.0,H
7275,2019-09-21,2019-20,Newcastle,Brighton,0.8,1.6,9.6,2.8,4.0,1.0,1.6,10.6,3.4,5.0,D
7276,2019-09-22,2019-20,Arsenal,Aston Villa,1.6,1.6,13.8,5.2,8.0,0.8,1.2,11.2,4.2,4.0,H
7277,2019-09-22,2019-20,Crystal Palace,Wolves,0.6,1.2,10.0,4.0,7.0,1.2,2.0,10.0,3.0,3.0,D
7278,2019-09-22,2019-20,West Ham,Man United,1.2,1.4,12.0,5.0,8.0,1.6,0.8,14.6,4.6,8.0,H
7279,2019-09-22,2019-20,Chelsea,Liverpool,2.2,2.2,16.6,6.2,8.0,3.0,0.8,18.2,6.8,15.0,A
7280,2019-09-28,2019-20,Wolves,Watford,1.4,2.2,11.2,3.4,3.0,0.8,3.0,16.0,3.8,2.0,H
7281,2019-09-28,2019-20,Everton,Man City,1.0,1.8,13.8,3.4,6.0,3.8,1.2,23.4,8.0,10.0,A
7282,2019-09-28,2019-20,Tottenham,Southampton,1.8,1.4,11.4,4.4,5.0,1.2,1.2,14.4,4.4,7.0,H
7283,2019-09-28,2019-20,Crystal Palace,Norwich,0.8,1.4,11.4,4.4,7.0,1.6,2.0,9.4,4.2,6.0,H
7284,2019-09-28,2019-20,Bournemouth,West Ham,2.0,1.8,9.8,4.4,9.0,1.6,0.4,12.6,5.6,11.0,D
7285,2019-09-28,2019-20,Aston Villa,Burnley,1.0,1.2,12.6,5.2,4.0,1.0,1.4,11.6,3.6,5.0,D
7286,2019-09-28,2019-20,Sheffield United,Liverpool,1.2,1.0,10.0,2.6,7.0,2.6,0.8,16.4,6.0,15.0,A
7287,2019-09-28,2019-20,Chelsea,Brighton,2.4,1.8,15.6,5.2,8.0,0.4,1.6,12.8,3.4,3.0,H
7288,2019-09-29,2019-20,Leicester,Newcastle,1.6,1.0,12.0,4.0,10.0,0.8,1.4,10.0,3.2,5.0,H
7289,2019-09-30,2019-20,Man United,Arsenal,0.8,1.2,14.2,4.2,5.0,2.0,2.0,16.4,6.0,8.0,D
7290,2019-10-05,2019-20,Norwich,Aston Villa,1.0,2.2,8.4,3.2,3.0,1.2,1.2,11.4,4.4,5.0,A
7291,2019-10-05,2019-20,West Ham,Crystal Palace,1.8,0.6,14.4,6.2,11.0,1.2,1.2,13.2,4.2,10.0,A
7292,2019-10-05,2019-20,Watford,Sheffield United,0.8,3.2,17.2,4.4,2.0,1.0,1.2,9.4,2.4,4.0,D
7293,2019-10-05,2019-20,Liverpool,Leicester,2.4,0.6,16.6,5.6,15.0,2.4,0.8,12.2,4.4,12.0,H
7294,2019-10-05,2019-20,Burnley,Everton,1.2,1.4,10.0,3.2,6.0,1.0,2.4,13.8,4.6,3.0,H
7295,2019-10-05,2019-20,Brighton,Tottenham,0.2,1.8,11.2,2.8,2.0,1.8,1.2,12.6,4.8,7.0,H
7296,2019-10-06,2019-20,Arsenal,Bournemouth,1.8,2.0,15.2,5.2,6.0,2.0,2.0,10.0,4.6,7.0,H
7297,2019-10-06,2019-20,Man City,Wolves,4.0,1.0,21.4,7.8,12.0,1.6,2.0,11.2,3.4,5.0,A
7298,2019-10-06,2019-20,Southampton,Chelsea,1.2,1.2,14.4,5.0,7.0,2.6,1.6,17.6,6.2,10.0,A
7299,2019-10-06,2019-20,Newcastle,Man United,0.6,1.8,8.6,2.6,5.0,0.8,1.2,15.6,4.6,5.0,H
7300,2019-10-19,2019-20,Wolves,Southampton,1.8,1.8,9.2,3.4,7.0,1.0,2.0,14.0,4.8,4.0,D
7301,2019-10-19,2019-20,Bournemouth,Norwich,1.8,1.6,10.0,3.6,7.0,0.8,2.6,11.4,3.2,3.0,D
7302,2019-10-19,2019-20,Crystal Palace,Man City,1.2,1.2,13.6,4.4,10.0,3.4,1.2,21.2,7.2,9.0,A
7303,2019-10-19,2019-20,Tottenham,Watford,1.8,1.6,10.8,5.0,7.0,0.6,2.6,14.2,4.2,3.0,D
7304,2019-10-19,2019-20,Everton,West Ham,1.0,2.2,13.6,4.8,3.0,1.4,0.8,13.0,5.0,8.0,H
7305,2019-10-19,2019-20,Chelsea,Newcastle,2.8,1.4,15.6,6.0,10.0,0.6,1.8,9.4,2.4,5.0,H
7306,2019-10-19,2019-20,Aston Villa,Brighton,1.8,1.4,14.4,6.2,5.0,0.8,1.4,12.2,3.4,5.0,H
7307,2019-10-19,2019-20,Leicester,Burnley,2.2,1.0,10.6,4.2,9.0,1.2,1.2,9.2,3.0,8.0,H
7308,2019-10-20,2019-20,Man United,Liverpool,0.6,1.0,13.6,4.6,5.0,2.2,0.6,15.2,6.2,15.0,D
7309,2019-10-21,2019-20,Sheffield United,Arsenal,0.8,0.8,9.6,2.4,5.0,1.8,1.4,15.8,5.0,9.0,H
7310,2019-10-25,2019-20,Southampton,Leicester,1.0,2.0,14.8,5.4,4.0,2.0,1.0,11.8,3.8,9.0,A
7311,2019-10-26,2019-20,Burnley,Chelsea,1.4,1.0,10.4,3.4,8.0,2.6,1.0,16.2,6.6,12.0,A
7312,2019-10-26,2019-20,Man City,Aston Villa,3.0,1.2,22.4,8.0,9.0,2.2,1.4,17.2,7.4,8.0,H
7313,2019-10-26,2019-20,Brighton,Everton,1.0,1.0,15.0,4.0,5.0,0.8,1.8,14.4,5.6,3.0,H
7314,2019-10-26,2019-20,Watford,Bournemouth,0.6,2.6,13.0,4.0,3.0,1.6,1.0,10.6,3.6,8.0,D
7315,2019-10-26,2019-20,West Ham,Sheffield United,1.0,1.2,11.0,4.2,5.0,0.6,0.4,9.6,2.4,7.0,D
7316,2019-10-27,2019-20,Liverpool,Tottenham,1.8,0.8,14.2,5.6,13.0,1.6,1.4,10.6,3.6,7.0,H
7317,2019-10-27,2019-20,Norwich,Man United,0.8,2.2,11.8,2.8,4.0,0.6,1.0,10.8,3.4,5.0,A
7318,2019-10-27,2019-20,Newcastle,Wolves,0.4,1.8,7.8,1.4,4.0,1.6,1.4,8.4,2.6,8.0,D
7319,2019-10-27,2019-20,Arsenal,Crystal Palace,1.4,1.2,12.4,4.0,8.0,1.0,1.6,10.6,3.8,7.0,D
7320,2019-11-02,2019-20,West Ham,Newcastle,1.2,1.4,10.8,4.8,5.0,0.4,1.4,8.8,1.6,5.0,A
7321,2019-11-02,2019-20,Aston Villa,Liverpool,2.2,2.0,17.4,7.4,7.0,1.6,0.8,14.2,6.4,13.0,A
7322,2019-11-02,2019-20,Watford,Chelsea,0.2,2.2,8.2,3.2,3.0,2.4,1.0,16.4,6.8,12.0,A
7323,2019-11-02,2019-20,Sheffield United,Burnley,0.8,0.4,8.2,2.4,8.0,1.6,1.6,11.6,4.2,7.0,H
7324,2019-11-02,2019-20,Bournemouth,Man United,1.0,0.8,11.0,3.4,6.0,1.0,1.2,13.0,4.6,5.0,H
7325,2019-11-02,2019-20,Brighton,Norwich,1.4,1.2,13.8,3.8,7.0,0.4,2.4,12.4,2.8,1.0,H
7326,2019-11-02,2019-20,Man City,Southampton,3.2,0.6,22.4,8.2,12.0,0.8,3.8,13.8,4.6,1.0,H
7327,2019-11-02,2019-20,Arsenal,Wolves,1.4,1.2,13.4,4.4,8.0,1.4,0.6,8.8,2.8,9.0,D
7328,2019-11-03,2019-20,Crystal Palace,Leicester,1.4,1.2,10.4,3.4,8.0,3.8,0.8,15.0,6.2,12.0,A
7329,2019-11-03,2019-20,Everton,Tottenham,1.0,1.8,13.6,5.8,3.0,1.0,1.8,10.2,3.4,4.0,D
7330,2019-11-08,2019-20,Norwich,Watford,0.4,2.4,11.6,2.4,1.0,0.4,1.0,9.6,3.0,3.0,A
7331,2019-11-09,2019-20,Tottenham,Sheffield United,1.0,1.6,8.8,3.0,5.0,1.0,0.4,10.4,3.4,8.0,D
7332,2019-11-09,2019-20,Chelsea,Crystal Palace,2.6,0.8,17.0,8.4,15.0,1.2,1.4,10.2,3.2,7.0,H
7333,2019-11-09,2019-20,Burnley,West Ham,1.2,2.2,10.2,3.0,4.0,1.2,2.0,12.4,4.8,2.0,H
7334,2019-11-09,2019-20,Newcastle,Bournemouth,1.0,1.8,9.0,2.6,7.0,0.6,0.6,12.2,4.0,6.0,H
7335,2019-11-09,2019-20,Southampton,Everton,0.8,3.6,9.4,4.0,1.0,1.2,1.6,11.8,5.8,4.0,A
7336,2019-11-09,2019-20,Leicester,Arsenal,3.8,0.6,14.6,5.8,12.0,1.0,1.0,11.2,4.0,6.0,H
7337,2019-11-10,2019-20,Man United,Brighton,1.0,1.0,14.2,4.8,5.0,1.8,1.2,14.8,4.2,9.0,H
7338,2019-11-10,2019-20,Wolves,Aston Villa,1.4,0.6,11.0,3.6,9.0,2.0,1.8,15.6,6.0,7.0,H
7339,2019-11-10,2019-20,Liverpool,Man City,1.6,0.8,18.0,7.0,13.0,2.0,0.8,22.0,6.8,12.0,H
7340,2019-11-23,2019-20,Arsenal,Southampton,0.8,1.2,10.8,3.2,5.0,0.8,3.6,7.4,3.4,1.0,D
7341,2019-11-23,2019-20,Watford,Burnley,0.8,0.6,9.2,2.4,6.0,1.4,1.8,11.0,4.8,6.0,A
7342,2019-11-23,2019-20,Man City,Chelsea,1.6,1.2,21.6,5.6,9.0,2.6,0.8,16.8,7.4,15.0,H
7343,2019-11-23,2019-20,Everton,Norwich,1.4,1.2,14.2,5.2,7.0,0.4,2.4,13.0,2.8,1.0,A
7344,2019-11-23,2019-20,West Ham,Tottenham,0.8,2.2,10.4,4.4,1.0,0.8,1.6,10.4,3.2,3.0,A
7345,2019-11-23,2019-20,Brighton,Leicester,2.0,1.4,14.4,4.4,9.0,3.2,0.6,15.8,6.2,12.0,A
7346,2019-11-23,2019-20,Bournemouth,Wolves,0.4,0.6,12.8,3.6,5.0,1.4,0.8,13.2,4.2,9.0,A
7347,2019-11-23,2019-20,Crystal Palace,Liverpool,0.8,1.8,7.8,2.8,4.0,2.0,1.0,17.2,7.2,13.0,A
7348,2019-11-24,2019-20,Sheffield United,Man United,1.2,0.4,10.8,3.8,9.0,1.4,1.0,15.2,6.2,7.0,D
7349,2019-11-25,2019-20,Aston Villa,Newcastle,1.8,1.8,15.0,6.2,6.0,1.4,1.0,12.4,4.4,10.0,H
7350,2019-11-30,2019-20,Southampton,Watford,1.0,3.2,9.6,4.0,2.0,0.8,1.2,10.6,2.8,5.0,H
7351,2019-11-30,2019-20,Newcastle,Man City,1.2,1.4,12.2,5.0,7.0,2.0,1.0,21.0,6.0,12.0,D
7352,2019-11-30,2019-20,Burnley,Crystal Palace,1.8,1.8,11.4,5.2,6.0,0.6,2.0,9.6,3.2,1.0,A
7353,2019-11-30,2019-20,Chelsea,West Ham,2.0,1.0,16.4,6.4,12.0,1.0,2.4,10.8,4.4,1.0,A
7354,2019-11-30,2019-20,Liverpool,Brighton,2.0,1.0,16.0,6.4,13.0,1.4,1.8,12.4,3.2,6.0,H
7355,2019-11-30,2019-20,Tottenham,Bournemouth,1.4,1.4,11.8,3.8,6.0,0.6,0.8,12.6,3.6,5.0,H
7356,2019-12-01,2019-20,Man United,Aston Villa,2.0,1.4,15.0,6.6,8.0,1.2,1.6,14.0,5.4,6.0,D
7357,2019-12-01,2019-20,Leicester,Everton,3.4,0.2,19.2,7.8,15.0,1.4,1.4,15.6,6.2,7.0,H
7358,2019-12-01,2019-20,Norwich,Arsenal,0.6,1.4,11.4,2.8,4.0,1.0,1.6,10.8,3.8,3.0,D
7359,2019-12-01,2019-20,Wolves,Sheffield United,1.4,1.0,15.2,5.2,9.0,1.8,1.0,11.4,4.8,9.0,D
7360,2019-12-03,2019-20,Crystal Palace,Bournemouth,1.0,1.6,9.6,3.2,4.0,1.0,1.4,14.4,4.4,4.0,H
7361,2019-12-03,2019-20,Burnley,Man City,1.6,1.8,11.8,5.2,6.0,2.0,1.4,21.6,5.8,10.0,A
7362,2019-12-04,2019-20,Chelsea,Aston Villa,1.8,1.2,17.0,6.0,9.0,1.2,1.8,11.0,4.4,4.0,H
7363,2019-12-04,2019-20,Leicester,Watford,3.4,0.2,18.6,8.4,15.0,0.8,1.4,10.4,3.0,4.0,H
7364,2019-12-04,2019-20,Man United,Tottenham,2.2,1.6,16.8,7.4,8.0,1.8,1.6,12.4,4.4,8.0,H
7365,2019-12-04,2019-20,Southampton,Norwich,1.2,3.2,9.0,4.2,4.0,1.0,1.8,12.4,4.2,4.0,H
7366,2019-12-04,2019-20,Wolves,West Ham,1.4,1.0,17.0,5.6,9.0,1.2,2.0,10.2,4.4,4.0,H
7367,2019-12-04,2019-20,Liverpool,Everton,2.2,1.0,17.0,7.0,15.0,1.2,1.8,14.0,4.8,4.0,H
7368,2019-12-05,2019-20,Sheffield United,Newcastle,1.8,1.2,11.6,5.2,7.0,1.6,1.6,12.4,5.6,8.0,A
7369,2019-12-05,2019-20,Arsenal,Brighton,1.4,1.8,12.2,4.6,4.0,1.4,1.8,10.8,3.2,6.0,A
7370,2019-12-07,2019-20,Watford,Crystal Palace,0.8,1.8,9.8,2.6,3.0,0.8,1.2,9.0,2.8,6.0,D
7371,2019-12-07,2019-20,Tottenham,Burnley,1.8,1.6,11.8,4.6,8.0,1.4,1.8,10.0,4.6,6.0,H
7372,2019-12-07,2019-20,Man City,Man United,2.2,1.6,20.0,5.6,10.0,2.0,1.6,15.0,6.6,8.0,A
7373,2019-12-07,2019-20,Everton,Chelsea,1.2,2.2,14.4,4.4,4.0,1.4,1.0,18.8,6.4,9.0,H
7374,2019-12-07,2019-20,Bournemouth,Liverpool,1.0,1.6,12.6,4.0,3.0,2.8,1.2,15.0,5.4,15.0,A
7375,2019-12-08,2019-20,Aston Villa,Leicester,1.4,1.6,10.6,4.0,4.0,2.0,0.2,16.0,6.6,15.0,A
7376,2019-12-08,2019-20,Newcastle,Southampton,1.8,1.4,11.0,6.0,10.0,1.6,1.6,10.6,4.6,7.0,H
7377,2019-12-08,2019-20,Norwich,Sheffield United,1.0,1.6,12.4,4.2,4.0,1.6,1.4,12.2,5.6,6.0,A
7378,2019-12-08,2019-20,Brighton,Wolves,1.2,1.6,13.2,4.2,6.0,1.6,0.8,17.0,6.0,11.0,D
7379,2019-12-09,2019-20,West Ham,Arsenal,1.0,2.2,9.0,4.2,3.0,1.2,1.8,11.6,4.4,3.0,A
7380,2019-12-14,2019-20,Southampton,West Ham,1.6,1.6,13.8,4.8,7.0,0.8,2.2,8.0,3.8,3.0,A
7381,2019-12-14,2019-20,Sheffield United,Aston Villa,1.4,1.6,11.4,5.0,6.0,1.4,2.0,12.6,4.0,4.0,H
7382,2019-12-14,2019-20,Leicester,Norwich,2.4,0.4,17.8,7.2,15.0,1.2,1.6,13.8,5.0,4.0,D
7383,2019-12-14,2019-20,Chelsea,Bournemouth,1.2,1.4,18.6,5.2,6.0,0.8,2.2,10.8,2.8,0.0,A
7384,2019-12-14,2019-20,Liverpool,Watford,3.0,1.0,14.2,6.0,15.0,0.6,1.4,10.0,2.6,4.0,H
7385,2019-12-14,2019-20,Burnley,Newcastle,1.4,2.2,10.2,4.8,6.0,1.6,1.2,11.0,5.4,10.0,H
7386,2019-12-15,2019-20,Man United,Everton,2.4,1.6,14.2,7.2,11.0,1.6,2.2,15.6,5.2,6.0,D
7387,2019-12-15,2019-20,Wolves,Tottenham,1.8,1.0,14.6,5.4,11.0,2.6,1.4,13.6,5.6,10.0,A
7388,2019-12-15,2019-20,Arsenal,Man City,1.6,1.8,11.6,4.2,5.0,2.0,1.8,19.2,5.8,7.0,A
7389,2019-12-16,2019-20,Crystal Palace,Brighton,0.8,0.8,7.2,2.2,7.0,1.2,2.0,11.6,4.0,4.0,D
7390,2019-12-21,2019-20,Newcastle,Crystal Palace,1.2,1.2,8.8,3.6,7.0,1.0,0.6,8.8,2.8,8.0,H
7391,2019-12-21,2019-20,Brighton,Sheffield United,1.2,1.6,13.4,5.6,5.0,1.6,1.4,10.0,4.8,8.0,A
7392,2019-12-21,2019-20,Norwich,Wolves,1.4,1.4,12.4,4.6,5.0,1.6,1.2,14.8,5.4,8.0,A
7393,2019-12-21,2019-20,Aston Villa,Southampton,1.2,2.0,11.6,3.2,4.0,1.4,1.4,15.2,4.6,7.0,A
7394,2019-12-21,2019-20,Everton,Arsenal,1.4,2.2,12.4,4.8,4.0,1.6,2.0,11.2,4.2,5.0,D
7395,2019-12-21,2019-20,Bournemouth,Burnley,0.8,1.8,9.8,2.6,3.0,1.0,2.2,8.8,3.2,6.0,A
7396,2019-12-21,2019-20,Man City,Leicester,2.4,1.2,18.4,6.6,10.0,2.2,0.6,17.6,6.8,13.0,H
7397,2019-12-22,2019-20,Tottenham,Chelsea,2.8,1.4,12.0,5.6,12.0,0.8,1.6,17.6,5.2,3.0,A
7398,2019-12-22,2019-20,Watford,Man United,0.2,1.8,9.2,2.6,1.0,2.0,1.6,14.8,6.6,9.0,H
7399,2019-12-26,2019-20,Sheffield United,Watford,1.2,0.8,9.0,3.6,10.0,0.6,1.2,8.4,2.4,4.0,D
7400,2019-12-26,2019-20,Everton,Burnley,1.4,1.8,10.6,3.4,5.0,0.6,2.2,7.0,2.4,6.0,H
7401,2019-12-26,2019-20,Man United,Newcastle,1.4,1.4,16.0,7.2,8.0,1.4,0.8,8.2,3.2,10.0,H
7402,2019-12-26,2019-20,Crystal Palace,West Ham,0.8,0.4,8.8,2.4,8.0,1.0,1.6,8.8,3.8,6.0,H
7403,2019-12-26,2019-20,Leicester,Liverpool,2.0,1.2,14.8,5.4,10.0,2.8,0.8,15.0,6.2,15.0,A
7404,2019-12-26,2019-20,Bournemouth,Arsenal,0.6,1.6,8.6,2.2,3.0,1.2,1.6,10.0,3.6,5.0,D
7405,2019-12-26,2019-20,Tottenham,Brighton,2.2,1.4,10.0,4.6,9.0,1.2,1.4,13.8,6.0,5.0,H
7406,2019-12-26,2019-20,Chelsea,Southampton,1.0,1.2,18.0,5.4,6.0,1.6,1.2,14.4,5.0,9.0,A
7407,2019-12-26,2019-20,Aston Villa,Norwich,1.0,2.6,12.0,2.8,1.0,1.2,1.8,12.4,5.0,2.0,H
7408,2019-12-27,2019-20,Wolves,Man City,1.6,1.2,14.2,4.8,8.0,2.6,1.2,20.0,8.2,10.0,H
7409,2019-12-28,2019-20,Brighton,Bournemouth,1.2,1.4,13.6,6.0,5.0,0.4,1.2,7.0,1.8,4.0,H
7410,2019-12-28,2019-20,Newcastle,Everton,1.2,1.2,8.4,3.0,9.0,1.4,1.4,12.6,3.8,8.0,A
7411,2019-12-28,2019-20,Southampton,Crystal Palace,1.6,1.0,13.2,4.4,9.0,0.8,0.6,10.0,2.8,8.0,D
7412,2019-12-28,2019-20,Watford,Aston Villa,0.6,1.0,8.2,2.2,5.0,0.8,2.2,12.4,2.6,3.0,H
7413,2019-12-28,2019-20,Norwich,Tottenham,0.8,1.6,12.6,4.6,1.0,2.0,1.2,9.2,4.6,9.0,D
7414,2019-12-28,2019-20,West Ham,Leicester,0.8,1.4,8.6,3.4,6.0,1.6,1.8,12.2,4.2,7.0,A
7415,2019-12-28,2019-20,Burnley,Man United,0.6,2.0,5.2,1.6,6.0,1.8,1.2,17.2,8.0,10.0,A
7416,2019-12-29,2019-20,Arsenal,Chelsea,1.0,1.4,10.2,2.6,5.0,1.0,1.4,16.2,4.8,6.0,A
7417,2019-12-29,2019-20,Liverpool,Wolves,3.2,0.6,15.6,6.6,15.0,2.0,1.4,15.6,5.8,10.0,H
7418,2019-12-29,2019-20,Man City,Sheffield United,2.6,1.4,16.6,7.0,9.0,1.2,0.8,10.4,3.6,10.0,H
7419,2020-01-01,2019-20,Arsenal,Man United,1.0,1.4,9.2,2.0,5.0,1.8,1.0,17.6,7.6,10.0,H
7420,2020-01-01,2019-20,West Ham,Bournemouth,0.8,1.8,10.4,3.4,3.0,0.4,1.4,7.8,1.6,4.0,H
7421,2020-01-01,2019-20,Norwich,Crystal Palace,1.0,1.6,11.6,4.4,2.0,0.8,0.8,9.6,2.8,6.0,D
7422,2020-01-01,2019-20,Watford,Wolves,1.2,0.6,11.4,3.2,8.0,1.6,1.6,15.0,4.8,7.0,H
7423,2020-01-01,2019-20,Man City,Everton,2.2,1.2,16.4,6.2,9.0,1.4,0.6,14.6,4.8,11.0,H
7424,2020-01-01,2019-20,Newcastle,Leicester,1.0,1.6,11.2,3.2,6.0,1.6,2.0,12.4,4.6,7.0,A
7425,2020-01-01,2019-20,Burnley,Aston Villa,0.4,1.6,6.0,1.4,6.0,0.6,2.4,12.8,2.4,3.0,A
7426,2020-01-01,2019-20,Brighton,Chelsea,1.2,1.2,12.8,5.4,5.0,1.0,1.4,13.8,3.8,6.0,D
7427,2020-01-01,2019-20,Southampton,Tottenham,1.4,1.0,13.2,4.4,7.0,2.2,1.2,10.6,5.0,10.0,H
7428,2020-01-02,2019-20,Liverpool,Sheffield United,3.0,0.4,14.6,5.8,15.0,1.2,0.8,9.4,2.4,10.0,H
7429,2020-01-10,2019-20,Sheffield United,West Ham,0.8,1.0,8.2,2.2,7.0,1.6,1.4,12.0,4.2,6.0,H
7430,2020-01-11,2019-20,Everton,Brighton,1.0,0.8,13.4,3.8,8.0,1.0,1.0,13.4,5.6,5.0,H
7431,2020-01-11,2019-20,Crystal Palace,Arsenal,1.0,1.0,11.4,3.4,6.0,0.8,1.2,9.2,2.2,5.0,D
7432,2020-01-11,2019-20,Chelsea,Burnley,1.0,1.0,14.0,4.0,7.0,0.6,1.0,8.6,1.4,6.0,H
7433,2020-01-11,2019-20,Leicester,Southampton,1.4,1.8,11.2,5.0,7.0,1.4,0.6,11.8,4.2,10.0,A
7434,2020-01-11,2019-20,Man United,Norwich,1.4,1.2,17.4,7.0,7.0,1.0,1.4,11.8,4.4,3.0,H
7435,2020-01-11,2019-20,Wolves,Newcastle,1.4,1.6,15.6,4.6,6.0,0.6,2.0,9.8,2.4,3.0,D
7436,2020-01-11,2019-20,Tottenham,Liverpool,1.2,1.4,10.2,4.6,7.0,2.4,0.0,16.2,6.2,15.0,A
7437,2020-01-12,2019-20,Bournemouth,Watford,0.4,1.6,7.8,2.0,4.0,1.6,0.8,10.6,3.2,10.0,A
7438,2020-01-12,2019-20,Aston Villa,Man City,0.8,1.8,12.0,3.2,6.0,2.4,1.0,15.2,6.6,12.0,A
7439,2020-01-18,2019-20,West Ham,Everton,1.4,1.0,11.2,3.8,6.0,1.0,0.6,14.6,4.4,10.0,D
7440,2020-01-18,2019-20,Newcastle,Chelsea,0.8,2.0,9.0,2.6,4.0,1.6,0.8,14.0,4.6,10.0,H
7441,2020-01-18,2019-20,Norwich,Bournemouth,0.8,2.0,11.4,4.4,2.0,0.2,2.2,7.6,1.8,1.0,H
7442,2020-01-18,2019-20,Southampton,Wolves,1.8,0.6,12.8,5.8,13.0,1.4,1.4,13.8,4.4,7.0,A
7443,2020-01-18,2019-20,Brighton,Aston Villa,0.8,1.0,12.2,4.0,4.0,1.0,2.6,11.8,3.4,6.0,D
7444,2020-01-18,2019-20,Arsenal,Sheffield United,1.0,0.8,9.4,2.8,6.0,0.6,1.0,9.4,2.2,7.0,D
7445,2020-01-18,2019-20,Watford,Tottenham,2.2,0.4,12.6,4.0,13.0,0.8,1.4,11.2,4.4,4.0,D
7446,2020-01-18,2019-20,Man City,Crystal Palace,3.0,1.2,16.8,7.6,12.0,1.0,1.0,10.4,3.2,6.0,D
7447,2020-01-19,2019-20,Burnley,Leicester,0.4,1.6,8.6,1.0,3.0,1.4,2.0,8.6,5.0,6.0,H
7448,2020-01-19,2019-20,Liverpool,Man United,2.0,0.0,14.6,5.8,15.0,2.0,1.0,15.2,6.6,9.0,H
7449,2020-01-21,2019-20,Chelsea,Arsenal,1.2,1.0,15.2,4.8,7.0,1.2,1.0,10.4,3.2,6.0,D
7450,2020-01-21,2019-20,Everton,Newcastle,1.2,0.8,15.0,5.0,10.0,0.8,2.0,8.8,2.4,4.0,D
7451,2020-01-21,2019-20,Sheffield United,Man City,0.6,1.2,10.4,2.6,5.0,2.8,1.4,17.2,6.4,10.0,A
7452,2020-01-21,2019-20,Bournemouth,Brighton,0.2,2.2,8.2,2.4,1.0,1.0,1.0,12.4,4.0,5.0,H
7453,2020-01-21,2019-20,Aston Villa,Watford,1.0,2.2,9.6,2.8,7.0,1.8,0.4,13.4,3.8,11.0,H
7454,2020-01-21,2019-20,Crystal Palace,Southampton,1.4,1.2,8.2,3.0,7.0,1.6,1.0,11.6,5.2,10.0,A
7455,2020-01-22,2019-20,Leicester,West Ham,1.4,1.8,11.2,6.2,6.0,1.4,1.2,11.4,4.2,4.0,H
7456,2020-01-22,2019-20,Tottenham,Norwich,0.8,1.0,13.6,5.2,5.0,0.8,1.6,12.0,4.0,5.0,H
7457,2020-01-22,2019-20,Man United,Burnley,2.0,1.0,13.6,5.8,9.0,0.6,1.8,9.8,1.8,3.0,A
7458,2020-01-23,2019-20,Wolves,Liverpool,1.6,1.6,12.6,4.4,7.0,2.0,0.0,14.6,5.6,15.0,A
7459,2020-01-29,2019-20,West Ham,Liverpool,1.4,1.6,10.6,4.2,4.0,1.6,0.2,14.2,5.6,15.0,A
7460,2020-02-01,2019-20,Man United,Wolves,1.2,1.2,14.0,5.2,6.0,1.2,1.6,10.6,3.4,4.0,D
7461,2020-02-01,2019-20,West Ham,Brighton,1.2,1.6,9.2,4.2,4.0,1.0,1.2,14.4,4.6,5.0,D
7462,2020-02-01,2019-20,Watford,Everton,1.8,0.6,14.0,3.8,10.0,1.4,1.2,14.2,5.6,8.0,A
7463,2020-02-01,2019-20,Newcastle,Norwich,1.0,1.6,9.0,2.4,5.0,1.0,1.8,11.2,3.2,5.0,D
7464,2020-02-01,2019-20,Crystal Palace,Sheffield United,1.0,1.4,6.8,2.2,4.0,0.4,1.2,8.0,2.0,4.0,A
7465,2020-02-01,2019-20,Bournemouth,Aston Villa,0.6,2.2,8.0,2.2,3.0,1.2,2.4,10.6,3.4,7.0,H
7466,2020-02-01,2019-20,Leicester,Chelsea,2.2,1.2,14.4,7.8,9.0,1.6,1.0,17.0,5.8,8.0,D
7467,2020-02-01,2019-20,Liverpool,Southampton,1.8,0.2,14.8,6.0,15.0,1.6,1.0,13.6,5.8,10.0,H
7468,2020-02-02,2019-20,Burnley,Arsenal,1.0,1.6,9.6,2.2,6.0,1.4,1.2,7.4,3.2,6.0,D
7469,2020-02-02,2019-20,Tottenham,Man City,0.8,1.0,14.2,4.8,5.0,2.6,0.8,19.4,6.8,13.0,H
7470,2020-02-08,2019-20,Everton,Crystal Palace,1.6,1.4,12.2,4.8,8.0,0.8,1.4,8.4,2.4,3.0,H
7471,2020-02-08,2019-20,Brighton,Watford,1.2,1.8,15.0,4.6,3.0,1.6,1.2,12.2,3.0,7.0,D
7472,2020-02-09,2019-20,Sheffield United,Bournemouth,0.6,0.8,8.4,2.6,7.0,1.0,2.0,9.2,3.0,6.0,H
7473,2020-02-14,2019-20,Wolves,Leicester,1.2,1.4,11.4,3.6,5.0,2.2,1.4,14.6,7.0,7.0,D
7474,2020-02-15,2019-20,Southampton,Burnley,1.4,1.6,14.2,5.6,9.0,1.0,1.2,11.0,2.4,7.0,A
7475,2020-02-15,2019-20,Norwich,Liverpool,0.6,1.4,14.0,3.6,5.0,2.2,0.2,14.2,6.4,15.0,A
7476,2020-02-16,2019-20,Aston Villa,Tottenham,1.4,2.2,12.0,4.0,7.0,0.8,0.6,11.8,4.0,7.0,A
7477,2020-02-16,2019-20,Arsenal,Newcastle,1.2,0.8,8.6,3.2,7.0,0.8,1.2,8.0,2.4,6.0,H
7478,2020-02-17,2019-20,Chelsea,Man United,1.6,1.2,15.8,5.6,6.0,0.8,1.2,14.2,5.2,4.0,A
7479,2020-02-19,2019-20,Man City,West Ham,2.2,1.2,19.8,7.0,10.0,1.0,2.2,8.8,4.0,2.0,H
7480,2020-02-22,2019-20,Leicester,Man City,1.6,1.4,13.0,5.6,5.0,2.2,1.0,20.6,7.0,10.0,A
7481,2020-02-22,2019-20,Sheffield United,Brighton,1.0,0.6,11.0,3.4,10.0,1.2,1.8,13.8,4.0,3.0,D
7482,2020-02-22,2019-20,Southampton,Aston Villa,1.4,2.0,13.8,5.4,6.0,1.4,2.6,13.4,3.6,4.0,H
7483,2020-02-22,2019-20,Burnley,Bournemouth,1.2,1.0,8.8,3.4,10.0,1.2,1.6,10.6,3.0,6.0,H
7484,2020-02-22,2019-20,Crystal Palace,Newcastle,0.8,1.8,8.0,2.2,2.0,0.8,1.4,9.0,2.4,6.0,H
7485,2020-02-22,2019-20,Chelsea,Tottenham,1.4,1.4,16.0,4.8,5.0,1.4,0.8,14.2,5.0,10.0,H
7486,2020-02-23,2019-20,Man United,Watford,1.2,0.8,14.0,5.0,7.0,1.4,1.2,11.4,2.8,5.0,H
7487,2020-02-23,2019-20,Wolves,Norwich,1.0,1.0,11.2,3.4,6.0,0.4,1.4,12.0,3.0,4.0,H
7488,2020-02-23,2019-20,Arsenal,Everton,1.6,0.8,9.6,3.8,7.0,2.0,1.2,13.6,6.0,11.0,H
7489,2020-02-24,2019-20,Liverpool,West Ham,2.2,0.2,15.0,6.2,15.0,1.0,2.4,8.0,3.6,2.0,H
7490,2020-02-28,2019-20,Norwich,Leicester,0.4,1.2,11.6,3.2,4.0,1.4,1.2,14.0,5.2,5.0,H
7491,2020-02-29,2019-20,Watford,Liverpool,0.8,1.8,9.2,2.0,2.0,2.4,0.6,16.8,6.6,15.0,H
7492,2020-02-29,2019-20,West Ham,Southampton,1.2,2.8,7.0,3.2,1.0,1.4,1.8,16.2,5.2,6.0,H
7493,2020-02-29,2019-20,Brighton,Crystal Palace,1.4,1.8,13.6,4.0,4.0,0.8,1.6,10.4,3.4,4.0,A
7494,2020-02-29,2019-20,Bournemouth,Chelsea,1.2,1.6,11.0,3.6,6.0,1.2,1.6,15.8,4.6,5.0,D
7495,2020-02-29,2019-20,Newcastle,Burnley,0.6,1.4,9.6,2.6,5.0,1.8,0.4,10.6,5.0,13.0,D
7496,2020-03-01,2019-20,Everton,Man United,2.2,1.8,14.2,5.8,8.0,1.0,0.8,15.6,5.6,7.0,D
7497,2020-03-01,2019-20,Tottenham,Wolves,1.6,1.0,12.4,4.8,10.0,1.4,0.8,13.2,3.8,8.0,A
7498,2020-03-07,2019-20,Southampton,Newcastle,1.2,1.8,16.0,4.6,6.0,0.4,1.4,12.4,3.0,3.0,A
7499,2020-03-07,2019-20,Burnley,Tottenham,1.4,0.2,10.6,4.2,11.0,2.0,1.6,11.6,4.8,9.0,D
7500,2020-03-07,2019-20,Sheffield United,Norwich,1.0,0.8,11.2,3.4,8.0,0.4,1.2,10.6,3.4,4.0,H
7501,2020-03-07,2019-20,Wolves,Brighton,1.4,0.8,14.4,3.8,8.0,1.2,1.8,16.4,5.2,3.0,D
7502,2020-03-07,2019-20,Arsenal,West Ham,2.0,1.0,10.0,3.8,9.0,1.6,2.2,8.6,4.2,4.0,H
7503,2020-03-07,2019-20,Liverpool,Bournemouth,2.0,1.0,15.6,5.6,12.0,1.6,1.8,11.6,4.0,7.0,H
7504,2020-03-07,2019-20,Crystal Palace,Watford,0.6,1.2,11.8,3.4,6.0,1.4,1.8,9.0,2.6,4.0,H
7505,2020-03-08,2019-20,Chelsea,Everton,1.6,1.8,16.6,5.0,6.0,2.2,1.8,15.2,6.2,8.0,H
7506,2020-03-08,2019-20,Man United,Man City,1.2,0.6,16.6,5.8,8.0,1.2,0.8,19.8,6.0,10.0,H
7507,2020-03-09,2019-20,Leicester,Aston Villa,1.2,1.0,14.2,4.4,5.0,1.2,1.8,12.8,3.6,4.0,H
7508,2020-06-17,2019-20,Aston Villa,Sheffield United,1.0,2.4,12.0,3.2,3.0,1.0,0.6,10.8,3.4,10.0,D
7509,2020-06-17,2019-20,Man City,Arsenal,0.8,0.8,16.2,5.2,9.0,2.0,0.8,9.6,3.4,11.0,H
7510,2020-06-19,2019-20,Norwich,Southampton,0.2,1.0,10.6,4.0,4.0,0.8,2.0,14.2,4.0,3.0,A
7511,2020-06-19,2019-20,Tottenham,Man United,1.8,1.6,11.4,4.6,7.0,1.6,0.2,14.2,5.6,11.0,D
7512,2020-06-20,2019-20,Bournemouth,Crystal Palace,1.2,2.0,10.6,4.2,4.0,0.8,0.8,12.6,4.0,9.0,A
7513,2020-06-20,2019-20,West Ham,Wolves,1.6,2.0,10.0,4.6,4.0,1.2,0.4,14.6,3.4,9.0,A
7514,2020-06-20,2019-20,Watford,Leicester,1.2,1.6,9.4,3.0,4.0,1.2,0.8,13.4,4.2,5.0,D
7515,2020-06-20,2019-20,Brighton,Arsenal,1.0,1.2,13.6,3.8,4.0,1.6,1.0,9.8,3.0,10.0,H
7516,2020-06-21,2019-20,Newcastle,Sheffield United,0.2,1.0,13.6,4.0,5.0,1.0,0.4,11.0,3.4,11.0,H
7517,2020-06-21,2019-20,Aston Villa,Chelsea,0.6,2.2,11.6,3.4,1.0,2.0,1.4,16.2,5.6,8.0,A
7518,2020-06-21,2019-20,Everton,Liverpool,1.8,2.2,12.4,4.8,7.0,2.0,1.2,15.8,5.8,12.0,D
7519,2020-06-22,2019-20,Man City,Burnley,1.2,0.8,16.6,6.6,9.0,1.2,0.4,13.8,5.4,9.0,H
7520,2020-06-23,2019-20,Leicester,Brighton,1.0,0.6,13.6,3.8,5.0,0.8,0.8,11.6,3.6,6.0,D
7521,2020-06-23,2019-20,Tottenham,West Ham,1.6,1.8,12.8,4.6,5.0,1.0,1.8,9.0,3.8,3.0,H
7522,2020-06-24,2019-20,Liverpool,Crystal Palace,1.2,1.2,14.6,4.6,10.0,1.2,0.6,11.4,3.8,12.0,H
7523,2020-06-24,2019-20,Wolves,Bournemouth,1.6,0.4,13.8,4.0,11.0,0.8,2.2,9.8,3.2,1.0,H
7524,2020-06-24,2019-20,Man United,Sheffield United,1.8,0.4,13.6,5.8,11.0,0.8,1.0,10.4,3.0,8.0,H
7525,2020-06-24,2019-20,Newcastle,Aston Villa,0.8,1.0,13.0,4.6,7.0,0.6,2.2,9.6,3.2,1.0,D
7526,2020-06-24,2019-20,Norwich,Everton,0.2,1.6,8.6,3.4,3.0,1.2,1.8,11.8,4.4,5.0,A
7527,2020-06-25,2019-20,Burnley,Watford,1.2,1.4,11.0,5.0,8.0,1.0,1.2,8.8,3.4,5.0,H
7528,2020-06-25,2019-20,Southampton,Arsenal,1.4,1.2,15.2,5.0,6.0,1.8,1.4,9.8,3.8,9.0,A
7529,2020-06-25,2019-20,Chelsea,Man City,2.0,1.2,18.6,6.0,10.0,2.2,0.4,16.8,7.0,12.0,H
7530,2020-06-27,2019-20,Aston Villa,Wolves,0.4,1.8,8.8,2.8,2.0,1.8,0.4,12.8,3.8,13.0,A
7531,2020-06-28,2019-20,Watford,Southampton,0.8,1.2,9.8,3.8,4.0,1.2,1.2,15.6,5.2,6.0,A
7532,2020-06-29,2019-20,Crystal Palace,Burnley,1.0,0.8,10.0,3.4,12.0,1.0,1.2,11.0,4.8,8.0,A
7533,2020-06-30,2019-20,Brighton,Man United,0.6,0.6,11.6,3.6,6.0,2.0,0.4,14.8,6.4,11.0,A
7534,2020-07-01,2019-20,Arsenal,Norwich,1.4,1.4,8.8,3.4,9.0,0.2,1.6,9.4,3.4,3.0,H
7535,2020-07-01,2019-20,Bournemouth,Newcastle,0.6,2.0,8.6,2.8,1.0,1.0,0.4,13.6,4.8,8.0,A
7536,2020-07-01,2019-20,Everton,Leicester,0.8,1.6,11.4,3.8,5.0,1.0,0.6,14.0,3.6,5.0,H
7537,2020-07-01,2019-20,West Ham,Chelsea,1.0,1.8,10.4,4.2,3.0,2.4,1.0,18.2,7.8,13.0,H
7538,2020-07-02,2019-20,Sheffield United,Tottenham,0.4,1.4,8.0,2.0,5.0,1.4,1.4,11.2,3.4,5.0,H
7539,2020-07-02,2019-20,Man City,Liverpool,2.0,0.8,15.0,6.0,9.0,1.8,1.2,15.4,4.8,10.0,H
7540,2020-07-04,2019-20,Chelsea,Watford,2.4,1.4,18.2,7.6,10.0,1.0,1.2,10.0,3.4,4.0,H
7541,2020-07-04,2019-20,Man United,Bournemouth,2.0,0.4,13.0,5.8,11.0,0.8,2.2,8.6,2.2,1.0,H
7542,2020-07-04,2019-20,Wolves,Arsenal,1.4,0.4,10.8,3.0,13.0,1.6,1.0,9.6,4.2,9.0,A
7543,2020-07-04,2019-20,Norwich,Brighton,0.2,1.8,9.8,3.0,3.0,0.4,1.0,11.6,3.6,5.0,A
7544,2020-07-04,2019-20,Leicester,Crystal Palace,1.2,0.8,15.0,3.6,5.0,0.8,1.0,9.8,2.4,9.0,H
7545,2020-07-05,2019-20,Burnley,Sheffield United,0.6,1.2,9.4,3.6,8.0,0.8,1.4,6.6,2.4,7.0,D
7546,2020-07-05,2019-20,Newcastle,West Ham,1.8,0.4,14.4,5.8,11.0,1.2,1.6,11.0,4.2,6.0,D
7547,2020-07-05,2019-20,Liverpool,Aston Villa,1.2,1.6,12.6,4.0,7.0,0.4,1.6,10.2,2.8,2.0,H
7548,2020-07-05,2019-20,Southampton,Man City,1.4,1.4,12.2,4.8,6.0,2.6,0.8,14.2,5.8,9.0,H
7549,2020-07-06,2019-20,Tottenham,Everton,1.4,1.6,12.0,3.2,5.0,0.8,1.2,9.4,3.2,8.0,H
7550,2020-07-07,2019-20,Watford,Norwich,0.4,1.8,8.6,3.0,1.0,0.0,2.0,10.0,2.0,0.0,H
7551,2020-07-07,2019-20,Arsenal,Leicester,1.8,1.0,9.4,4.8,9.0,1.8,0.6,14.2,3.6,8.0,D
7552,2020-07-07,2019-20,Crystal Palace,Chelsea,0.6,1.6,8.8,2.0,6.0,2.6,1.0,17.8,8.2,12.0,A
7553,2020-07-08,2019-20,Man City,Newcastle,2.6,0.6,18.0,6.6,9.0,2.2,0.8,12.4,5.8,11.0,H
7554,2020-07-08,2019-20,Sheffield United,Wolves,0.8,1.6,6.6,2.2,5.0,0.8,0.4,10.0,2.4,10.0,H
7555,2020-07-08,2019-20,West Ham,Burnley,1.0,1.8,11.6,4.2,4.0,0.8,1.4,9.6,4.2,8.0,A
7556,2020-07-08,2019-20,Brighton,Liverpool,0.6,0.8,8.4,2.4,8.0,1.6,1.0,12.4,4.6,10.0,A
7557,2020-07-09,2019-20,Bournemouth,Tottenham,0.8,2.8,8.2,1.8,0.0,1.2,1.0,11.8,2.6,8.0,D
7558,2020-07-09,2019-20,Everton,Southampton,0.6,1.2,8.4,2.8,7.0,1.4,0.8,11.8,5.2,9.0,D
7559,2020-07-09,2019-20,Aston Villa,Man United,0.4,1.2,11.2,3.2,2.0,2.8,0.6,14.0,6.8,13.0,A
7560,2020-07-11,2019-20,Brighton,Man City,0.8,1.4,9.4,2.6,7.0,3.0,0.6,18.6,6.0,9.0,A
7561,2020-07-11,2019-20,Sheffield United,Chelsea,1.0,1.6,7.0,2.6,7.0,2.4,1.4,17.2,7.2,12.0,H
7562,2020-07-11,2019-20,Norwich,West Ham,0.2,2.2,10.0,1.6,0.0,1.0,1.8,13.0,4.0,4.0,A
7563,2020-07-11,2019-20,Watford,Newcastle,0.8,1.8,8.4,3.0,4.0,2.0,1.8,10.8,4.6,8.0,H
7564,2020-07-11,2019-20,Liverpool,Burnley,1.8,1.0,13.4,5.0,10.0,0.8,1.2,7.0,3.4,10.0,D
7565,2020-07-12,2019-20,Wolves,Everton,0.8,0.6,9.0,2.4,9.0,0.8,0.6,10.0,3.4,8.0,H
7566,2020-07-12,2019-20,Aston Villa,Crystal Palace,0.4,1.8,10.2,2.2,1.0,0.8,2.2,9.4,2.2,3.0,H
7567,2020-07-12,2019-20,Tottenham,Arsenal,1.0,0.8,11.0,2.2,8.0,2.0,0.6,11.0,6.2,10.0,H
7568,2020-07-12,2019-20,Bournemouth,Leicester,0.6,2.4,8.8,1.4,1.0,1.2,0.8,13.8,3.2,6.0,H
7569,2020-07-13,2019-20,Man United,Southampton,3.0,0.6,14.4,6.8,13.0,1.6,0.8,14.0,5.4,10.0,D
7570,2020-07-14,2019-20,Chelsea,Norwich,2.0,1.8,16.4,7.0,9.0,0.2,2.4,10.4,1.8,0.0,H
7571,2020-07-15,2019-20,Burnley,Wolves,1.0,0.4,8.0,3.8,11.0,1.0,0.6,9.8,2.6,9.0,D
7572,2020-07-15,2019-20,Man City,Bournemouth,3.0,0.6,20.0,6.2,9.0,1.4,2.2,8.4,2.0,4.0,H
7573,2020-07-15,2019-20,Newcastle,Tottenham,1.6,2.2,10.0,3.8,5.0,1.2,0.8,12.0,3.4,10.0,A
7574,2020-07-15,2019-20,Arsenal,Liverpool,2.0,0.6,11.0,5.8,10.0,2.0,1.2,16.0,6.2,10.0,H
7575,2020-07-16,2019-20,Everton,Aston Villa,0.8,1.2,9.4,3.2,7.0,0.6,1.4,11.0,3.2,4.0,D
7576,2020-07-16,2019-20,Leicester,Sheffield United,1.2,1.4,13.4,3.8,5.0,1.6,1.0,7.4,3.2,10.0,H
7577,2020-07-16,2019-20,Crystal Palace,Man United,0.4,2.6,9.8,2.8,0.0,3.2,0.8,13.6,6.4,13.0,A
7578,2020-07-16,2019-20,Southampton,Brighton,1.4,1.2,11.4,4.6,8.0,0.4,2.2,8.2,1.6,4.0,D
7579,2020-07-17,2019-20,West Ham,Watford,1.8,1.4,15.4,5.0,7.0,1.0,1.8,10.2,3.2,6.0,H
7580,2020-07-18,2019-20,Norwich,Burnley,0.2,2.4,9.0,1.6,0.0,1.0,0.6,8.0,3.0,9.0,A
7581,2020-07-19,2019-20,Tottenham,Leicester,1.4,1.0,10.6,3.6,10.0,1.6,1.4,14.2,4.8,7.0,H
7582,2020-07-19,2019-20,Bournemouth,Southampton,1.6,2.4,10.6,2.6,4.0,1.6,1.0,13.2,5.2,9.0,A
7583,2020-07-20,2019-20,Brighton,Newcastle,0.6,2.4,8.2,1.6,4.0,1.6,2.6,11.8,4.4,4.0,D
7584,2020-07-20,2019-20,Sheffield United,Everton,1.6,0.8,7.6,3.2,10.0,0.8,1.4,8.8,2.4,5.0,A
7585,2020-07-20,2019-20,Wolves,Crystal Palace,1.0,0.8,10.6,3.2,7.0,0.4,2.2,11.8,3.8,0.0,H
7586,2020-07-21,2019-20,Watford,Man City,1.2,2.2,11.0,3.0,6.0,3.2,0.4,19.4,6.6,12.0,A
7587,2020-07-21,2019-20,Aston Villa,Arsenal,0.6,1.4,11.2,3.0,4.0,2.0,0.8,9.6,5.2,10.0,H
7588,2020-07-22,2019-20,Man United,West Ham,3.0,0.8,14.0,6.2,13.0,2.4,1.2,15.4,5.4,10.0,D
7589,2020-07-22,2019-20,Liverpool,Chelsea,1.4,1.6,16.6,6.4,7.0,1.8,1.6,17.8,6.2,9.0,H
7590,2020-07-26,2019-20,West Ham,Aston Villa,2.0,1.0,15.8,5.2,8.0,0.8,1.2,10.6,3.4,7.0,D
7591,2020-07-26,2019-20,Southampton,Sheffield United,1.4,0.8,14.2,5.4,9.0,1.0,0.8,7.8,2.2,7.0,H
7592,2020-07-26,2019-20,Newcastle,Liverpool,0.8,2.4,11.8,3.2,2.0,2.4,1.4,16.4,7.2,10.0,A
7593,2020-07-26,2019-20,Man City,Norwich,3.2,0.4,21.8,7.4,12.0,0.2,2.0,8.6,1.6,0.0,H
7594,2020-07-26,2019-20,Leicester,Man United,1.4,1.6,16.0,5.4,7.0,2.6,1.0,13.8,5.8,11.0,A
7595,2020-07-26,2019-20,Burnley,Brighton,1.2,0.6,11.0,3.8,9.0,0.6,1.8,8.8,1.8,5.0,A
7596,2020-07-26,2019-20,Crystal Palace,Tottenham,0.4,2.4,9.8,3.6,0.0,1.8,0.4,10.2,3.8,13.0,D
7597,2020-07-26,2019-20,Chelsea,Wolves,2.0,2.0,16.4,6.0,9.0,1.2,0.8,11.0,3.8,7.0,H
7598,2020-07-26,2019-20,Arsenal,Watford,1.2,1.0,8.4,3.6,7.0,1.0,2.4,9.8,3.0,6.0,H
7599,2020-07-26,2019-20,Everton,Bournemouth,0.6,1.2,8.4,2.4,5.0,1.4,2.0,10.4,3.0,4.0,A
7600,2020-09-12,2020-21,West Ham,Newcastle,1.8,0.8,14.4,4.0,8.0,0.6,2.6,10.2,2.8,1.0,A
7601,2020-09-12,2020-21,Liverpool,Leeds,2.6,1.6,18.0,7.6,10.0,1.0,3.0,8.8,3.8,1.0,H
7602,2020-09-12,2020-21,Crystal Palace,Southampton,0.6,2.0,11.0,3.8,1.0,1.8,1.0,15.2,5.4,9.0,H
7603,2020-09-12,2020-21,Fulham,Arsenal,0.8,1.0,11.8,3.2,9.0,1.4,1.4,9.4,3.6,7.0,A
7604,2020-09-13,2020-21,West Brom,Leicester,1.0,0.8,9.6,2.8,10.0,0.8,2.0,15.8,5.2,4.0,A
7605,2020-09-13,2020-21,Tottenham,Everton,1.8,0.6,9.2,3.8,11.0,0.8,1.6,8.8,2.8,5.0,A
7606,2020-09-14,2020-21,Brighton,Chelsea,0.8,2.0,10.0,2.2,5.0,1.8,2.0,14.4,4.8,9.0,A
7607,2020-09-14,2020-21,Sheffield United,Wolves,1.0,1.2,6.8,2.2,6.0,1.2,0.8,10.0,3.8,7.0,A
7608,2020-09-19,2020-21,Everton,West Brom,0.8,1.4,9.6,2.8,7.0,0.8,1.4,9.0,2.2,7.0,H
7609,2020-09-19,2020-21,Leeds,Fulham,1.6,2.8,8.6,4.0,1.0,0.4,1.6,10.4,2.6,6.0,H
7610,2020-09-19,2020-21,Man United,Crystal Palace,2.0,0.6,11.4,4.4,11.0,0.4,1.4,9.4,3.6,4.0,A
7611,2020-09-19,2020-21,Arsenal,West Ham,1.8,1.2,9.8,3.4,9.0,1.8,1.0,13.2,3.6,8.0,H
7612,2020-09-20,2020-21,Southampton,Tottenham,1.6,1.0,13.6,5.6,8.0,1.8,0.8,9.2,4.8,10.0,A
7613,2020-09-20,2020-21,Newcastle,Brighton,1.0,1.6,12.0,3.0,4.0,0.8,2.0,10.2,2.4,5.0,A
7614,2020-09-20,2020-21,Chelsea,Liverpool,1.8,1.8,13.6,4.6,9.0,2.8,2.0,18.6,7.2,10.0,A
7615,2020-09-20,2020-21,Leicester,Burnley,1.2,1.8,15.8,5.6,6.0,1.2,0.8,11.8,3.4,8.0,H
7616,2020-09-21,2020-21,Aston Villa,Sheffield United,1.0,1.0,11.4,3.6,8.0,0.8,1.6,7.2,2.0,3.0,H
7617,2020-09-21,2020-21,Wolves,Man City,1.6,0.6,11.0,4.4,10.0,4.2,0.2,22.8,8.2,15.0,A
7618,2020-09-26,2020-21,Burnley,Southampton,1.4,1.6,13.4,3.6,5.0,1.6,1.6,14.6,6.0,7.0,A
7619,2020-09-26,2020-21,West Brom,Chelsea,0.8,2.0,7.6,1.8,6.0,1.8,1.6,11.6,4.4,9.0,D
7620,2020-09-26,2020-21,Brighton,Man United,1.4,1.0,12.2,3.6,8.0,1.6,1.2,11.2,4.0,8.0,A
7621,2020-09-26,2020-21,Crystal Palace,Everton,1.0,1.2,10.4,3.6,7.0,1.8,1.2,11.8,3.8,10.0,A
7622,2020-09-27,2020-21,Sheffield United,Leeds,0.2,1.8,6.2,1.4,0.0,2.2,3.0,7.8,4.2,4.0,A
7623,2020-09-27,2020-21,Tottenham,Newcastle,2.4,1.0,8.0,4.2,10.0,0.8,1.8,11.6,2.2,4.0,D
7624,2020-09-27,2020-21,Man City,Leicester,3.8,0.4,21.0,8.2,15.0,1.8,1.4,16.0,5.8,9.0,A
7625,2020-09-27,2020-21,West Ham,Wolves,1.2,1.4,12.2,2.8,5.0,1.2,1.2,10.2,3.2,7.0,H
7626,2020-09-28,2020-21,Fulham,Aston Villa,0.8,2.4,9.8,2.8,3.0,1.2,0.4,13.2,3.8,11.0,A
7627,2020-09-28,2020-21,Liverpool,Arsenal,3.0,1.8,17.6,6.6,12.0,2.0,1.0,8.6,3.2,12.0,H
7628,2020-10-03,2020-21,Chelsea,Crystal Palace,2.2,2.2,11.6,5.2,7.0,1.2,1.2,9.4,2.8,7.0,H
7629,2020-10-03,2020-21,Everton,Brighton,2.0,1.2,12.0,4.6,12.0,1.6,1.4,13.8,4.2,7.0,H
7630,2020-10-03,2020-21,Leeds,Man City,2.2,2.2,10.0,5.2,7.0,3.2,1.4,19.0,7.6,12.0,D
7631,2020-10-03,2020-21,Newcastle,Burnley,0.8,1.4,8.4,1.2,5.0,1.2,1.6,14.2,3.6,4.0,H
7632,2020-10-04,2020-21,Wolves,Fulham,1.0,1.8,9.6,2.6,6.0,0.6,3.0,11.4,3.0,0.0,H
7633,2020-10-04,2020-21,Arsenal,Sheffield United,1.8,1.4,8.8,3.4,9.0,0.2,1.6,8.0,2.0,0.0,H
7634,2020-10-04,2020-21,Man United,Tottenham,1.8,1.2,11.0,3.8,10.0,2.0,1.0,11.0,5.6,8.0,A
7635,2020-10-04,2020-21,Leicester,West Ham,2.4,1.8,14.4,5.8,9.0,1.4,1.2,13.2,3.4,5.0,A
7636,2020-10-04,2020-21,Southampton,West Brom,1.6,1.4,11.4,5.0,9.0,1.2,2.6,7.6,2.0,4.0,H
7637,2020-10-04,2020-21,Aston Villa,Liverpool,1.4,0.4,13.2,3.0,11.0,3.4,1.6,17.0,6.6,15.0,H
7638,2020-10-17,2020-21,Newcastle,Man United,1.4,1.6,8.0,2.0,7.0,1.6,2.4,8.6,3.2,7.0,A
7639,2020-10-17,2020-21,Man City,Arsenal,3.0,1.4,22.0,7.2,10.0,2.2,1.4,8.6,4.4,12.0,H
7640,2020-10-17,2020-21,Everton,Liverpool,2.6,1.6,13.2,5.4,12.0,2.8,2.4,17.8,6.8,12.0,D
7641,2020-10-17,2020-21,Chelsea,Southampton,2.4,1.2,13.0,5.4,10.0,1.6,1.4,10.8,4.8,9.0,D
7642,2020-10-18,2020-21,Sheffield United,Fulham,0.4,1.8,7.6,2.4,0.0,0.6,3.0,12.2,3.0,0.0,D
7643,2020-10-18,2020-21,Crystal Palace,Brighton,1.2,1.6,8.8,2.2,7.0,2.0,2.2,13.8,4.2,6.0,D
7644,2020-10-18,2020-21,Tottenham,West Ham,2.6,1.2,14.0,6.6,8.0,1.8,1.0,13.6,4.0,7.0,D
7645,2020-10-18,2020-21,Leicester,Aston Villa,2.4,1.8,10.4,4.6,9.0,2.6,0.6,13.8,5.0,13.0,A
7646,2020-10-19,2020-21,West Brom,Burnley,1.0,3.0,6.8,2.2,1.0,1.2,2.0,13.8,4.0,3.0,D
7647,2020-10-19,2020-21,Leeds,Wolves,1.8,1.8,9.8,5.2,7.0,0.8,1.8,10.2,2.6,6.0,A
7648,2020-10-23,2020-21,Aston Villa,Leeds,2.6,0.6,14.2,5.2,13.0,1.8,1.8,11.6,5.6,7.0,A
7649,2020-10-24,2020-21,West Ham,Man City,2.2,1.4,14.2,4.6,7.0,2.4,1.4,19.4,6.2,10.0,D
7650,2020-10-24,2020-21,Fulham,Crystal Palace,0.8,2.4,12.0,3.8,1.0,1.2,1.6,6.4,2.0,7.0,A
7651,2020-10-24,2020-21,Man United,Chelsea,2.2,2.4,12.0,5.2,9.0,2.6,1.8,13.0,5.8,8.0,D
7652,2020-10-24,2020-21,Liverpool,Sheffield United,2.6,2.6,19.4,7.2,10.0,0.4,1.4,8.6,3.0,1.0,H
7653,2020-10-25,2020-21,Southampton,Everton,1.6,1.8,10.8,5.2,7.0,2.8,1.4,12.8,5.4,13.0,H
7654,2020-10-25,2020-21,Wolves,Newcastle,1.0,1.4,10.6,3.0,9.0,1.4,1.8,8.8,2.4,7.0,D
7655,2020-10-25,2020-21,Arsenal,Leicester,1.6,1.2,8.2,4.0,9.0,2.4,1.6,9.8,5.0,9.0,A
7656,2020-10-26,2020-21,Burnley,Tottenham,0.8,2.0,11.0,3.2,1.0,3.0,1.6,14.8,7.4,8.0,A
7657,2020-10-26,2020-21,Brighton,West Brom,1.8,2.2,15.0,4.0,4.0,1.0,2.6,8.0,3.2,2.0,D
7658,2020-10-30,2020-21,Wolves,Crystal Palace,0.8,1.6,11.6,2.8,7.0,1.4,1.8,8.2,3.4,7.0,H
7659,2020-10-31,2020-21,Sheffield United,Man City,0.6,1.4,9.4,3.0,1.0,1.6,1.6,16.0,5.6,8.0,A
7660,2020-10-31,2020-21,Burnley,Chelsea,0.6,1.8,11.0,3.6,1.0,2.0,1.6,12.2,5.0,6.0,A
7661,2020-10-31,2020-21,Liverpool,West Ham,2.2,2.2,18.4,7.0,10.0,2.4,1.2,12.4,4.4,8.0,H
7662,2020-11-01,2020-21,Tottenham,Brighton,3.2,1.4,14.8,7.0,11.0,1.8,1.8,13.4,4.0,5.0,H
7663,2020-11-01,2020-21,Aston Villa,Southampton,2.4,1.0,14.0,5.2,12.0,2.0,1.6,11.4,5.4,10.0,A
7664,2020-11-01,2020-21,Newcastle,Everton,1.2,2.0,6.8,2.4,5.0,2.6,1.8,11.0,5.0,10.0,H
7665,2020-11-01,2020-21,Man United,Arsenal,1.8,2.4,13.4,5.4,7.0,1.0,1.4,8.0,3.6,6.0,A
7666,2020-11-02,2020-21,Fulham,West Brom,1.0,2.2,14.2,4.0,1.0,1.2,2.2,8.4,3.6,3.0,H
7667,2020-11-02,2020-21,Leeds,Leicester,1.8,1.0,15.8,6.8,10.0,2.0,1.6,8.4,4.0,9.0,A
7668,2020-11-06,2020-21,Brighton,Burnley,1.4,2.2,12.0,3.2,2.0,0.2,1.6,8.8,2.6,1.0,D
7669,2020-11-06,2020-21,Southampton,Newcastle,2.4,1.2,10.4,4.8,13.0,1.6,1.6,7.8,3.2,8.0,H
7670,2020-11-07,2020-21,Chelsea,Sheffield United,2.6,1.2,14.0,6.2,9.0,0.6,1.4,9.6,3.0,1.0,H
7671,2020-11-07,2020-21,West Ham,Fulham,2.4,1.2,10.4,4.4,8.0,0.8,1.4,14.0,4.0,4.0,H
7672,2020-11-07,2020-21,Everton,Man United,1.8,1.8,10.6,4.4,7.0,1.6,2.0,12.4,5.0,7.0,A
7673,2020-11-07,2020-21,Crystal Palace,Leeds,0.8,2.0,7.6,2.8,4.0,1.2,1.2,16.0,6.2,7.0,H
7674,2020-11-08,2020-21,Arsenal,Aston Villa,0.8,1.2,8.0,3.4,6.0,2.8,1.8,14.2,6.8,9.0,A
7675,2020-11-08,2020-21,Man City,Liverpool,1.2,1.4,16.4,5.4,8.0,2.2,2.4,16.6,6.8,10.0,D
7676,2020-11-08,2020-21,Leicester,Wolves,2.0,1.4,7.6,4.4,9.0,1.0,1.0,12.6,3.6,10.0,H
7677,2020-11-08,2020-21,West Brom,Tottenham,0.8,1.6,9.2,3.0,3.0,2.6,1.2,14.8,6.4,11.0,A
7678,2020-11-21,2020-21,Newcastle,Chelsea,1.4,1.8,7.4,3.4,7.0,2.8,0.8,13.6,6.0,11.0,A
7679,2020-11-21,2020-21,Aston Villa,Brighton,2.8,1.8,14.8,7.0,9.0,1.0,1.6,12.2,2.8,3.0,A
7680,2020-11-21,2020-21,Tottenham,Man City,2.6,1.0,14.0,5.0,13.0,1.0,0.6,14.6,4.8,9.0,H
7681,2020-11-21,2020-21,Man United,West Brom,1.6,1.8,13.6,5.4,7.0,0.2,1.2,9.8,2.8,2.0,H
7682,2020-11-22,2020-21,Liverpool,Leicester,1.8,2.4,14.4,5.8,8.0,1.2,1.0,8.2,3.6,9.0,H
7683,2020-11-22,2020-21,Leeds,Arsenal,1.2,2.0,14.4,5.0,4.0,0.6,1.2,9.8,3.2,6.0,D
7684,2020-11-22,2020-21,Fulham,Everton,0.8,1.0,13.4,4.0,4.0,1.6,2.2,10.0,3.6,4.0,A
7685,2020-11-22,2020-21,Sheffield United,West Ham,0.8,2.0,8.0,2.8,1.0,1.8,1.2,10.6,4.4,8.0,A
7686,2020-11-23,2020-21,Burnley,Crystal Palace,0.2,1.4,7.6,2.4,2.0,1.4,1.8,8.0,3.8,7.0,H
7687,2020-11-23,2020-21,Wolves,Southampton,1.0,0.4,11.8,3.6,10.0,2.6,1.2,12.4,6.2,13.0,D
7688,2020-11-27,2020-21,Crystal Palace,Newcastle,1.4,1.2,10.2,4.8,7.0,0.8,2.0,7.0,2.6,4.0,A
7689,2020-11-28,2020-21,Brighton,Liverpool,1.0,1.0,11.4,2.8,6.0,2.0,1.0,16.4,6.8,11.0,D
7690,2020-11-28,2020-21,Man City,Burnley,0.8,0.8,14.4,5.4,8.0,0.2,0.8,8.2,2.6,5.0,H
7691,2020-11-28,2020-21,Everton,Leeds,1.4,2.2,9.6,3.8,4.0,1.0,1.8,17.0,4.4,4.0,A
7692,2020-11-28,2020-21,West Brom,Sheffield United,0.2,1.0,10.2,2.8,2.0,0.6,1.8,8.6,3.4,1.0,H
7693,2020-11-29,2020-21,Arsenal,Wolves,0.2,1.0,10.4,2.6,4.0,1.0,0.6,13.0,4.4,8.0,A
7694,2020-11-29,2020-21,Southampton,Man United,2.4,1.4,11.2,5.2,11.0,1.6,0.6,16.0,6.4,10.0,A
7695,2020-11-29,2020-21,Chelsea,Tottenham,2.4,0.8,13.0,5.4,11.0,1.8,0.8,10.4,3.8,13.0,D
7696,2020-11-30,2020-21,Leicester,Fulham,1.2,1.0,9.6,4.4,9.0,1.2,1.4,14.2,4.8,4.0,A
7697,2020-11-30,2020-21,West Ham,Aston Villa,1.4,1.2,10.8,3.8,8.0,1.6,1.8,14.2,5.6,6.0,H
7698,2020-12-05,2020-21,Burnley,Everton,0.2,1.8,8.2,2.0,4.0,1.0,2.0,10.4,4.4,3.0,D
7699,2020-12-05,2020-21,Man City,Fulham,1.6,0.8,15.6,5.6,8.0,1.4,1.4,13.2,4.6,6.0,H
7700,2020-12-05,2020-21,West Ham,Man United,1.2,0.8,9.4,3.4,10.0,1.4,0.8,13.4,4.8,10.0,A
7701,2020-12-05,2020-21,Chelsea,Leeds,1.8,0.2,13.4,5.0,11.0,1.2,1.6,19.0,5.4,7.0,H
7702,2020-12-06,2020-21,West Brom,Crystal Palace,0.4,1.0,11.0,2.8,4.0,1.2,1.4,12.4,5.2,6.0,A
7703,2020-12-06,2020-21,Sheffield United,Leicester,0.4,1.8,10.8,3.2,0.0,1.4,1.2,10.6,4.0,9.0,A
7704,2020-12-06,2020-21,Tottenham,Arsenal,1.2,0.2,9.2,2.8,13.0,0.4,1.2,10.8,2.4,4.0,H
7705,2020-12-06,2020-21,Liverpool,Wolves,1.8,0.8,13.2,5.6,11.0,1.2,0.8,13.8,4.8,8.0,H
7706,2020-12-07,2020-21,Brighton,Southampton,1.0,1.0,9.6,2.8,6.0,2.2,1.4,10.6,5.0,10.0,A
7707,2020-12-11,2020-21,Leeds,West Ham,0.8,2.2,15.2,4.2,4.0,1.2,1.2,12.0,4.2,9.0,A
7708,2020-12-12,2020-21,Newcastle,West Brom,1.0,1.2,8.4,3.2,7.0,0.4,1.8,11.0,3.0,3.0,H
7709,2020-12-12,2020-21,Man United,Man City,2.0,1.0,13.6,5.2,12.0,1.8,0.6,16.0,5.4,10.0,D
7710,2020-12-12,2020-21,Wolves,Aston Villa,1.0,1.4,12.4,4.8,7.0,1.6,2.2,15.4,6.0,3.0,A
7711,2020-12-12,2020-21,Everton,Chelsea,1.2,1.8,11.8,5.2,4.0,2.4,0.4,16.8,7.0,13.0,H
7712,2020-12-13,2020-21,Leicester,Brighton,1.6,1.4,12.0,4.4,9.0,1.0,1.2,11.0,3.0,5.0,H
7713,2020-12-13,2020-21,Fulham,Liverpool,1.2,1.4,11.2,4.2,6.0,2.2,0.6,12.0,5.8,11.0,D
7714,2020-12-13,2020-21,Arsenal,Burnley,0.4,1.4,10.6,2.0,4.0,0.4,1.8,7.2,1.8,5.0,A
7715,2020-12-13,2020-21,Crystal Palace,Tottenham,1.8,1.4,13.2,4.4,6.0,1.4,0.2,8.6,2.8,13.0,D
7716,2020-12-13,2020-21,Southampton,Sheffield United,2.2,1.6,10.2,4.4,10.0,0.4,1.8,9.0,3.0,0.0,H
7717,2020-12-15,2020-21,Wolves,Chelsea,0.6,1.6,12.6,5.2,4.0,1.8,0.6,16.0,5.8,10.0,H
7718,2020-12-15,2020-21,Man City,West Brom,1.6,0.6,14.6,4.2,8.0,0.6,1.8,11.6,3.4,3.0,D
7719,2020-12-16,2020-21,West Ham,Crystal Palace,1.4,1.0,15.0,5.2,12.0,2.0,1.2,14.2,5.0,7.0,D
7720,2020-12-16,2020-21,Fulham,Brighton,1.0,1.6,10.6,4.0,4.0,0.8,1.4,12.2,3.4,5.0,D
7721,2020-12-16,2020-21,Liverpool,Tottenham,2.0,0.6,12.6,6.0,9.0,1.2,0.2,9.6,3.4,11.0,H
7722,2020-12-16,2020-21,Leeds,Newcastle,0.8,1.8,15.6,4.8,4.0,1.2,1.2,9.8,4.2,9.0,H
7723,2020-12-16,2020-21,Arsenal,Southampton,0.2,1.6,12.8,2.8,1.0,2.0,1.0,11.6,4.8,10.0,D
7724,2020-12-16,2020-21,Leicester,Everton,1.4,1.2,13.0,4.0,9.0,1.2,1.4,10.6,5.2,7.0,A
7725,2020-12-17,2020-21,Aston Villa,Burnley,1.8,1.6,15.6,5.6,6.0,0.6,1.2,8.2,2.2,8.0,D
7726,2020-12-17,2020-21,Sheffield United,Man United,0.4,2.2,8.6,2.8,0.0,2.0,0.8,14.2,5.2,13.0,A
7727,2020-12-19,2020-21,Crystal Palace,Liverpool,1.4,1.2,13.8,4.2,5.0,2.2,0.6,14.0,7.6,11.0,A
7728,2020-12-19,2020-21,Southampton,Man City,1.8,1.2,11.2,3.8,8.0,1.6,0.6,18.4,5.2,8.0,A
7729,2020-12-19,2020-21,Everton,Arsenal,1.4,0.8,11.4,6.2,10.0,0.4,1.2,12.0,3.2,2.0,H
7730,2020-12-19,2020-21,Newcastle,Fulham,1.2,2.0,9.6,4.2,6.0,1.0,1.4,9.8,4.2,5.0,D
7731,2020-12-20,2020-21,West Brom,Aston Villa,0.8,1.8,10.2,3.2,4.0,1.2,0.8,17.2,5.0,7.0,A
7732,2020-12-20,2020-21,Man United,Leeds,2.0,1.0,14.4,5.8,13.0,1.6,1.4,18.8,6.2,7.0,H
7733,2020-12-20,2020-21,Tottenham,Leicester,1.2,0.6,7.4,2.8,8.0,1.2,1.6,13.8,3.8,6.0,A
7734,2020-12-20,2020-21,Brighton,Sheffield United,0.8,1.4,10.2,3.6,5.0,0.6,2.0,9.8,3.4,0.0,D
7735,2020-12-21,2020-21,Burnley,Wolves,0.6,1.2,8.6,2.8,8.0,1.0,1.6,13.6,5.6,7.0,H
7736,2020-12-21,2020-21,Chelsea,West Ham,1.2,0.8,14.6,4.6,7.0,1.4,1.2,13.6,4.2,10.0,H
7737,2020-12-26,2020-21,Man City,Newcastle,1.8,0.2,16.2,5.2,11.0,1.4,1.8,11.2,4.8,7.0,H
7738,2020-12-26,2020-21,Arsenal,Chelsea,0.6,1.6,12.8,3.2,1.0,1.4,0.8,14.0,5.4,7.0,H
7739,2020-12-26,2020-21,Sheffield United,Everton,0.8,2.0,9.0,3.0,1.0,1.2,0.6,11.4,5.2,10.0,A
7740,2020-12-26,2020-21,Aston Villa,Crystal Palace,1.2,0.8,18.0,5.8,7.0,1.4,2.4,11.8,3.8,5.0,H
7741,2020-12-26,2020-21,Leicester,Man United,1.6,1.0,15.0,3.8,9.0,3.0,1.4,16.2,7.2,13.0,D
7742,2020-12-26,2020-21,Fulham,Southampton,0.8,1.0,9.2,3.8,6.0,1.6,1.2,11.6,4.0,7.0,D
7743,2020-12-27,2020-21,Leeds,Burnley,2.0,2.6,17.2,6.0,6.0,0.8,1.4,8.6,2.8,8.0,H
7744,2020-12-27,2020-21,West Ham,Brighton,1.2,1.8,11.8,3.6,7.0,0.6,1.4,13.0,4.0,3.0,D
7745,2020-12-27,2020-21,Liverpool,West Brom,3.0,0.6,12.0,6.6,11.0,0.8,2.2,9.0,3.0,4.0,D
7746,2020-12-27,2020-21,Wolves,Tottenham,1.0,1.8,12.6,4.4,6.0,0.8,1.0,8.2,3.0,5.0,D
7747,2020-12-28,2020-21,Crystal Palace,Leicester,1.4,2.6,12.0,4.4,5.0,1.8,1.0,13.8,3.6,10.0,D
7748,2020-12-28,2020-21,Chelsea,Aston Villa,1.6,1.4,15.2,5.4,6.0,1.6,0.4,19.2,7.0,10.0,D
7749,2020-12-29,2020-21,Man United,Wolves,2.8,1.4,15.0,6.8,11.0,0.8,1.8,12.6,4.6,4.0,H
7750,2020-12-29,2020-21,Southampton,West Ham,1.2,0.6,10.2,3.4,8.0,1.2,2.0,12.8,4.0,5.0,D
7751,2020-12-29,2020-21,West Brom,Leeds,0.8,2.4,6.6,2.4,2.0,2.0,2.6,14.8,5.4,6.0,A
7752,2020-12-29,2020-21,Brighton,Arsenal,0.8,1.6,13.4,4.2,3.0,1.0,1.4,13.2,4.2,4.0,A
7753,2020-12-29,2020-21,Burnley,Sheffield United,0.8,0.6,9.6,3.8,8.0,0.8,2.0,6.8,2.4,1.0,H
7754,2020-12-30,2020-21,Newcastle,Liverpool,1.4,1.8,11.0,5.0,7.0,3.0,0.6,14.2,6.6,11.0,D
7755,2021-01-01,2020-21,Everton,West Ham,1.4,0.4,9.8,4.2,13.0,1.0,1.4,10.6,3.4,6.0,A
7756,2021-01-01,2020-21,Man United,Aston Villa,2.4,1.2,14.2,6.2,11.0,1.6,0.2,18.0,6.2,11.0,H
7757,2021-01-02,2020-21,West Brom,Arsenal,0.6,2.4,5.6,1.8,2.0,1.2,1.0,13.2,4.4,7.0,A
7758,2021-01-02,2020-21,Tottenham,Leeds,1.0,1.2,8.4,3.4,5.0,2.8,2.0,16.0,6.0,9.0,H
7759,2021-01-02,2020-21,Crystal Palace,Sheffield United,0.6,2.6,9.2,3.4,3.0,0.6,1.8,7.4,2.8,1.0,H
7760,2021-01-02,2020-21,Brighton,Wolves,0.6,1.4,13.6,3.8,3.0,0.8,1.2,12.6,5.0,4.0,D
7761,2021-01-03,2020-21,Chelsea,Man City,1.2,1.4,13.8,4.2,4.0,1.2,0.2,14.6,5.2,11.0,A
7762,2021-01-03,2020-21,Newcastle,Leicester,1.0,1.8,9.8,4.0,5.0,1.6,1.0,14.6,3.4,8.0,A
7763,2021-01-04,2020-21,Southampton,Liverpool,0.8,0.4,9.8,3.4,6.0,2.2,0.6,14.2,6.2,9.0,H
7764,2021-01-12,2020-21,Sheffield United,Newcastle,0.6,1.6,8.2,3.2,1.0,0.8,2.0,9.0,3.0,2.0,H
7765,2021-01-12,2020-21,Burnley,Man United,0.8,0.4,9.0,3.8,10.0,2.8,1.4,15.8,7.6,13.0,A
7766,2021-01-12,2020-21,Wolves,Everton,1.4,1.6,11.6,4.4,5.0,1.2,0.4,9.2,3.4,12.0,A
7767,2021-01-13,2020-21,Tottenham,Fulham,1.2,1.2,11.2,4.2,5.0,0.4,0.8,9.2,3.0,4.0,D
7768,2021-01-13,2020-21,Man City,Brighton,1.4,0.4,15.0,5.2,11.0,1.2,1.4,13.8,3.8,4.0,H
7769,2021-01-14,2020-21,Arsenal,Crystal Palace,2.0,0.8,13.8,5.6,10.0,0.8,2.4,7.8,3.2,5.0,D
7770,2021-01-16,2020-21,Leeds,Brighton,2.6,2.2,17.0,5.6,9.0,1.2,1.6,13.0,3.2,3.0,A
7771,2021-01-16,2020-21,Leicester,Southampton,1.4,1.2,13.4,2.8,8.0,0.4,0.4,8.0,2.8,6.0,H
7772,2021-01-16,2020-21,Fulham,Chelsea,0.6,0.6,11.0,3.6,5.0,1.4,1.8,13.6,4.0,4.0,A
7773,2021-01-16,2020-21,Wolves,West Brom,1.2,1.8,11.6,4.2,2.0,0.4,2.8,4.4,1.8,2.0,A
7774,2021-01-16,2020-21,West Ham,Burnley,0.8,1.2,9.0,2.8,6.0,0.6,0.6,9.2,3.4,7.0,H
7775,2021-01-17,2020-21,Sheffield United,Tottenham,0.4,1.0,9.2,2.8,4.0,1.2,1.2,11.4,4.2,5.0,A
7776,2021-01-17,2020-21,Liverpool,Man United,2.0,0.6,15.2,5.2,8.0,2.4,1.0,15.6,7.4,13.0,D
7777,2021-01-17,2020-21,Man City,Crystal Palace,1.6,0.4,16.4,6.0,13.0,0.6,2.2,8.6,3.2,5.0,H
7778,2021-01-18,2020-21,Arsenal,Newcastle,1.8,0.6,14.2,5.6,10.0,0.4,1.2,8.4,2.8,2.0,H
7779,2021-01-19,2020-21,West Ham,West Brom,0.8,1.0,10.2,3.2,8.0,0.8,3.0,5.8,2.6,4.0,H
7780,2021-01-19,2020-21,Leicester,Chelsea,1.8,0.8,13.8,3.4,11.0,1.4,1.4,15.2,4.6,7.0,H
7781,2021-01-20,2020-21,Man City,Aston Villa,2.2,0.2,13.8,5.8,15.0,1.6,0.6,16.4,6.8,8.0,H
7782,2021-01-20,2020-21,Fulham,Man United,0.4,0.6,11.0,3.2,4.0,1.2,0.6,12.0,5.4,11.0,A
7783,2021-01-21,2020-21,Liverpool,Burnley,1.6,0.4,15.2,3.6,6.0,0.6,0.8,10.0,3.0,6.0,A
7784,2021-01-23,2020-21,Aston Villa,Newcastle,1.6,1.0,13.2,6.2,7.0,0.2,1.6,6.8,2.0,1.0,H
7785,2021-01-26,2020-21,Southampton,Arsenal,0.2,0.6,7.0,2.8,5.0,2.2,0.2,15.6,6.4,13.0,A
7786,2021-01-26,2020-21,Crystal Palace,West Ham,0.6,1.6,8.0,2.6,5.0,1.2,0.6,11.8,4.4,11.0,A
7787,2021-01-26,2020-21,Newcastle,Leeds,0.2,1.6,6.8,1.8,1.0,1.6,2.0,13.4,4.0,6.0,A
7788,2021-01-26,2020-21,West Brom,Man City,1.0,2.8,6.8,2.8,4.0,2.4,0.2,17.2,6.6,15.0,A
7789,2021-01-27,2020-21,Man United,Sheffield United,1.2,0.4,13.2,5.6,13.0,0.4,1.4,11.2,3.2,3.0,A
7790,2021-01-27,2020-21,Everton,Leicester,1.4,0.6,8.4,3.2,12.0,1.8,0.8,12.0,3.8,11.0,D
7791,2021-01-27,2020-21,Chelsea,Wolves,0.8,1.8,14.8,4.2,4.0,1.4,2.0,13.2,4.8,2.0,D
7792,2021-01-27,2020-21,Brighton,Fulham,1.2,1.4,10.2,2.6,5.0,0.6,1.0,11.6,3.4,3.0,D
7793,2021-01-27,2020-21,Burnley,Aston Villa,0.4,0.6,9.2,3.0,6.0,1.4,1.0,12.2,5.2,7.0,H
7794,2021-01-28,2020-21,Tottenham,Liverpool,1.6,1.0,12.6,4.8,8.0,0.2,0.6,17.8,3.2,3.0,A
7795,2021-01-30,2020-21,Everton,Newcastle,1.2,0.8,7.8,2.4,10.0,0.4,2.0,9.6,2.4,0.0,A
7796,2021-01-30,2020-21,Crystal Palace,Wolves,1.0,1.6,6.6,2.0,5.0,1.2,1.8,11.8,3.6,2.0,H
7797,2021-01-30,2020-21,Man City,Sheffield United,3.0,0.2,18.6,6.8,15.0,0.8,1.4,10.2,3.4,6.0,H
7798,2021-01-30,2020-21,West Brom,Fulham,0.8,3.6,6.6,2.4,3.0,0.4,0.8,11.4,3.2,3.0,D
7799,2021-01-30,2020-21,Arsenal,Man United,2.2,0.2,14.4,6.0,13.0,1.2,0.8,14.2,5.8,10.0,D
7800,2021-01-30,2020-21,Southampton,Aston Villa,0.4,1.0,7.8,3.2,5.0,1.2,1.6,11.6,5.2,4.0,A
7801,2021-01-31,2020-21,Chelsea,Burnley,0.6,1.2,13.8,4.6,5.0,1.0,0.8,8.4,2.8,9.0,H
7802,2021-01-31,2020-21,Leicester,Leeds,1.6,0.6,13.8,4.6,11.0,1.6,1.0,11.8,3.8,9.0,A
7803,2021-01-31,2020-21,West Ham,Liverpool,1.4,0.6,13.0,5.0,13.0,0.6,0.6,17.2,4.2,5.0,A
7804,2021-01-31,2020-21,Brighton,Tottenham,0.8,1.0,10.8,2.8,5.0,1.8,1.2,11.6,4.6,8.0,H
7805,2021-02-02,2020-21,Man United,Southampton,0.8,0.6,13.2,4.6,8.0,0.4,1.2,11.2,3.8,4.0,H
7806,2021-02-02,2020-21,Newcastle,Crystal Palace,0.6,1.6,10.6,2.6,3.0,1.0,1.4,8.0,2.2,7.0,A
7807,2021-02-02,2020-21,Sheffield United,West Brom,0.8,1.4,9.6,3.0,6.0,1.2,3.0,6.8,2.8,4.0,H
7808,2021-02-02,2020-21,Wolves,Arsenal,1.2,1.8,11.2,3.4,2.0,2.0,0.2,15.6,6.0,11.0,H
7809,2021-02-03,2020-21,Burnley,Man City,0.8,1.2,7.6,2.2,6.0,2.6,0.0,17.0,6.6,15.0,A
7810,2021-02-03,2020-21,Fulham,Leicester,0.8,1.2,11.8,4.4,3.0,1.6,1.0,14.0,5.6,10.0,A
7811,2021-02-03,2020-21,Leeds,Everton,2.0,1.2,11.2,4.4,9.0,0.8,1.0,8.2,2.6,7.0,A
7812,2021-02-03,2020-21,Aston Villa,West Ham,1.2,1.4,11.2,5.6,6.0,1.6,1.2,13.0,4.8,12.0,A
7813,2021-02-03,2020-21,Liverpool,Brighton,1.2,0.8,17.8,4.4,7.0,1.0,0.8,11.4,3.4,8.0,A
7814,2021-02-04,2020-21,Tottenham,Chelsea,1.6,1.2,12.0,4.8,7.0,0.8,1.0,14.4,5.2,7.0,A
7815,2021-02-06,2020-21,Man United,Everton,2.4,0.6,15.4,6.0,8.0,1.0,1.2,8.8,3.2,7.0,D
7816,2021-02-06,2020-21,Fulham,West Ham,0.6,1.4,10.4,3.8,2.0,2.0,1.4,14.8,5.8,12.0,D
7817,2021-02-06,2020-21,Burnley,Brighton,0.8,1.4,5.8,2.2,6.0,0.6,0.2,11.4,3.4,10.0,D
7818,2021-02-06,2020-21,Aston Villa,Arsenal,1.2,1.6,12.0,5.0,6.0,1.4,0.6,13.2,4.2,8.0,H
7819,2021-02-06,2020-21,Newcastle,Southampton,0.8,1.8,13.4,3.0,3.0,0.4,3.0,10.2,3.4,3.0,H
7820,2021-02-07,2020-21,Tottenham,West Brom,1.0,1.4,9.4,3.8,4.0,1.4,2.6,7.0,3.0,4.0,H
7821,2021-02-07,2020-21,Wolves,Leicester,1.0,1.4,11.2,4.0,4.0,1.6,0.8,14.0,6.0,10.0,D
7822,2021-02-07,2020-21,Liverpool,Man City,1.2,0.8,16.6,4.4,7.0,2.8,0.0,17.2,6.6,15.0,A
7823,2021-02-07,2020-21,Sheffield United,Chelsea,1.2,1.2,11.0,3.8,9.0,0.8,0.4,16.2,5.2,10.0,A
7824,2021-02-08,2020-21,Leeds,Crystal Palace,1.2,1.6,11.6,4.6,6.0,1.0,1.6,7.4,2.0,7.0,H
7825,2021-02-13,2020-21,Brighton,Aston Villa,0.8,0.2,12.4,3.6,11.0,1.4,1.2,12.2,5.8,9.0,D
7826,2021-02-13,2020-21,Man City,Tottenham,2.8,0.2,16.2,6.4,15.0,1.2,1.2,9.0,3.8,6.0,H
7827,2021-02-13,2020-21,Crystal Palace,Burnley,1.0,2.0,6.6,2.2,6.0,1.0,1.4,7.8,3.2,7.0,A
7828,2021-02-13,2020-21,Leicester,Liverpool,1.2,0.8,13.4,5.6,8.0,1.4,1.6,14.8,4.4,6.0,H
7829,2021-02-14,2020-21,Southampton,Wolves,0.6,3.6,11.6,3.8,0.0,0.8,1.0,11.4,3.6,5.0,A
7830,2021-02-14,2020-21,West Brom,Man United,0.8,2.6,5.4,2.2,1.0,3.0,1.2,16.6,6.2,8.0,D
7831,2021-02-14,2020-21,Arsenal,Leeds,1.4,0.8,13.8,4.0,7.0,1.6,1.0,11.4,5.0,9.0,H
7832,2021-02-14,2020-21,Everton,Fulham,1.6,1.6,8.0,3.4,8.0,0.6,1.2,12.4,3.6,3.0,A
7833,2021-02-15,2020-21,West Ham,Sheffield United,1.8,1.4,13.4,5.2,10.0,1.2,1.6,9.2,3.6,6.0,H
7834,2021-02-15,2020-21,Chelsea,Newcastle,1.0,0.6,13.8,4.6,10.0,1.4,1.6,13.8,3.6,6.0,H
7835,2021-02-17,2020-21,Everton,Man City,1.2,1.8,8.4,3.2,5.0,3.0,0.2,13.6,5.8,15.0,A
7836,2021-02-17,2020-21,Burnley,Fulham,1.4,1.4,9.8,3.2,7.0,0.8,0.8,12.4,3.2,6.0,D
7837,2021-02-19,2020-21,Wolves,Leeds,0.8,0.6,8.8,3.2,8.0,2.0,1.6,11.8,5.6,9.0,H
7838,2021-02-20,2020-21,Southampton,Chelsea,0.8,3.6,11.4,3.8,0.0,1.4,0.2,15.6,4.6,13.0,D
7839,2021-02-20,2020-21,Burnley,West Brom,1.0,1.2,9.4,2.8,5.0,0.8,2.4,5.6,2.4,2.0,D
7840,2021-02-20,2020-21,Liverpool,Everton,1.6,2.0,12.4,4.0,6.0,1.2,2.2,7.4,3.2,4.0,A
7841,2021-02-20,2020-21,Fulham,Sheffield United,1.0,1.0,12.0,3.2,6.0,1.0,1.6,7.8,3.6,6.0,H
7842,2021-02-21,2020-21,Man United,Newcastle,2.8,1.2,15.6,6.6,6.0,1.4,1.6,14.4,4.2,6.0,H
7843,2021-02-21,2020-21,Arsenal,Man City,1.6,1.2,12.4,3.8,7.0,2.6,0.4,13.2,5.8,15.0,A
7844,2021-02-21,2020-21,Aston Villa,Leicester,1.0,1.2,10.2,5.0,7.0,1.4,1.0,14.0,5.6,8.0,A
7845,2021-02-21,2020-21,West Ham,Tottenham,2.0,1.2,13.2,5.8,10.0,0.6,1.6,7.6,3.4,3.0,H
7846,2021-02-22,2020-21,Brighton,Crystal Palace,0.6,0.2,16.2,5.0,9.0,1.0,1.8,8.8,2.8,6.0,A
7847,2021-02-23,2020-21,Leeds,Southampton,1.6,1.6,13.6,6.6,6.0,0.8,3.2,9.6,3.0,1.0,H
7848,2021-02-27,2020-21,Man City,West Ham,2.6,0.4,14.2,5.4,15.0,1.8,1.0,10.6,5.2,10.0,H
7849,2021-02-27,2020-21,West Brom,Brighton,0.8,1.4,6.8,2.8,3.0,0.8,0.6,18.0,5.0,8.0,H
7850,2021-02-27,2020-21,Leeds,Aston Villa,1.6,1.4,14.2,6.6,6.0,0.8,1.0,8.8,3.4,7.0,A
7851,2021-02-27,2020-21,Newcastle,Wolves,1.4,1.8,12.0,4.4,6.0,1.0,0.6,11.0,4.2,10.0,D
7852,2021-02-28,2020-21,Crystal Palace,Fulham,1.0,1.4,8.2,2.6,9.0,0.8,0.6,12.6,3.2,8.0,D
7853,2021-02-28,2020-21,Leicester,Arsenal,1.6,1.0,13.4,5.8,10.0,1.0,1.2,12.0,3.0,4.0,A
7854,2021-02-28,2020-21,Tottenham,Burnley,0.6,1.4,11.0,3.8,3.0,1.0,0.8,10.4,3.0,6.0,H
7855,2021-02-28,2020-21,Chelsea,Man United,1.6,0.4,14.6,4.2,13.0,3.2,1.0,15.4,7.2,9.0,D
7856,2021-02-28,2020-21,Sheffield United,Liverpool,0.6,1.6,7.6,3.4,3.0,1.0,2.2,12.6,3.8,3.0,A
7857,2021-03-01,2020-21,Everton,Southampton,1.6,1.8,7.0,3.8,7.0,0.8,3.6,8.2,3.0,1.0,H
7858,2021-03-02,2020-21,Man City,Wolves,2.6,0.6,12.8,4.8,15.0,1.2,0.6,12.6,4.2,11.0,H
7859,2021-03-03,2020-21,Sheffield United,Aston Villa,0.6,1.8,8.4,3.6,3.0,0.8,1.0,9.0,3.4,7.0,H
7860,2021-03-03,2020-21,Crystal Palace,Man United,0.8,1.4,6.6,2.2,7.0,3.2,1.0,14.8,7.4,9.0,D
7861,2021-03-03,2020-21,Burnley,Leicester,1.0,1.2,12.0,3.6,6.0,1.6,1.0,11.4,4.8,10.0,D
7862,2021-03-04,2020-21,West Brom,Everton,0.6,1.0,7.0,2.6,5.0,1.4,1.6,6.4,2.8,7.0,A
7863,2021-03-04,2020-21,Liverpool,Chelsea,0.8,2.0,13.0,4.4,3.0,1.2,0.4,14.4,3.8,11.0,A
7864,2021-03-04,2020-21,Fulham,Tottenham,0.8,0.2,14.2,3.8,9.0,1.4,1.2,12.6,4.4,6.0,A
7865,2021-03-06,2020-21,Brighton,Leicester,0.6,0.8,17.8,5.2,5.0,1.4,1.2,12.6,4.6,8.0,A
7866,2021-03-06,2020-21,Aston Villa,Wolves,0.6,0.6,10.4,3.8,7.0,1.0,1.2,11.6,3.0,8.0,D
7867,2021-03-06,2020-21,Burnley,Arsenal,1.0,1.2,10.4,3.6,6.0,1.6,1.4,11.0,3.2,6.0,D
7868,2021-03-06,2020-21,Sheffield United,Southampton,0.4,1.6,7.4,2.8,3.0,0.8,2.0,9.4,3.0,1.0,A
7869,2021-03-07,2020-21,Tottenham,Crystal Palace,1.6,1.0,13.0,4.4,9.0,0.4,1.2,7.0,2.0,5.0,H
7870,2021-03-07,2020-21,Man City,Man United,2.6,0.6,15.6,5.8,15.0,1.4,1.0,12.2,4.8,7.0,A
7871,2021-03-07,2020-21,West Brom,Newcastle,0.4,0.8,7.6,2.4,5.0,1.2,2.0,13.2,5.2,4.0,D
7872,2021-03-07,2020-21,Liverpool,Fulham,0.8,2.0,12.2,4.4,3.0,0.8,0.4,12.4,4.0,8.0,A
7873,2021-03-08,2020-21,Chelsea,Everton,1.2,0.4,13.0,4.4,11.0,1.0,1.0,7.4,2.8,9.0,H
7874,2021-03-08,2020-21,West Ham,Leeds,1.8,0.8,10.8,5.4,10.0,1.4,1.2,13.6,5.8,6.0,H
7875,2021-03-10,2020-21,Man City,Southampton,2.0,1.0,17.2,5.8,12.0,0.8,1.4,9.6,3.0,4.0,H
7876,2021-03-12,2020-21,Newcastle,Aston Villa,1.0,1.6,10.8,5.2,5.0,0.4,0.6,9.8,2.4,5.0,D
7877,2021-03-13,2020-21,Leeds,Chelsea,1.0,1.6,13.6,4.8,3.0,1.2,0.2,15.0,5.6,11.0,D
7878,2021-03-13,2020-21,Crystal Palace,West Brom,0.6,1.6,6.4,1.6,5.0,0.4,0.4,9.4,2.8,6.0,H
7879,2021-03-13,2020-21,Everton,Burnley,1.0,1.0,7.4,2.6,9.0,0.6,1.4,9.0,3.8,4.0,A
7880,2021-03-13,2020-21,Fulham,Man City,0.6,0.4,12.0,4.0,8.0,2.4,1.2,17.4,6.4,12.0,A
7881,2021-03-14,2020-21,Man United,West Ham,1.2,0.4,11.0,5.0,9.0,1.6,0.6,10.0,4.4,10.0,H
7882,2021-03-14,2020-21,Arsenal,Tottenham,1.6,1.2,12.2,3.2,7.0,2.0,1.2,12.8,4.2,9.0,H
7883,2021-03-14,2020-21,Southampton,Brighton,1.0,2.0,10.4,3.6,4.0,0.6,1.2,16.6,4.8,2.0,A
7884,2021-03-14,2020-21,Leicester,Sheffield United,1.8,1.4,11.6,4.8,10.0,0.2,1.6,7.4,2.6,3.0,H
7885,2021-03-15,2020-21,Wolves,Liverpool,1.0,1.2,11.0,3.2,8.0,0.6,1.4,13.8,4.4,3.0,A
7886,2021-03-19,2020-21,Fulham,Leeds,0.4,0.8,11.0,3.4,7.0,0.6,0.8,13.2,4.6,4.0,A
7887,2021-03-20,2020-21,Brighton,Newcastle,0.8,1.2,16.2,5.6,4.0,0.6,1.4,12.0,5.0,3.0,H
7888,2021-03-21,2020-21,West Ham,Arsenal,1.6,0.8,9.8,4.2,9.0,2.0,1.2,12.0,3.2,10.0,D
7889,2021-03-21,2020-21,Aston Villa,Tottenham,0.6,0.8,12.0,3.4,5.0,2.2,1.0,12.6,4.2,9.0,A
7890,2021-04-03,2020-21,Arsenal,Liverpool,1.8,1.4,12.6,3.6,8.0,0.6,0.8,13.2,4.4,6.0,A
7891,2021-04-03,2020-21,Leicester,Man City,2.2,1.2,13.2,5.6,10.0,2.8,1.2,16.0,7.2,12.0,A
7892,2021-04-03,2020-21,Chelsea,West Brom,0.8,0.2,14.4,6.2,9.0,0.2,0.4,10.4,2.4,5.0,A
7893,2021-04-03,2020-21,Leeds,Sheffield United,1.0,0.8,12.2,4.0,7.0,0.2,2.0,6.0,1.6,3.0,H
7894,2021-04-04,2020-21,Southampton,Burnley,1.0,2.2,11.4,4.2,3.0,0.8,1.4,10.2,4.2,6.0,H
7895,2021-04-04,2020-21,Newcastle,Tottenham,0.6,1.6,10.6,4.4,3.0,2.4,0.6,10.4,4.0,12.0,D
7896,2021-04-04,2020-21,Aston Villa,Fulham,0.4,0.8,11.4,3.2,5.0,0.4,1.2,10.6,3.2,4.0,H
7897,2021-04-04,2020-21,Man United,Brighton,1.2,0.2,12.0,4.4,11.0,1.4,1.2,13.2,5.0,6.0,H
7898,2021-04-05,2020-21,Everton,Crystal Palace,1.0,0.8,9.6,3.0,9.0,0.8,1.0,5.0,1.8,8.0,D
7899,2021-04-05,2020-21,Wolves,West Ham,0.6,1.2,11.0,3.4,5.0,1.6,1.4,10.2,3.4,7.0,A
7900,2021-04-09,2020-21,Fulham,Wolves,0.6,1.8,10.4,3.8,3.0,0.8,1.8,12.0,3.4,2.0,A
7901,2021-04-10,2020-21,Man City,Leeds,2.8,1.0,16.2,7.4,12.0,0.8,1.0,14.6,4.2,7.0,A
7902,2021-04-10,2020-21,Liverpool,Aston Villa,1.2,0.4,13.4,4.6,9.0,0.8,1.0,12.4,3.2,5.0,H
7903,2021-04-10,2020-21,Crystal Palace,Chelsea,0.6,1.0,7.0,2.6,6.0,1.0,1.0,16.2,7.2,8.0,A
7904,2021-04-11,2020-21,Sheffield United,Arsenal,0.4,2.2,7.0,1.4,3.0,1.8,1.8,11.8,3.8,8.0,A
7905,2021-04-11,2020-21,Burnley,Newcastle,1.2,2.0,10.4,5.0,5.0,0.8,1.4,13.0,4.4,4.0,A
7906,2021-04-11,2020-21,West Ham,Leicester,1.8,1.6,11.2,3.8,7.0,1.8,1.4,11.0,4.6,7.0,H
7907,2021-04-11,2020-21,Tottenham,Man United,2.0,1.0,9.4,3.6,10.0,1.0,0.2,12.0,4.4,11.0,A
7908,2021-04-12,2020-21,Brighton,Everton,1.4,1.2,9.2,4.6,6.0,0.8,1.0,10.8,3.2,7.0,D
7909,2021-04-12,2020-21,West Brom,Southampton,1.2,0.8,11.2,3.2,7.0,1.6,2.0,13.6,5.0,6.0,H
7910,2021-04-16,2020-21,Everton,Tottenham,0.6,1.0,11.0,3.2,5.0,2.0,1.6,10.0,3.8,7.0,D
7911,2021-04-17,2020-21,Newcastle,West Ham,1.0,1.4,11.2,4.0,6.0,2.2,1.6,10.2,4.0,10.0,H
7912,2021-04-17,2020-21,Wolves,Sheffield United,0.8,1.6,10.6,3.2,4.0,0.4,2.4,6.8,1.4,3.0,H
7913,2021-04-18,2020-21,Arsenal,Fulham,1.8,1.6,12.2,4.0,8.0,0.6,1.8,11.0,3.8,3.0,D
7914,2021-04-18,2020-21,Man United,Burnley,1.6,0.4,12.2,5.0,13.0,1.4,1.6,13.2,5.2,5.0,H
7915,2021-04-19,2020-21,Leeds,Liverpool,1.2,1.0,12.4,4.0,10.0,1.2,0.6,14.8,5.0,9.0,D
7916,2021-04-20,2020-21,Chelsea,Brighton,1.8,1.2,17.2,8.0,10.0,1.4,1.0,10.8,4.0,7.0,D
7917,2021-04-21,2020-21,Aston Villa,Man City,1.0,1.2,11.0,3.4,5.0,2.2,1.2,17.6,6.8,9.0,A
7918,2021-04-21,2020-21,Tottenham,Southampton,1.6,1.8,10.0,3.4,5.0,1.6,2.4,14.6,5.6,6.0,H
7919,2021-04-22,2020-21,Leicester,West Brom,2.0,1.4,12.4,5.0,7.0,1.6,0.8,13.0,4.0,7.0,H
7920,2021-04-23,2020-21,Arsenal,Everton,1.8,1.6,12.8,4.4,8.0,0.8,1.4,12.4,4.0,3.0,A
7921,2021-04-24,2020-21,Liverpool,Newcastle,1.4,0.6,16.8,6.2,10.0,1.6,1.8,12.6,4.6,8.0,D
7922,2021-04-24,2020-21,West Ham,Chelsea,2.2,2.2,10.2,4.2,7.0,1.6,1.2,16.4,7.8,8.0,A
7923,2021-04-24,2020-21,Sheffield United,Brighton,0.2,2.6,6.6,1.4,0.0,1.2,0.6,11.6,4.0,8.0,H
7924,2021-04-25,2020-21,Leeds,Man United,1.4,0.8,11.4,4.6,11.0,2.2,0.6,13.4,6.6,15.0,D
7925,2021-04-25,2020-21,Wolves,Burnley,0.8,0.8,11.4,4.0,7.0,1.4,2.0,12.8,4.4,4.0,A
7926,2021-04-25,2020-21,Aston Villa,West Brom,1.2,1.6,10.8,3.8,4.0,1.6,1.2,11.6,3.6,7.0,D
7927,2021-04-26,2020-21,Leicester,Crystal Palace,2.4,1.2,12.8,5.6,9.0,0.8,1.8,6.6,2.8,5.0,H
7928,2021-04-30,2020-21,Southampton,Leicester,1.4,2.8,13.6,5.6,3.0,2.4,1.2,13.8,5.8,9.0,D
7929,2021-05-01,2020-21,Crystal Palace,Man City,1.0,2.2,5.8,2.8,4.0,2.6,1.0,15.6,6.2,12.0,A
7930,2021-05-01,2020-21,Brighton,Leeds,0.8,0.6,13.4,3.6,5.0,1.4,0.8,11.2,4.4,11.0,H
7931,2021-05-01,2020-21,Chelsea,Fulham,1.4,1.2,16.0,7.2,8.0,0.6,2.0,9.6,3.4,1.0,H
7932,2021-05-01,2020-21,Everton,Aston Villa,1.0,1.0,12.6,4.0,6.0,1.4,1.8,12.6,4.8,4.0,A
7933,2021-05-02,2020-21,Newcastle,Arsenal,1.6,1.8,11.6,4.8,8.0,1.4,1.6,13.0,4.4,5.0,A
7934,2021-05-02,2020-21,Tottenham,Sheffield United,1.8,1.6,11.2,3.4,8.0,0.4,2.2,6.4,1.6,3.0,H
7935,2021-05-03,2020-21,Burnley,West Ham,2.0,1.8,13.8,4.8,6.0,2.2,2.2,10.6,4.6,7.0,A
7936,2021-05-03,2020-21,West Brom,Wolves,2.0,1.6,11.0,3.8,7.0,0.8,1.6,11.8,4.0,6.0,D
7937,2021-05-07,2020-21,Leicester,Newcastle,1.6,1.4,14.6,5.6,7.0,1.6,1.6,12.0,4.8,8.0,A
7938,2021-05-08,2020-21,Leeds,Tottenham,1.0,1.0,10.8,4.0,8.0,2.2,1.6,13.4,5.0,8.0,H
7939,2021-05-08,2020-21,Sheffield United,Crystal Palace,0.4,2.0,7.8,1.8,3.0,0.8,1.8,6.6,3.4,4.0,A
7940,2021-05-08,2020-21,Man City,Chelsea,2.0,0.6,16.2,4.8,12.0,1.8,1.2,14.8,6.6,10.0,A
7941,2021-05-08,2020-21,Liverpool,Southampton,1.6,0.6,18.0,7.4,11.0,1.2,2.0,12.4,5.0,4.0,H
7942,2021-05-09,2020-21,West Ham,Everton,2.0,1.8,12.0,4.4,9.0,1.0,1.0,13.0,3.8,6.0,A
7943,2021-05-09,2020-21,Wolves,Brighton,1.0,1.6,13.8,5.0,7.0,0.6,0.6,14.6,3.4,5.0,H
7944,2021-05-09,2020-21,Aston Villa,Man United,1.8,1.6,13.6,5.6,7.0,1.8,0.6,15.0,6.2,13.0,A
7945,2021-05-09,2020-21,Arsenal,West Brom,1.2,1.0,13.6,4.0,7.0,2.2,1.6,10.6,4.4,8.0,H
7946,2021-05-10,2020-21,Fulham,Burnley,0.6,1.8,11.0,4.0,1.0,1.8,2.0,12.6,4.4,3.0,A
7947,2021-05-11,2020-21,Man United,Leicester,2.2,0.8,15.6,6.8,13.0,2.0,1.8,18.6,7.0,7.0,A
7948,2021-05-11,2020-21,Southampton,Crystal Palace,1.0,2.0,13.0,5.4,4.0,1.0,1.8,9.6,4.2,4.0,H
7949,2021-05-12,2020-21,Chelsea,Arsenal,1.8,0.4,13.6,6.0,13.0,1.8,0.6,16.0,5.0,10.0,A
7950,2021-05-13,2020-21,Aston Villa,Everton,1.4,2.0,13.0,5.8,4.0,1.0,0.8,11.8,3.0,8.0,D
7951,2021-05-13,2020-21,Man United,Liverpool,2.0,1.0,13.4,5.6,10.0,1.8,0.6,18.4,7.8,11.0,A
7952,2021-05-14,2020-21,Newcastle,Man City,2.0,1.6,10.4,4.8,10.0,1.6,1.0,17.8,4.2,9.0,A
7953,2021-05-15,2020-21,Burnley,Leeds,1.8,1.4,14.0,4.4,6.0,1.2,1.0,9.4,3.8,8.0,A
7954,2021-05-15,2020-21,Southampton,Fulham,1.0,1.8,10.8,4.8,4.0,0.4,1.8,12.6,3.4,1.0,H
7955,2021-05-15,2020-21,Brighton,West Ham,0.6,0.6,14.6,3.4,5.0,1.4,1.6,12.4,3.2,6.0,D
7956,2021-05-16,2020-21,Everton,Sheffield United,1.0,0.8,13.2,3.8,8.0,0.2,2.0,7.4,1.6,3.0,A
7957,2021-05-16,2020-21,West Brom,Liverpool,1.4,1.8,10.2,3.2,5.0,2.0,1.0,18.6,8.0,11.0,A
7958,2021-05-16,2020-21,Crystal Palace,Aston Villa,1.0,2.2,9.2,3.8,3.0,1.2,1.6,13.8,5.2,5.0,H
7959,2021-05-16,2020-21,Tottenham,Wolves,2.0,1.8,13.4,4.6,7.0,1.0,1.2,13.0,5.2,10.0,H
7960,2021-05-18,2020-21,Man United,Fulham,1.8,1.6,14.6,4.8,7.0,0.4,1.8,11.6,2.6,1.0,D
7961,2021-05-18,2020-21,Southampton,Leeds,1.6,1.4,10.2,5.4,7.0,1.6,0.8,12.2,4.6,8.0,A
7962,2021-05-18,2020-21,Brighton,Man City,0.8,0.8,12.0,3.2,5.0,2.0,1.6,18.6,4.6,9.0,H
7963,2021-05-18,2020-21,Chelsea,Leicester,1.0,0.4,12.8,5.0,10.0,2.0,1.4,18.0,6.6,10.0,H
7964,2021-05-19,2020-21,Burnley,Liverpool,1.6,1.8,12.4,4.4,6.0,2.0,1.0,19.2,7.2,11.0,A
7965,2021-05-19,2020-21,West Brom,West Ham,1.0,2.2,9.2,2.6,2.0,1.0,1.4,14.6,3.0,4.0,A
7966,2021-05-19,2020-21,Crystal Palace,Arsenal,1.4,1.8,13.6,5.2,6.0,1.4,0.6,14.2,4.4,10.0,A
7967,2021-05-19,2020-21,Newcastle,Sheffield United,2.2,2.2,10.6,4.8,7.0,0.4,1.4,8.0,1.8,6.0,H
7968,2021-05-19,2020-21,Everton,Wolves,0.6,0.6,12.8,3.6,7.0,0.8,1.6,14.6,5.2,7.0,H
7969,2021-05-19,2020-21,Tottenham,Aston Villa,2.2,1.2,15.8,6.6,10.0,1.4,1.8,16.0,5.6,5.0,A
7970,2021-05-23,2020-21,Arsenal,Brighton,1.8,0.6,11.8,4.0,12.0,1.4,1.2,13.6,4.0,7.0,H
7971,2021-05-23,2020-21,Aston Villa,Chelsea,1.4,1.6,15.2,4.2,7.0,1.4,0.6,14.8,5.4,12.0,H
7972,2021-05-23,2020-21,Fulham,Newcastle,0.6,1.8,10.4,3.0,2.0,1.8,1.8,10.6,4.2,7.0,A
7973,2021-05-23,2020-21,Leeds,West Brom,1.8,0.6,12.8,5.0,10.0,1.2,2.2,11.2,3.2,2.0,H
7974,2021-05-23,2020-21,Leicester,Tottenham,1.6,1.8,16.0,5.8,7.0,2.0,1.2,15.4,6.8,9.0,A
7975,2021-05-23,2020-21,Liverpool,Crystal Palace,2.4,0.8,19.8,6.4,13.0,1.4,2.0,15.2,6.0,6.0,H
7976,2021-05-23,2020-21,Man City,Everton,2.2,1.8,14.4,4.0,9.0,0.6,0.6,14.0,4.2,7.0,H
7977,2021-05-23,2020-21,Sheffield United,Burnley,0.4,1.4,8.6,1.6,6.0,1.4,1.8,12.4,4.6,6.0,H
7978,2021-05-23,2020-21,West Ham,Southampton,1.2,1.0,15.6,3.6,7.0,1.4,1.4,11.8,5.0,7.0,H
7979,2021-05-23,2020-21,Wolves,Man United,0.6,1.8,14.4,4.8,4.0,1.4,1.6,13.8,4.2,5.0,A
7981,2021-08-14,2021-22,Watford,Aston Villa,1.4,2.4,12.2,3.6,6.0,1.4,1.6,13.8,3.8,7.0,H
7982,2021-08-14,2021-22,Norwich,Liverpool,0.2,2.8,7.2,2.2,0.0,2.6,0.6,19.2,5.6,15.0,A
7983,2021-08-14,2021-22,Leicester,Wolves,1.6,2.4,15.4,6.0,4.0,0.8,1.4,14.8,5.2,4.0,H
7984,2021-08-14,2021-22,Burnley,Brighton,0.6,2.0,11.6,3.8,3.0,1.4,1.4,11.2,3.4,7.0,A
7985,2021-08-14,2021-22,Chelsea,Crystal Palace,1.4,1.0,16.0,5.6,9.0,1.4,2.0,14.4,6.0,6.0,H
7986,2021-08-14,2021-22,Man United,Leeds,1.8,1.8,12.4,4.2,7.0,2.4,0.8,15.0,6.2,12.0,H
7987,2021-08-14,2021-22,Everton,Southampton,0.4,1.2,12.4,4.2,7.0,1.2,1.8,14.2,5.4,6.0,H
7988,2021-08-15,2021-22,Newcastle,West Ham,2.0,1.6,11.2,4.2,9.0,1.8,0.8,16.6,4.6,10.0,A
7989,2021-08-15,2021-22,Tottenham,Man City,2.4,1.4,15.2,7.0,9.0,2.8,1.6,16.0,5.6,9.0,H
7990,2021-08-21,2021-22,Brighton,Watford,1.4,1.6,10.6,4.0,7.0,1.6,2.6,13.0,4.2,6.0,H
7991,2021-08-21,2021-22,Man City,Norwich,2.4,1.8,15.6,5.8,6.0,0.0,3.0,7.6,2.2,0.0,H
7992,2021-08-21,2021-22,Leeds,Everton,2.6,1.4,14.8,6.4,12.0,0.8,1.4,13.4,4.8,7.0,D
7993,2021-08-21,2021-22,Aston Villa,Newcastle,1.6,1.6,13.8,3.2,7.0,2.4,2.0,13.6,4.6,9.0,H
7994,2021-08-21,2021-22,Liverpool,Burnley,2.8,0.6,20.2,6.0,15.0,0.6,2.0,12.8,3.8,3.0,H
7996,2021-08-22,2021-22,Southampton,Man United,1.4,2.0,13.0,4.8,6.0,2.2,1.8,12.0,4.4,7.0,D
7997,2021-08-22,2021-22,Wolves,Tottenham,0.6,1.4,14.2,3.8,3.0,1.8,1.4,13.8,5.4,9.0,A
7998,2021-08-22,2021-22,Arsenal,Chelsea,1.8,0.8,12.8,4.2,12.0,1.6,1.0,16.8,5.8,9.0,A
7999,2021-08-23,2021-22,West Ham,Leicester,2.2,1.0,13.8,5.6,10.0,1.6,2.2,12.6,5.2,6.0,H
8000,2021-08-28,2021-22,Liverpool,Chelsea,2.4,0.2,22.2,6.2,15.0,1.6,0.8,18.8,5.8,9.0,D
8001,2021-08-28,2021-22,West Ham,Crystal Palace,3.0,1.0,14.2,7.0,13.0,0.8,2.0,10.2,4.2,4.0,D
8002,2021-08-28,2021-22,Norwich,Leicester,0.0,3.2,5.6,1.8,0.0,1.4,2.2,8.6,3.6,6.0,A
8004,2021-08-28,2021-22,Brighton,Everton,1.6,1.2,12.2,4.0,10.0,1.2,1.8,13.8,5.4,7.0,A
8005,2021-08-28,2021-22,Man City,Arsenal,3.2,1.4,15.6,5.8,9.0,1.2,1.0,11.0,3.4,9.0,H
8006,2021-08-28,2021-22,Newcastle,Southampton,1.6,2.0,12.6,3.6,6.0,1.0,2.0,12.0,4.2,4.0,D
8007,2021-08-29,2021-22,Burnley,Leeds,0.2,2.4,11.8,3.4,0.0,2.4,1.6,15.0,5.8,10.0,D
8008,2021-08-29,2021-22,Tottenham,Watford,1.8,0.8,13.2,6.0,12.0,1.2,2.8,11.6,3.4,3.0,H
8009,2021-08-29,2021-22,Wolves,Man United,0.2,1.4,16.0,3.8,0.0,2.2,1.6,14.2,5.0,8.0,A
8010,2021-09-11,2021-22,Chelsea,Aston Villa,1.8,0.8,16.2,5.4,10.0,1.8,1.2,10.8,3.2,10.0,H
8011,2021-09-11,2021-22,Crystal Palace,Tottenham,0.6,2.0,7.4,3.0,2.0,1.6,0.8,11.4,5.0,12.0,H
8012,2021-09-11,2021-22,Arsenal,Norwich,1.0,2.0,10.2,3.0,6.0,0.2,3.4,8.0,2.6,0.0,H
8014,2021-09-11,2021-22,Leicester,Man City,1.4,2.2,8.0,3.6,6.0,3.4,0.8,17.6,6.6,9.0,A
8015,2021-09-11,2021-22,Man United,Newcastle,2.0,0.8,12.6,5.0,11.0,1.4,1.6,12.4,3.6,7.0,H
8016,2021-09-11,2021-22,Southampton,West Ham,0.8,2.2,14.2,4.0,2.0,3.2,1.2,14.0,7.2,13.0,D
8017,2021-09-11,2021-22,Watford,Wolves,1.0,2.4,10.6,3.2,3.0,0.2,1.2,16.0,4.4,0.0,A
8018,2021-09-12,2021-22,Leeds,Liverpool,1.8,1.8,14.2,5.0,8.0,2.2,0.2,21.8,6.4,13.0,A
8019,2021-09-13,2021-22,Everton,Burnley,1.6,1.6,13.4,5.2,10.0,0.4,1.8,11.0,3.2,1.0,H
8020,2021-09-17,2021-22,Newcastle,Leeds,1.4,2.4,11.6,3.2,4.0,1.4,2.4,13.0,4.4,5.0,D
8021,2021-09-18,2021-22,Norwich,Watford,0.2,3.2,8.8,2.4,0.0,1.0,2.0,11.4,3.6,3.0,A
8022,2021-09-18,2021-22,Aston Villa,Everton,1.4,1.6,10.4,3.6,7.0,2.0,1.8,13.4,5.6,10.0,H
8023,2021-09-18,2021-22,Man City,Southampton,3.2,0.2,21.0,7.4,12.0,0.8,1.8,12.8,4.0,3.0,D
8024,2021-09-18,2021-22,Burnley,Arsenal,0.6,1.8,11.2,3.6,1.0,0.6,1.8,15.0,3.8,6.0,A
8025,2021-09-18,2021-22,Liverpool,Crystal Palace,2.2,0.2,23.8,7.6,13.0,1.0,1.4,8.6,2.6,5.0,H
8027,2021-09-19,2021-22,Brighton,Leicester,1.0,1.0,10.0,3.4,9.0,1.2,2.0,7.8,3.2,6.0,H
8028,2021-09-19,2021-22,West Ham,Man United,2.6,1.0,12.4,6.0,11.0,2.6,0.8,14.2,5.2,13.0,A
8029,2021-09-19,2021-22,Tottenham,Chelsea,1.4,1.0,9.8,4.4,12.0,2.0,0.6,15.2,5.0,10.0,A
8030,2021-09-25,2021-22,Brentford,Liverpool,1.0,0.4,9.4,2.4,8.0,2.4,0.2,25.0,8.6,13.0,D
8031,2021-09-25,2021-22,Watford,Newcastle,1.2,1.6,10.0,4.0,6.0,1.2,2.6,13.0,3.8,2.0,D
8032,2021-09-25,2021-22,Leicester,Burnley,1.0,1.6,8.6,2.6,6.0,0.6,1.8,12.8,3.6,1.0,D
8033,2021-09-25,2021-22,Leeds,West Ham,1.0,2.4,14.0,4.4,3.0,2.2,1.4,12.2,5.4,8.0,A
8034,2021-09-25,2021-22,Everton,Norwich,2.0,1.4,14.0,5.2,10.0,0.4,2.8,10.2,2.6,0.0,H
8035,2021-09-25,2021-22,Man United,Aston Villa,2.6,0.8,15.8,6.4,13.0,1.6,1.4,12.2,3.6,7.0,A
8036,2021-09-25,2021-22,Chelsea,Man City,2.4,0.2,14.6,5.6,13.0,2.2,0.2,20.4,5.4,10.0,A
8037,2021-09-26,2021-22,Southampton,Wolves,0.8,1.2,11.4,3.4,4.0,0.4,1.0,16.4,4.0,3.0,A
8038,2021-09-26,2021-22,Arsenal,Tottenham,0.4,1.8,14.4,3.4,6.0,0.6,1.2,9.2,4.0,9.0,H
8039,2021-09-27,2021-22,Crystal Palace,Brighton,1.0,1.6,10.2,2.2,5.0,1.4,0.8,11.4,4.2,12.0,D
8040,2021-10-02,2021-22,Brighton,Arsenal,1.2,0.8,10.2,3.4,10.0,1.0,1.6,12.4,4.0,9.0,D
8041,2021-10-02,2021-22,Leeds,Watford,1.0,1.8,15.0,4.8,3.0,0.8,1.4,10.4,3.4,4.0,H
8042,2021-10-02,2021-22,Wolves,Newcastle,0.6,0.8,14.0,4.0,6.0,1.0,2.0,13.6,4.4,3.0,H
8043,2021-10-02,2021-22,Burnley,Norwich,0.8,1.8,11.8,3.6,2.0,0.4,2.6,9.4,2.4,0.0,D
8044,2021-10-02,2021-22,Man United,Everton,1.6,0.8,18.2,5.6,10.0,1.8,1.2,13.4,4.8,10.0,D
8045,2021-10-02,2021-22,Chelsea,Southampton,1.8,0.4,13.0,4.4,10.0,0.6,0.8,13.8,4.0,4.0,H
8046,2021-10-03,2021-22,Crystal Palace,Leicester,1.2,1.2,11.0,2.6,6.0,1.2,2.0,11.2,2.6,4.0,D
8047,2021-10-03,2021-22,Tottenham,Aston Villa,0.6,1.8,8.6,4.2,6.0,1.4,0.8,11.4,3.8,10.0,H
8048,2021-10-03,2021-22,West Ham,Brentford,1.8,1.2,14.6,5.0,8.0,1.2,1.0,10.2,2.6,6.0,A
8049,2021-10-03,2021-22,Liverpool,Man City,2.4,0.8,24.4,8.2,11.0,2.4,0.0,19.8,5.4,13.0,D
8050,2021-10-16,2021-22,Brentford,Chelsea,1.6,1.2,10.0,3.2,8.0,2.0,0.6,12.6,5.2,10.0,A
8051,2021-10-16,2021-22,Southampton,Leeds,0.6,1.2,13.4,3.8,3.0,0.8,1.4,15.6,4.8,5.0,H
8052,2021-10-16,2021-22,Norwich,Brighton,0.4,1.6,11.2,2.8,1.0,0.8,0.8,11.8,3.2,8.0,D
8053,2021-10-16,2021-22,Man City,Burnley,1.8,0.4,19.0,5.2,11.0,0.8,1.4,12.8,3.8,3.0,H
8054,2021-10-16,2021-22,Aston Villa,Wolves,1.2,1.2,12.2,4.0,7.0,1.0,0.8,10.4,3.4,9.0,A
8055,2021-10-16,2021-22,Watford,Liverpool,0.8,1.2,9.4,3.4,4.0,2.4,1.2,20.2,7.2,9.0,A
8056,2021-10-16,2021-22,Leicester,Man United,1.4,1.6,12.0,3.4,5.0,1.6,0.8,17.8,6.0,10.0,H
8057,2021-10-17,2021-22,Everton,West Ham,1.6,1.0,12.4,3.6,10.0,1.2,1.4,15.6,4.6,5.0,A
8058,2021-10-17,2021-22,Newcastle,Tottenham,1.2,2.0,13.4,4.6,3.0,0.8,2.0,10.4,4.6,6.0,A
8059,2021-10-18,2021-22,Arsenal,Crystal Palace,1.0,1.2,12.8,3.8,10.0,1.6,1.6,13.2,3.0,6.0,D
8060,2021-10-22,2021-22,Arsenal,Aston Villa,1.4,0.6,16.0,5.0,11.0,1.4,1.6,13.6,4.0,6.0,H
8061,2021-10-23,2021-22,Southampton,Burnley,0.4,0.8,12.8,3.6,5.0,0.6,1.6,11.8,3.6,2.0,D
8062,2021-10-23,2021-22,Brighton,Man City,0.8,0.4,11.2,3.2,9.0,1.2,0.4,17.0,4.4,11.0,A
8063,2021-10-23,2021-22,Leeds,Wolves,0.6,1.4,13.8,4.4,4.0,1.6,1.0,9.2,3.0,12.0,D
8064,2021-10-23,2021-22,Everton,Watford,1.2,1.2,12.6,3.0,7.0,0.8,2.0,8.8,3.4,4.0,A
8065,2021-10-23,2021-22,Crystal Palace,Newcastle,1.6,1.6,13.2,3.8,6.0,1.2,2.2,12.8,3.8,2.0,D
8066,2021-10-23,2021-22,Chelsea,Norwich,2.0,0.4,12.4,4.8,12.0,0.2,1.2,11.4,2.6,2.0,H
8067,2021-10-24,2021-22,Brentford,Leicester,1.4,1.2,11.6,4.2,7.0,1.8,1.8,14.6,5.0,5.0,A
8068,2021-10-24,2021-22,West Ham,Tottenham,1.0,1.0,16.0,4.6,7.0,1.2,2.4,10.2,3.8,6.0,H
8069,2021-10-24,2021-22,Man United,Liverpool,1.8,1.6,19.4,6.6,7.0,3.2,1.0,19.2,7.4,11.0,A
8070,2021-10-30,2021-22,Tottenham,Man United,1.2,2.0,11.2,4.4,6.0,1.0,2.4,17.6,6.0,4.0,A
8071,2021-10-30,2021-22,Watford,Southampton,1.8,2.0,11.6,4.6,7.0,0.8,1.2,13.8,3.8,5.0,A
8072,2021-10-30,2021-22,Newcastle,Chelsea,1.2,1.6,11.6,3.6,3.0,2.8,0.4,14.6,6.6,12.0,A
8073,2021-10-30,2021-22,Man City,Crystal Palace,1.8,0.6,16.6,5.6,11.0,1.2,1.8,12.6,3.6,4.0,A
8074,2021-10-30,2021-22,Liverpool,Brighton,3.6,1.0,17.0,7.2,11.0,0.8,1.2,12.4,3.8,6.0,D
8075,2021-10-30,2021-22,Burnley,Brentford,0.8,1.4,11.4,3.4,3.0,1.6,1.4,13.2,5.0,7.0,H
8076,2021-10-30,2021-22,Leicester,Arsenal,2.2,1.8,15.4,6.0,8.0,1.8,0.8,14.4,5.4,11.0,A
8077,2021-10-31,2021-22,Norwich,Leeds,0.2,2.4,10.0,2.6,2.0,0.8,1.0,15.6,4.4,5.0,A
8078,2021-10-31,2021-22,Aston Villa,West Ham,1.6,1.6,12.0,3.6,6.0,1.2,1.0,16.0,4.8,9.0,A
8079,2021-11-01,2021-22,Wolves,Everton,1.4,1.2,8.0,2.8,10.0,1.0,2.0,12.8,2.6,4.0,H
8080,2021-11-05,2021-22,Southampton,Aston Villa,1.0,1.2,14.2,3.6,7.0,1.2,2.4,10.8,3.6,3.0,H
8081,2021-11-06,2021-22,Brighton,Newcastle,0.8,1.4,11.8,4.0,4.0,1.0,2.0,9.4,2.4,2.0,D
8082,2021-11-06,2021-22,Crystal Palace,Wolves,1.6,1.2,11.6,3.8,7.0,1.8,1.0,7.8,3.6,13.0,H
8083,2021-11-06,2021-22,Chelsea,Burnley,2.8,0.4,14.4,5.8,12.0,1.4,1.4,10.8,4.0,6.0,D
8084,2021-11-06,2021-22,Brentford,Norwich,1.4,2.0,13.8,5.4,4.0,0.2,2.2,10.4,2.2,2.0,A
8085,2021-11-06,2021-22,Man United,Man City,1.2,2.2,16.2,4.8,4.0,1.8,1.0,15.8,6.0,10.0,A
8086,2021-11-07,2021-22,Arsenal,Watford,2.0,0.8,13.6,5.8,11.0,1.2,2.0,11.2,3.8,4.0,H
8087,2021-11-07,2021-22,Everton,Tottenham,1.2,1.8,13.4,3.4,4.0,1.2,2.0,11.4,4.0,6.0,D
8088,2021-11-07,2021-22,Leeds,Leicester,1.0,1.0,13.8,3.8,7.0,2.0,1.8,15.8,7.0,8.0,D
8089,2021-11-07,2021-22,West Ham,Liverpool,1.8,0.8,17.6,5.8,12.0,3.4,1.4,14.8,5.8,9.0,H
8090,2021-11-20,2021-22,Liverpool,Arsenal,3.2,1.4,14.8,5.6,8.0,1.6,0.6,14.0,5.6,11.0,H
8091,2021-11-20,2021-22,Wolves,West Ham,1.6,1.4,7.6,3.4,10.0,2.0,1.0,15.0,5.0,12.0,H
8092,2021-11-20,2021-22,Watford,Man United,1.0,2.0,9.6,3.2,3.0,1.2,2.4,11.6,4.2,4.0,H
8093,2021-11-20,2021-22,Norwich,Southampton,0.6,2.0,10.2,2.8,5.0,1.2,1.0,12.4,3.0,10.0,H
8094,2021-11-20,2021-22,Burnley,Crystal Palace,1.2,1.2,10.0,3.8,6.0,1.8,1.0,12.6,4.4,9.0,D
8095,2021-11-20,2021-22,Aston Villa,Brighton,1.0,2.6,12.2,3.6,0.0,0.8,1.4,13.0,4.2,4.0,H
8096,2021-11-20,2021-22,Leicester,Chelsea,1.8,1.6,13.2,6.6,8.0,3.0,0.4,18.4,6.6,13.0,A
8097,2021-11-20,2021-22,Newcastle,Brentford,1.0,2.0,6.6,1.4,2.0,1.0,1.8,15.2,6.0,3.0,D
8098,2021-11-21,2021-22,Man City,Everton,2.0,1.0,16.0,6.2,10.0,0.8,1.8,13.6,3.0,2.0,H
8099,2021-11-21,2021-22,Tottenham,Leeds,1.0,1.4,11.0,3.2,7.0,1.0,0.8,14.4,3.8,8.0,H
8100,2021-11-27,2021-22,Brighton,Leeds,0.8,1.8,10.0,4.2,3.0,1.0,1.2,14.0,4.4,5.0,D
8101,2021-11-27,2021-22,Norwich,Wolves,1.0,2.2,9.8,3.2,7.0,1.4,1.2,9.2,3.8,10.0,D
8102,2021-11-27,2021-22,Liverpool,Southampton,3.6,1.0,17.4,6.6,10.0,1.2,0.8,14.6,3.6,10.0,H
8103,2021-11-27,2021-22,Crystal Palace,Aston Villa,2.0,1.2,12.6,5.2,9.0,1.2,2.2,11.2,4.0,3.0,A
8104,2021-11-27,2021-22,Arsenal,Newcastle,1.6,1.4,13.4,5.8,10.0,1.4,2.2,9.6,2.8,3.0,H
8105,2021-11-28,2021-22,Brentford,Everton,1.2,2.2,14.6,5.6,1.0,0.6,2.2,12.0,2.8,1.0,H
8106,2021-11-28,2021-22,Leicester,Watford,1.4,1.8,12.2,6.2,7.0,1.8,2.0,12.6,4.4,6.0,H
8107,2021-11-28,2021-22,Man City,West Ham,2.2,0.6,17.0,7.0,12.0,1.8,0.8,13.0,4.6,12.0,H
8108,2021-11-28,2021-22,Chelsea,Man United,3.0,0.2,17.6,6.2,13.0,1.2,3.0,10.8,3.6,3.0,D
8109,2021-11-30,2021-22,Newcastle,Norwich,1.0,2.0,10.0,3.6,3.0,1.0,2.2,9.6,3.4,7.0,D
8110,2021-11-30,2021-22,Leeds,Crystal Palace,1.0,1.0,15.6,5.2,6.0,1.8,1.2,12.4,4.6,8.0,H
8111,2021-12-01,2021-22,Everton,Liverpool,0.6,2.2,11.8,3.4,1.0,3.4,1.0,17.6,6.2,10.0,A
8112,2021-12-01,2021-22,Aston Villa,Man City,1.2,1.8,10.4,3.6,6.0,2.2,0.8,17.8,7.6,12.0,A
8113,2021-12-01,2021-22,Wolves,Burnley,0.8,0.8,8.4,3.4,8.0,1.8,1.8,10.2,4.8,6.0,D
8114,2021-12-01,2021-22,Southampton,Leicester,1.0,1.6,12.2,3.2,7.0,1.4,1.8,11.4,5.6,7.0,D
8115,2021-12-01,2021-22,Watford,Chelsea,2.2,1.8,14.6,5.0,6.0,3.0,0.4,21.4,7.2,11.0,A
8116,2021-12-01,2021-22,West Ham,Brighton,1.8,1.2,10.8,4.4,9.0,0.8,1.8,11.8,4.4,3.0,D
8117,2021-12-02,2021-22,Tottenham,Brentford,1.0,1.4,10.2,2.4,7.0,1.4,2.0,12.4,5.0,4.0,H
8118,2021-12-02,2021-22,Man United,Arsenal,1.0,2.4,7.8,2.8,4.0,1.6,1.0,14.8,5.8,12.0,H
8119,2021-12-04,2021-22,Watford,Man City,1.4,1.8,13.2,4.6,3.0,1.8,0.8,16.6,6.2,12.0,A
8120,2021-12-04,2021-22,Wolves,Liverpool,0.6,0.6,10.0,3.0,8.0,3.2,1.2,17.0,6.0,10.0,A
8121,2021-12-04,2021-22,Southampton,Brighton,1.0,1.6,12.0,3.8,7.0,0.8,1.2,11.6,4.0,4.0,D
8122,2021-12-04,2021-22,Newcastle,Burnley,1.0,2.0,10.6,3.4,3.0,1.8,1.4,10.0,4.6,7.0,H
8123,2021-12-04,2021-22,West Ham,Chelsea,1.8,1.4,11.0,4.8,7.0,2.0,0.6,18.4,5.4,11.0,H
8124,2021-12-05,2021-22,Leeds,Brentford,1.0,0.8,15.0,5.0,8.0,1.2,2.0,10.6,4.4,4.0,D
8125,2021-12-05,2021-22,Man United,Crystal Palace,1.6,1.8,8.2,4.0,7.0,1.6,1.2,11.2,4.2,7.0,H
8126,2021-12-05,2021-22,Tottenham,Norwich,0.8,1.0,9.6,2.8,7.0,1.2,1.0,12.2,4.4,8.0,H
8127,2021-12-05,2021-22,Aston Villa,Leicester,1.2,1.6,10.2,3.4,6.0,1.4,2.0,12.4,5.6,5.0,H
8128,2021-12-06,2021-22,Everton,Arsenal,0.4,2.0,10.4,3.0,1.0,1.4,1.4,13.8,5.6,9.0,H
8129,2021-12-10,2021-22,Brentford,Watford,1.4,1.8,10.0,4.0,5.0,1.6,2.2,13.4,4.6,3.0,H
8130,2021-12-11,2021-22,Norwich,Man United,1.0,1.2,11.4,4.0,8.0,1.2,1.8,9.4,3.8,7.0,A
8131,2021-12-11,2021-22,Liverpool,Aston Villa,3.0,0.8,17.6,6.4,12.0,1.4,1.0,11.0,3.6,9.0,H
8132,2021-12-11,2021-22,Arsenal,Southampton,1.2,1.8,14.0,5.2,6.0,1.0,1.8,12.4,4.4,5.0,H
8133,2021-12-11,2021-22,Man City,Wolves,2.4,0.6,19.0,8.2,15.0,0.2,0.6,8.6,2.4,5.0,H
8134,2021-12-11,2021-22,Chelsea,Leeds,1.8,1.2,18.4,5.6,8.0,1.0,1.0,15.0,5.0,6.0,H
8135,2021-12-12,2021-22,Burnley,West Ham,1.4,1.2,10.2,3.8,6.0,1.6,1.6,9.0,4.0,7.0,D
8136,2021-12-12,2021-22,Leicester,Newcastle,1.6,2.0,11.6,5.0,5.0,1.2,1.4,13.2,4.0,6.0,H
8137,2021-12-12,2021-22,Crystal Palace,Everton,1.2,1.4,11.2,4.0,4.0,0.6,1.8,9.8,3.0,4.0,H
8138,2021-12-14,2021-22,Man City,Leeds,2.2,0.6,20.6,9.2,15.0,1.2,1.4,13.8,5.0,5.0,H
8139,2021-12-14,2021-22,Norwich,Aston Villa,0.6,1.2,11.8,4.0,5.0,1.4,1.0,9.0,3.0,9.0,A
8140,2021-12-15,2021-22,Arsenal,West Ham,1.6,1.8,14.2,5.0,6.0,1.0,1.2,10.8,4.0,5.0,H
8141,2021-12-15,2021-22,Crystal Palace,Southampton,1.4,1.6,12.0,4.0,4.0,0.8,2.4,12.8,5.0,2.0,D
8142,2021-12-15,2021-22,Brighton,Wolves,0.6,1.0,12.6,3.6,4.0,0.2,0.4,8.2,2.2,5.0,A
8143,2021-12-16,2021-22,Chelsea,Everton,2.2,1.4,16.6,6.0,10.0,0.8,2.4,9.8,3.8,3.0,D
8144,2021-12-16,2021-22,Liverpool,Newcastle,2.8,0.2,18.4,6.4,15.0,1.0,2.0,14.4,4.4,5.0,H
8145,2021-12-18,2021-22,Leeds,Arsenal,1.0,2.4,11.4,4.2,5.0,2.0,1.0,17.4,6.0,9.0,A
8146,2021-12-19,2021-22,Newcastle,Man City,0.6,2.0,10.6,3.0,4.0,3.0,0.6,23.4,10.8,15.0,A
8147,2021-12-19,2021-22,Wolves,Chelsea,0.2,0.4,6.8,2.2,5.0,1.8,1.6,18.0,6.6,8.0,D
8148,2021-12-19,2021-22,Tottenham,Liverpool,1.4,0.8,11.6,3.4,10.0,2.6,0.4,19.2,6.2,15.0,D
8149,2021-12-26,2021-22,Brighton,Brentford,0.4,1.0,12.2,3.0,3.0,1.6,1.6,9.0,3.6,8.0,H
8150,2021-12-26,2021-22,Aston Villa,Chelsea,1.4,1.0,10.6,3.2,9.0,1.6,1.4,14.8,5.6,8.0,A
8151,2021-12-26,2021-22,West Ham,Southampton,1.0,1.4,10.6,3.6,5.0,1.0,2.4,12.4,4.8,3.0,A
8152,2021-12-26,2021-22,Tottenham,Crystal Palace,1.8,0.6,11.8,4.4,11.0,1.2,1.4,10.2,3.6,4.0,H
8153,2021-12-26,2021-22,Norwich,Arsenal,0.2,1.4,11.6,3.8,2.0,2.4,1.2,16.8,7.2,9.0,A
8154,2021-12-26,2021-22,Man City,Leicester,3.4,0.4,23.2,10.4,15.0,2.2,1.8,11.4,5.4,7.0,H
8155,2021-12-27,2021-22,Newcastle,Man United,0.6,2.4,9.8,2.2,4.0,1.4,1.4,11.0,4.6,10.0,D
8156,2021-12-28,2021-22,Crystal Palace,Norwich,1.0,1.6,9.4,3.0,4.0,0.2,2.4,9.6,3.4,1.0,H
8157,2021-12-28,2021-22,Southampton,Tottenham,1.6,2.0,13.2,5.4,6.0,2.4,0.6,13.6,5.6,13.0,D
8158,2021-12-28,2021-22,Watford,West Ham,1.8,2.4,13.2,4.8,3.0,1.2,1.6,11.8,4.0,5.0,A
8159,2021-12-28,2021-22,Leicester,Liverpool,2.8,2.4,13.4,6.4,7.0,2.2,0.8,18.8,6.2,13.0,H
8160,2021-12-29,2021-22,Brentford,Man City,1.0,1.4,10.2,4.0,7.0,4.2,0.8,23.2,10.8,15.0,A
8161,2021-12-29,2021-22,Chelsea,Brighton,1.8,1.4,15.2,5.6,8.0,0.8,0.6,14.0,3.6,6.0,D
8162,2021-12-30,2021-22,Man United,Burnley,1.4,0.8,11.8,4.8,11.0,0.8,1.0,9.0,2.8,4.0,H
8163,2022-01-01,2021-22,Arsenal,Man City,3.0,0.6,16.6,6.8,12.0,3.8,0.6,20.4,8.8,15.0,A
8164,2022-01-01,2021-22,Watford,Tottenham,1.2,3.0,12.0,4.4,0.0,2.2,0.6,15.2,7.0,11.0,A
8165,2022-01-01,2021-22,Crystal Palace,West Ham,1.6,1.4,11.4,4.0,7.0,1.8,1.6,11.6,4.0,7.0,A
8166,2022-01-02,2021-22,Brentford,Aston Villa,0.8,1.6,10.2,3.6,4.0,1.2,1.4,10.2,2.8,6.0,H
8167,2022-01-02,2021-22,Everton,Brighton,1.0,2.0,10.0,4.2,4.0,1.0,0.8,13.6,4.0,6.0,A
8168,2022-01-02,2021-22,Leeds,Burnley,1.2,3.2,11.0,3.8,4.0,0.8,1.4,10.0,3.0,3.0,H
8169,2022-01-02,2021-22,Chelsea,Liverpool,1.6,1.0,13.6,5.2,9.0,1.4,0.8,19.8,5.6,10.0,D
8170,2022-01-03,2021-22,Man United,Wolves,1.8,0.8,14.8,5.6,13.0,0.2,0.4,6.6,2.0,5.0,A
8171,2022-01-11,2021-22,Southampton,Brentford,1.4,1.8,12.0,4.4,6.0,1.2,1.4,11.0,4.0,7.0,H
8172,2022-01-12,2021-22,West Ham,Norwich,1.8,1.6,11.4,4.0,7.0,0.0,2.8,8.8,2.8,0.0,H
8173,2022-01-14,2021-22,Brighton,Crystal Palace,1.4,1.0,14.2,4.4,8.0,2.0,1.8,14.2,4.8,7.0,D
8174,2022-01-15,2021-22,Man City,Chelsea,4.0,0.8,18.6,7.2,15.0,1.4,1.0,13.4,5.2,7.0,H
8175,2022-01-15,2021-22,Newcastle,Watford,0.6,2.4,10.6,3.6,4.0,0.8,2.4,10.0,4.2,0.0,D
8176,2022-01-15,2021-22,Norwich,Everton,0.0,2.6,8.2,3.2,0.0,1.4,2.4,10.6,4.4,4.0,H
8177,2022-01-15,2021-22,Wolves,Southampton,0.4,0.4,7.2,2.8,7.0,2.0,1.8,11.6,4.8,8.0,H
8178,2022-01-15,2021-22,Aston Villa,Man United,1.2,1.4,11.6,3.2,6.0,1.2,0.6,13.8,4.0,10.0,D
8179,2022-01-16,2021-22,West Ham,Leeds,2.2,1.6,10.8,4.4,9.0,1.6,3.4,12.4,4.6,4.0,A
8180,2022-01-16,2021-22,Liverpool,Brentford,1.6,1.2,18.4,5.8,8.0,1.0,1.8,10.2,4.2,6.0,H
8181,2022-01-18,2021-22,Brighton,Chelsea,1.4,1.0,15.2,4.4,8.0,1.2,1.0,9.6,3.4,6.0,D
8182,2022-01-19,2021-22,Leicester,Tottenham,2.2,2.0,11.0,5.0,7.0,2.0,0.6,17.2,7.6,11.0,A
8183,2022-01-19,2021-22,Brentford,Man United,0.6,2.2,8.6,3.4,3.0,1.4,1.0,13.2,4.6,8.0,A
8184,2022-01-21,2021-22,Watford,Norwich,0.8,2.2,11.0,4.0,1.0,0.4,2.6,8.8,2.8,3.0,A
8185,2022-01-22,2021-22,Everton,Aston Villa,1.4,2.0,11.4,5.0,4.0,1.2,1.6,11.6,4.2,4.0,A
8186,2022-01-22,2021-22,Brentford,Wolves,0.8,2.4,9.0,3.8,3.0,1.0,0.4,8.4,3.6,10.0,A
8187,2022-01-22,2021-22,Leeds,Newcastle,1.8,3.4,13.4,4.4,6.0,0.6,2.6,9.2,3.0,2.0,A
8188,2022-01-22,2021-22,Man United,West Ham,1.8,1.2,13.2,4.6,8.0,2.6,1.8,12.4,5.2,9.0,H
8189,2022-01-22,2021-22,Southampton,Man City,2.2,1.8,12.0,5.6,8.0,2.8,0.8,14.6,5.4,15.0,D
8190,2022-01-23,2021-22,Chelsea,Tottenham,1.4,1.2,11.0,3.8,6.0,2.0,1.0,19.2,8.2,11.0,H
8191,2022-01-23,2021-22,Leicester,Brighton,2.2,2.2,10.8,4.6,6.0,1.6,1.0,14.8,4.4,9.0,D
8192,2022-01-23,2021-22,Arsenal,Burnley,3.0,0.6,16.0,6.6,12.0,0.4,1.4,8.6,1.6,2.0,D
8193,2022-01-23,2021-22,Crystal Palace,Liverpool,1.6,1.8,11.4,3.8,5.0,2.0,1.2,19.8,7.4,8.0,A
8194,2022-02-05,2021-22,Burnley,Watford,0.4,1.4,9.4,1.6,2.0,0.6,2.2,11.8,4.0,1.0,D
8195,2022-02-08,2021-22,Newcastle,Everton,0.8,1.8,9.8,3.0,5.0,1.0,2.0,12.2,4.2,1.0,H
8196,2022-02-08,2021-22,West Ham,Watford,2.2,1.4,11.4,4.4,9.0,0.4,1.8,12.8,4.6,2.0,H
8197,2022-02-08,2021-22,Burnley,Man United,0.4,1.2,10.0,1.8,3.0,1.8,1.0,14.2,4.4,10.0,D
8198,2022-02-09,2021-22,Aston Villa,Leeds,1.4,1.4,12.4,4.8,7.0,1.4,3.0,13.6,4.2,6.0,D
8199,2022-02-09,2021-22,Tottenham,Southampton,1.6,1.0,18.4,7.8,10.0,2.0,1.6,10.4,5.4,8.0,A
8200,2022-02-09,2021-22,Man City,Brentford,2.2,1.0,15.0,5.0,13.0,1.0,2.6,10.0,3.6,3.0,H
8201,2022-02-09,2021-22,Norwich,Crystal Palace,1.0,2.2,8.8,2.6,6.0,1.4,2.0,11.2,3.6,4.0,D
8202,2022-02-10,2021-22,Liverpool,Leicester,2.0,1.2,18.2,7.2,8.0,2.2,2.0,11.4,4.6,7.0,H
8203,2022-02-10,2021-22,Wolves,Arsenal,1.4,0.4,9.4,3.8,13.0,2.4,0.6,17.0,6.6,10.0,A
8204,2022-02-12,2021-22,Man United,Southampton,1.4,1.0,15.0,4.2,8.0,2.0,1.6,12.8,6.2,8.0,D
8205,2022-02-12,2021-22,Brentford,Crystal Palace,0.6,2.8,9.2,3.2,0.0,1.6,1.6,13.0,4.6,5.0,D
8206,2022-02-12,2021-22,Everton,Leeds,1.0,2.0,12.0,3.6,1.0,2.0,2.2,15.6,5.2,7.0,H
8207,2022-02-12,2021-22,Watford,Brighton,0.2,1.2,11.2,3.8,2.0,1.4,1.2,14.6,4.4,7.0,A
8208,2022-02-12,2021-22,Norwich,Man City,1.2,1.4,9.0,2.4,7.0,1.4,0.4,14.6,4.6,13.0,A
8209,2022-02-13,2021-22,Burnley,Liverpool,0.6,1.4,10.0,2.2,3.0,2.0,0.8,19.0,8.2,10.0,A
8210,2022-02-13,2021-22,Newcastle,Aston Villa,1.2,1.4,13.0,4.4,8.0,1.6,2.0,11.4,4.4,5.0,H
8211,2022-02-13,2021-22,Tottenham,Wolves,1.4,1.6,16.6,7.2,7.0,1.2,0.6,10.8,3.6,10.0,A
8212,2022-02-13,2021-22,Leicester,West Ham,1.4,2.4,10.8,3.8,4.0,1.6,1.2,10.6,3.8,9.0,D
8213,2022-02-15,2021-22,Man United,Brighton,1.6,1.0,15.6,5.4,9.0,1.6,1.0,13.2,4.4,9.0,H
8214,2022-02-19,2021-22,Southampton,Everton,2.0,1.6,13.6,6.6,8.0,1.4,1.8,15.2,5.0,3.0,H
8215,2022-02-19,2021-22,Man City,Tottenham,2.0,0.4,16.6,5.8,13.0,1.2,1.8,15.8,6.4,6.0,A
8216,2022-02-19,2021-22,Liverpool,Norwich,2.2,0.6,17.2,8.2,13.0,1.2,1.6,8.2,2.4,7.0,H
8217,2022-02-19,2021-22,Crystal Palace,Chelsea,1.0,1.6,10.4,4.0,3.0,1.2,1.0,12.0,4.4,6.0,A
8218,2022-02-19,2021-22,Aston Villa,Watford,1.4,1.6,12.0,4.4,5.0,0.2,1.4,11.8,3.2,2.0,A
8219,2022-02-19,2021-22,Arsenal,Brentford,2.2,0.6,15.2,5.4,10.0,0.4,2.0,10.0,2.8,1.0,H
8220,2022-02-19,2021-22,West Ham,Newcastle,1.4,1.2,10.2,3.4,7.0,1.4,0.6,14.0,4.6,11.0,D
8221,2022-02-19,2021-22,Brighton,Burnley,1.0,1.0,12.8,4.0,6.0,0.4,1.0,9.6,2.6,3.0,A
8222,2022-02-20,2021-22,Leeds,Man United,1.8,2.0,15.2,4.8,7.0,1.6,0.6,16.8,5.6,11.0,A
8223,2022-02-20,2021-22,Wolves,Leicester,1.6,0.6,12.2,4.8,12.0,1.2,1.6,10.6,2.6,5.0,H
8224,2022-02-23,2021-22,Liverpool,Leeds,2.4,0.4,21.0,8.6,15.0,1.6,2.6,14.0,4.6,4.0,H
8225,2022-02-23,2021-22,Burnley,Tottenham,0.8,0.4,10.0,3.0,6.0,1.6,2.2,12.8,5.6,6.0,H
8226,2022-02-23,2021-22,Watford,Crystal Palace,0.2,1.2,9.8,3.0,4.0,0.6,1.2,7.4,2.8,3.0,A
8227,2022-02-24,2021-22,Arsenal,Wolves,1.8,0.6,15.8,4.6,10.0,1.8,0.8,10.6,4.2,12.0,H
8228,2022-02-25,2021-22,Southampton,Norwich,1.6,1.4,15.0,7.6,8.0,1.4,1.8,8.0,2.0,7.0,H
8229,2022-02-26,2021-22,Leeds,Tottenham,1.0,3.4,11.0,4.0,1.0,1.0,2.0,9.8,4.0,3.0,A
8230,2022-02-26,2021-22,Brentford,Newcastle,0.6,1.8,10.0,3.0,1.0,1.4,0.6,14.2,3.6,11.0,A
8231,2022-02-26,2021-22,Crystal Palace,Burnley,1.2,1.2,8.2,3.6,5.0,1.0,0.4,11.0,3.6,8.0,D
8232,2022-02-26,2021-22,Man United,Watford,1.8,0.8,17.2,6.4,11.0,0.4,1.4,8.4,2.4,4.0,D
8233,2022-02-26,2021-22,Brighton,Aston Villa,0.8,1.4,11.2,3.4,5.0,1.2,1.4,12.8,3.6,5.0,A
8234,2022-02-26,2021-22,Everton,Man City,1.0,1.6,13.6,3.8,3.0,2.0,0.8,17.8,6.2,10.0,A
8235,2022-02-27,2021-22,West Ham,Wolves,1.2,1.4,9.8,3.0,5.0,1.4,1.0,10.0,3.6,9.0,H
8236,2022-03-01,2021-22,Burnley,Leicester,1.2,0.6,9.4,3.4,8.0,1.2,2.0,12.8,3.8,2.0,A
8237,2022-03-05,2021-22,Wolves,Crystal Palace,1.0,1.0,11.4,3.4,6.0,1.2,0.8,8.8,3.4,6.0,A
8238,2022-03-05,2021-22,Liverpool,West Ham,3.0,0.4,20.2,9.0,15.0,1.0,0.8,9.4,2.8,8.0,H
8239,2022-03-05,2021-22,Norwich,Brentford,1.0,2.0,6.8,1.6,4.0,0.4,1.6,7.6,1.6,1.0,A
8240,2022-03-05,2021-22,Leicester,Leeds,1.2,1.4,14.4,4.2,5.0,1.0,4.0,12.2,3.8,1.0,H
8241,2022-03-05,2021-22,Burnley,Chelsea,1.0,0.8,9.4,3.2,7.0,1.2,0.8,11.6,4.0,8.0,A
8242,2022-03-05,2021-22,Aston Villa,Southampton,1.2,1.0,12.0,2.6,7.0,1.8,0.8,17.8,7.4,11.0,H
8243,2022-03-05,2021-22,Newcastle,Brighton,1.6,0.4,17.0,5.6,13.0,0.6,1.6,11.6,3.2,4.0,H
8244,2022-03-06,2021-22,Watford,Arsenal,0.4,1.4,8.2,1.8,4.0,1.2,0.8,17.8,4.4,10.0,A
8245,2022-03-06,2021-22,Man City,Man United,2.0,0.8,18.2,6.6,10.0,1.6,0.8,18.0,6.4,9.0,H
8246,2022-03-07,2021-22,Tottenham,Everton,1.8,1.6,11.6,5.6,6.0,0.8,1.4,12.4,3.2,3.0,H
8247,2022-03-10,2021-22,Norwich,Chelsea,0.6,2.6,8.4,2.6,1.0,1.6,0.4,10.8,3.8,10.0,A
8248,2022-03-10,2021-22,Southampton,Newcastle,1.6,1.4,18.6,7.0,10.0,1.8,0.6,16.0,5.8,13.0,A
8249,2022-03-10,2021-22,Wolves,Watford,1.0,1.2,10.8,3.6,6.0,0.8,1.8,9.6,3.0,4.0,H
8250,2022-03-10,2021-22,Leeds,Aston Villa,0.4,3.6,12.8,3.0,0.0,1.8,1.0,13.2,3.8,7.0,A
8251,2022-03-12,2021-22,Brentford,Burnley,0.8,1.4,7.4,2.6,4.0,1.0,1.4,9.0,2.4,7.0,H
8252,2022-03-12,2021-22,Brighton,Liverpool,0.6,1.8,11.8,3.0,3.0,2.6,0.2,21.6,8.6,15.0,A
8253,2022-03-12,2021-22,Man United,Tottenham,1.6,1.4,14.6,5.8,8.0,2.4,1.0,12.8,6.4,9.0,H
8254,2022-03-13,2021-22,West Ham,Aston Villa,1.0,0.8,10.8,3.6,8.0,1.8,0.4,13.8,4.8,9.0,H
8255,2022-03-13,2021-22,Arsenal,Leicester,1.6,0.8,19.6,4.8,13.0,1.2,1.2,12.8,4.0,7.0,H
8256,2022-03-13,2021-22,Southampton,Watford,1.2,1.4,16.8,6.0,7.0,0.8,2.2,9.6,2.8,4.0,A
8257,2022-03-13,2021-22,Leeds,Norwich,0.4,3.6,12.2,3.2,0.0,0.6,3.0,9.2,3.0,0.0,H
8258,2022-03-13,2021-22,Everton,Wolves,0.8,2.2,10.6,3.0,3.0,1.4,1.2,10.6,3.2,6.0,A
8259,2022-03-13,2021-22,Chelsea,Newcastle,2.2,0.4,13.0,5.0,13.0,1.6,0.6,13.6,4.8,13.0,H
8260,2022-03-14,2021-22,Crystal Palace,Man City,1.4,0.6,8.6,4.0,8.0,2.6,0.8,19.0,7.6,12.0,D
8261,2022-03-16,2021-22,Brighton,Tottenham,0.2,2.2,11.2,2.4,0.0,2.8,1.2,11.4,5.6,9.0,A
8262,2022-03-16,2021-22,Arsenal,Liverpool,2.0,0.8,19.8,5.4,15.0,2.6,0.2,20.8,8.2,15.0,A
8263,2022-03-17,2021-22,Everton,Newcastle,0.6,1.8,10.0,2.8,3.0,1.4,0.8,13.0,4.8,10.0,H
8264,2022-03-18,2021-22,Wolves,Leeds,1.2,1.0,11.2,3.2,6.0,0.4,3.0,11.6,3.4,3.0,A
8265,2022-03-19,2021-22,Aston Villa,Arsenal,2.0,0.6,14.2,6.0,9.0,1.8,1.2,19.2,5.4,12.0,A
8266,2022-03-20,2021-22,Tottenham,West Ham,2.6,0.8,13.6,6.0,9.0,1.2,1.0,11.2,3.8,8.0,H
8267,2022-03-20,2021-22,Leicester,Brentford,1.2,1.2,13.0,4.4,7.0,1.2,1.0,8.8,3.0,7.0,H
8268,2022-04-02,2021-22,Liverpool,Watford,2.8,0.2,20.2,8.0,15.0,1.0,2.4,9.8,3.0,4.0,H
8269,2022-04-02,2021-22,Brighton,Norwich,0.2,2.2,12.2,1.8,0.0,0.8,2.6,10.0,3.2,0.0,D
8270,2022-04-02,2021-22,Burnley,Man City,0.4,1.8,8.4,1.8,4.0,2.2,0.8,19.6,7.0,10.0,A
8271,2022-04-02,2021-22,Chelsea,Brentford,2.2,0.2,11.6,5.0,15.0,1.4,1.4,10.0,3.8,6.0,A
8272,2022-04-02,2021-22,Leeds,Southampton,1.0,2.2,14.0,4.2,6.0,1.2,1.6,16.8,6.6,6.0,D
8273,2022-04-02,2021-22,Wolves,Aston Villa,1.4,1.2,12.8,4.4,6.0,2.0,0.6,11.8,6.0,9.0,H
8274,2022-04-02,2021-22,Man United,Leicester,2.0,1.6,14.2,5.4,10.0,1.2,1.0,12.8,4.8,9.0,D
8275,2022-04-03,2021-22,Tottenham,Newcastle,3.2,0.8,14.6,6.4,12.0,1.2,0.8,13.6,5.4,9.0,H
8276,2022-04-03,2021-22,West Ham,Everton,1.0,1.2,10.8,3.4,7.0,0.2,1.8,7.6,1.4,3.0,H
8277,2022-04-04,2021-22,Crystal Palace,Arsenal,1.4,0.6,8.8,3.6,8.0,1.6,1.0,16.4,4.4,12.0,H
8278,2022-04-06,2021-22,Burnley,Everton,0.2,2.2,6.0,1.2,1.0,0.4,1.8,8.4,1.8,3.0,H
8279,2022-04-08,2021-22,Newcastle,Wolves,1.0,1.8,10.0,3.4,6.0,1.8,1.2,12.2,5.2,9.0,H
8280,2022-04-09,2021-22,Everton,Man United,0.8,2.2,10.4,2.2,3.0,1.8,1.8,12.6,5.0,8.0,H
8281,2022-04-09,2021-22,Arsenal,Brighton,1.2,1.4,13.6,4.0,9.0,0.2,1.6,16.2,2.4,1.0,A
8282,2022-04-09,2021-22,Southampton,Chelsea,1.0,1.8,15.8,5.6,4.0,2.0,1.0,12.8,5.2,12.0,A
8283,2022-04-09,2021-22,Watford,Leeds,0.8,2.0,9.2,3.2,4.0,1.2,1.6,12.6,4.2,7.0,A
8284,2022-04-09,2021-22,Aston Villa,Tottenham,1.8,1.0,13.0,6.2,6.0,3.4,1.0,15.4,5.4,12.0,A
8285,2022-04-10,2021-22,Brentford,West Ham,2.0,1.2,12.2,4.6,9.0,1.2,1.2,10.8,3.8,9.0,H
8286,2022-04-10,2021-22,Leicester,Crystal Palace,1.2,0.8,11.6,4.0,10.0,2.0,0.4,8.6,4.6,11.0,H
8287,2022-04-10,2021-22,Norwich,Burnley,0.6,2.0,10.0,3.0,1.0,0.6,2.4,7.6,1.8,3.0,H
8288,2022-04-10,2021-22,Man City,Liverpool,1.8,0.8,18.8,6.4,10.0,2.6,0.0,18.4,7.0,15.0,D
8289,2022-04-16,2021-22,Tottenham,Brighton,3.2,1.0,14.8,5.0,12.0,0.6,1.4,15.4,2.8,4.0,A
8290,2022-04-16,2021-22,Man United,Norwich,1.0,1.6,12.0,4.0,5.0,1.0,1.6,11.8,4.0,4.0,H
8291,2022-04-16,2021-22,Southampton,Arsenal,0.6,3.0,11.2,4.0,1.0,0.8,1.4,14.4,4.0,6.0,H
8292,2022-04-16,2021-22,Watford,Brentford,0.8,2.6,8.8,3.0,3.0,2.4,0.8,14.0,5.8,12.0,A
8293,2022-04-17,2021-22,West Ham,Burnley,1.0,1.6,9.2,3.2,6.0,0.6,2.4,9.4,2.2,3.0,D
8294,2022-04-17,2021-22,Newcastle,Leicester,0.8,1.6,10.4,3.4,6.0,1.2,1.0,9.6,3.4,10.0,H
8295,2022-04-19,2021-22,Liverpool,Man United,1.8,0.4,15.0,4.8,13.0,1.6,2.0,11.6,5.2,7.0,H
8296,2022-04-20,2021-22,Chelsea,Arsenal,3.0,1.0,15.8,7.4,12.0,0.4,1.6,14.8,3.6,3.0,A
8297,2022-04-20,2021-22,Everton,Leicester,1.0,1.2,10.6,2.8,6.0,1.2,1.4,9.8,3.0,7.0,D
8298,2022-04-20,2021-22,Newcastle,Crystal Palace,0.8,1.6,12.0,4.0,6.0,1.4,0.6,9.4,4.2,8.0,H
8299,2022-04-20,2021-22,Man City,Brighton,1.8,0.6,16.8,6.6,11.0,0.6,1.0,14.8,3.0,7.0,H
8300,2022-04-21,2021-22,Burnley,Southampton,0.8,1.8,10.0,2.2,4.0,0.8,2.2,10.8,4.4,4.0,H
8301,2022-04-23,2021-22,Norwich,Newcastle,1.2,1.6,11.8,3.4,4.0,1.0,1.4,13.2,4.4,9.0,A
8302,2022-04-23,2021-22,Brentford,Tottenham,2.2,0.8,15.2,5.6,12.0,2.8,0.6,13.8,4.4,12.0,D
8303,2022-04-23,2021-22,Leicester,Aston Villa,1.4,1.2,10.8,3.0,8.0,1.0,1.8,12.0,6.0,3.0,D
8304,2022-04-23,2021-22,Arsenal,Man United,1.2,1.6,15.8,4.0,6.0,1.4,2.0,11.0,5.0,7.0,H
8305,2022-04-23,2021-22,Man City,Watford,2.2,0.6,17.6,6.0,11.0,0.6,2.4,9.6,2.4,3.0,H
8306,2022-04-24,2021-22,Liverpool,Everton,2.4,0.4,13.4,4.8,13.0,1.2,1.2,11.6,3.0,7.0,H
8307,2022-04-24,2021-22,Brighton,Southampton,0.6,1.2,13.6,2.6,7.0,0.6,2.2,10.2,4.0,4.0,D
8308,2022-04-24,2021-22,Burnley,Wolves,1.2,1.4,11.8,3.2,7.0,1.8,1.0,10.8,4.6,9.0,H
8309,2022-04-24,2021-22,Chelsea,West Ham,2.6,1.8,15.8,6.8,9.0,1.2,1.6,10.8,3.8,7.0,H
8310,2022-04-25,2021-22,Crystal Palace,Leeds,1.2,0.6,9.2,3.8,7.0,1.8,1.4,10.8,4.4,10.0,D
8311,2022-04-28,2021-22,Man United,Chelsea,1.0,2.2,11.8,4.8,4.0,2.2,1.6,18.0,6.4,9.0,D
8312,2022-04-30,2021-22,Wolves,Brighton,1.0,1.2,10.8,4.4,6.0,1.0,1.2,12.2,3.6,8.0,A
8313,2022-04-30,2021-22,Leeds,Man City,1.8,0.8,11.8,4.6,11.0,2.4,0.6,17.0,5.6,11.0,A
8314,2022-04-30,2021-22,Watford,Burnley,0.8,2.6,8.8,2.8,3.0,1.4,1.0,14.0,4.0,10.0,A
8315,2022-04-30,2021-22,Newcastle,Liverpool,1.6,1.2,12.4,4.6,12.0,2.4,0.4,13.4,3.8,13.0,A
8316,2022-04-30,2021-22,Aston Villa,Norwich,0.4,1.8,11.2,4.8,1.0,1.0,1.6,11.0,3.2,4.0,H
8317,2022-04-30,2021-22,Southampton,Crystal Palace,0.8,2.2,11.2,3.6,5.0,0.8,0.6,10.2,3.6,5.0,A
8318,2022-05-01,2021-22,Everton,Chelsea,1.0,1.6,11.6,2.6,4.0,2.2,1.8,20.6,7.0,7.0,H
8319,2022-05-01,2021-22,Tottenham,Leicester,2.4,0.6,12.2,3.0,10.0,1.0,1.0,9.4,2.6,6.0,H
8320,2022-05-01,2021-22,West Ham,Arsenal,0.8,1.6,9.8,3.4,4.0,1.6,1.8,16.6,4.8,6.0,A
8321,2022-05-02,2021-22,Man United,Brentford,1.0,2.2,10.8,4.4,4.0,1.8,0.8,15.6,5.2,10.0,H
8322,2022-05-07,2021-22,Liverpool,Tottenham,2.2,0.4,16.4,5.2,13.0,2.4,0.6,11.4,3.6,10.0,D
8323,2022-05-07,2021-22,Brentford,Southampton,1.6,1.0,15.0,4.8,10.0,0.8,2.4,10.0,3.0,4.0,H
8324,2022-05-07,2021-22,Burnley,Aston Villa,1.2,0.8,14.8,4.4,10.0,0.6,1.4,12.8,4.6,4.0,A
8325,2022-05-07,2021-22,Chelsea,Wolves,2.0,1.2,19.8,6.4,7.0,0.8,1.8,10.2,4.0,3.0,D
8326,2022-05-07,2021-22,Crystal Palace,Watford,1.2,0.8,11.6,4.4,7.0,0.6,2.8,9.6,2.0,0.0,H
8327,2022-05-07,2021-22,Brighton,Man United,1.6,1.2,9.4,4.6,10.0,1.6,2.0,10.2,4.6,7.0,H
8328,2022-05-08,2021-22,Leicester,Everton,1.0,1.4,8.4,2.4,5.0,1.0,1.2,10.8,3.0,7.0,A
8329,2022-05-08,2021-22,Norwich,West Ham,0.8,1.6,10.4,3.0,4.0,0.8,1.4,10.2,3.8,4.0,A
8330,2022-05-08,2021-22,Arsenal,Leeds,2.0,1.4,16.8,5.6,9.0,1.4,1.4,10.6,3.6,8.0,H
8331,2022-05-08,2021-22,Man City,Newcastle,3.2,0.6,17.2,6.0,13.0,1.4,0.4,11.6,4.8,12.0,H
8332,2022-05-10,2021-22,Aston Villa,Liverpool,1.2,1.4,13.6,5.8,7.0,2.0,0.6,16.8,5.2,11.0,A
8333,2022-05-11,2021-22,Wolves,Man City,0.8,1.6,10.2,3.2,4.0,3.8,0.6,17.8,6.6,13.0,A
8334,2022-05-11,2021-22,Watford,Everton,0.6,2.6,9.8,1.8,0.0,1.0,0.8,9.6,3.0,10.0,D
8335,2022-05-11,2021-22,Leeds,Chelsea,1.0,1.4,8.2,2.8,5.0,1.2,1.6,18.8,4.8,5.0,A
8336,2022-05-11,2021-22,Leicester,Norwich,0.8,1.6,9.2,3.6,2.0,0.8,2.4,10.8,3.4,3.0,H
8337,2022-05-12,2021-22,Tottenham,Arsenal,1.6,0.6,9.2,3.0,8.0,2.2,1.2,16.6,6.6,12.0,H
8338,2022-05-15,2021-22,Tottenham,Burnley,1.4,0.6,10.2,3.2,8.0,1.4,1.0,14.0,4.8,10.0,H
8339,2022-05-15,2021-22,Aston Villa,Crystal Palace,1.2,1.4,12.4,5.6,7.0,0.8,0.8,13.4,4.8,7.0,D
8340,2022-05-15,2021-22,Leeds,Brighton,0.8,1.8,6.8,2.2,4.0,2.0,1.0,11.2,5.2,10.0,D
8341,2022-05-15,2021-22,Watford,Leicester,0.6,2.0,9.4,1.6,1.0,1.2,1.2,11.6,4.8,5.0,A
8342,2022-05-15,2021-22,West Ham,Man City,1.2,1.2,10.6,3.8,4.0,4.4,0.4,18.8,6.6,15.0,D
8343,2022-05-15,2021-22,Wolves,Norwich,0.6,2.4,9.4,2.8,1.0,0.4,3.0,9.2,3.2,0.0,D
8344,2022-05-15,2021-22,Everton,Brentford,0.8,0.8,11.4,3.4,8.0,1.4,0.8,15.2,4.6,10.0,A
8345,2022-05-16,2021-22,Newcastle,Arsenal,1.2,1.4,10.6,4.6,9.0,2.2,1.6,13.6,6.2,12.0,H
8346,2022-05-17,2021-22,Southampton,Liverpool,0.8,1.8,13.0,3.6,4.0,2.0,0.4,19.0,5.6,13.0,A
8347,2022-05-19,2021-22,Everton,Crystal Palace,1.0,1.2,10.8,3.8,7.0,0.8,0.6,14.4,5.0,8.0,H
8348,2022-05-19,2021-22,Aston Villa,Burnley,1.4,0.8,13.2,4.8,8.0,1.2,1.0,13.8,4.8,9.0,D
8349,2022-05-19,2021-22,Chelsea,Leicester,1.4,0.8,20.0,5.2,8.0,2.0,1.2,12.0,5.6,7.0,D
8350,2022-05-22,2021-22,Norwich,Tottenham,0.2,2.6,8.4,2.8,1.0,1.6,0.4,13.4,4.8,11.0,A
8351,2022-05-22,2021-22,Man City,Aston Villa,4.2,0.8,21.6,7.2,13.0,1.6,1.0,15.4,6.0,8.0,H
8352,2022-05-22,2021-22,Liverpool,Wolves,1.6,0.6,21.0,5.6,13.0,0.8,2.4,11.8,3.2,2.0,H
8353,2022-05-22,2021-22,Leicester,Southampton,2.2,1.4,11.4,5.4,7.0,0.8,2.2,12.0,3.4,1.0,H
8354,2022-05-22,2021-22,Crystal Palace,Man United,1.2,1.0,13.8,5.6,8.0,1.0,2.4,9.2,3.8,4.0,H
8355,2022-05-22,2021-22,Chelsea,Watford,1.4,1.0,18.8,5.6,6.0,0.6,2.6,8.6,1.8,1.0,H
8356,2022-05-22,2021-22,Burnley,Newcastle,1.0,1.2,12.6,4.6,7.0,1.2,1.2,10.6,4.0,9.0,A
8357,2022-05-22,2021-22,Brighton,West Ham,2.0,1.2,12.0,5.4,8.0,1.6,1.2,10.8,4.0,5.0,H
8358,2022-05-22,2021-22,Brentford,Leeds,1.6,1.2,15.8,4.6,10.0,0.4,2.0,8.6,2.2,2.0,A
8359,2022-05-22,2021-22,Arsenal,Everton,1.4,1.6,13.0,5.8,9.0,1.6,1.2,11.4,4.8,10.0,H
8360,2022-08-05,2022-23,Crystal Palace,Arsenal,1.4,1.0,11.6,4.8,10.0,1.8,1.6,15.4,6.2,9.0,A
8361,2022-08-06,2022-23,Everton,Chelsea,1.6,2.2,10.8,4.4,7.0,1.6,1.0,18.4,6.0,8.0,A
8362,2022-08-06,2022-23,Tottenham,Southampton,2.6,0.4,15.4,7.4,13.0,1.0,2.6,11.2,3.2,1.0,H
8364,2022-08-06,2022-23,Bournemouth,Aston Villa,1.6,1.2,11.6,3.8,7.0,1.6,1.6,12.0,5.2,5.0,H
8365,2022-08-06,2022-23,Fulham,Liverpool,0.4,2.0,12.6,2.8,1.0,1.8,0.8,23.2,6.4,13.0,D
8366,2022-08-06,2022-23,Leeds,Wolves,0.8,2.2,9.6,3.0,4.0,1.0,2.8,11.2,3.4,2.0,H
8367,2022-08-07,2022-23,Leicester,Brentford,2.8,1.0,12.6,6.2,10.0,1.4,1.4,15.4,4.6,7.0,D
8368,2022-08-07,2022-23,Man United,Brighton,1.0,1.8,10.8,4.4,4.0,2.6,0.8,15.2,6.6,11.0,A
8369,2022-08-07,2022-23,West Ham,Man City,1.6,1.6,8.0,2.8,4.0,3.8,1.0,22.2,6.6,13.0,A
8370,2022-08-13,2022-23,Wolves,Fulham,1.2,2.6,12.0,4.4,2.0,0.8,2.0,12.4,2.8,2.0,D
8371,2022-08-13,2022-23,Brentford,Man United,1.8,1.8,14.0,4.8,7.0,1.0,1.6,11.4,4.4,4.0,H
8372,2022-08-13,2022-23,Southampton,Leeds,0.8,3.0,9.6,2.6,0.0,1.2,1.6,10.6,3.4,7.0,D
8373,2022-08-13,2022-23,Man City,Bournemouth,3.4,1.0,21.2,5.8,13.0,2.0,1.2,11.2,4.0,9.0,H
8374,2022-08-13,2022-23,Brighton,Newcastle,2.6,0.6,16.6,6.4,13.0,1.2,1.4,11.6,5.0,9.0,D
8375,2022-08-13,2022-23,Arsenal,Leicester,1.8,1.4,14.8,5.2,9.0,3.0,1.0,12.2,5.4,11.0,H
8376,2022-08-13,2022-23,Aston Villa,Everton,1.0,1.8,12.6,4.2,2.0,1.2,2.2,10.4,4.4,4.0,H
8378,2022-08-14,2022-23,Chelsea,Tottenham,1.8,0.8,18.0,6.2,11.0,2.8,0.4,16.4,7.6,13.0,D
8379,2022-08-15,2022-23,Liverpool,Crystal Palace,2.0,1.2,20.6,5.2,11.0,1.0,1.2,10.8,4.2,7.0,D
8380,2022-08-20,2022-23,Bournemouth,Arsenal,1.2,1.8,9.8,3.4,6.0,2.2,1.6,14.8,4.8,9.0,A
8381,2022-08-20,2022-23,Leicester,Southampton,2.8,1.8,9.4,4.2,8.0,1.0,3.0,10.8,2.8,1.0,A
8382,2022-08-20,2022-23,Fulham,Brentford,0.8,1.6,10.0,2.8,3.0,2.6,1.2,14.2,5.4,10.0,H
8383,2022-08-20,2022-23,Crystal Palace,Aston Villa,1.0,1.4,9.2,3.4,5.0,1.2,1.6,13.2,4.2,5.0,H
8384,2022-08-20,2022-23,Tottenham,Wolves,3.0,0.6,16.8,8.0,13.0,0.8,2.2,10.6,3.8,2.0,H
8386,2022-08-21,2022-23,Leeds,Chelsea,1.4,1.6,12.6,4.0,8.0,1.8,0.8,17.4,5.6,11.0,H
8387,2022-08-21,2022-23,West Ham,Brighton,1.4,1.6,10.2,3.0,4.0,2.0,0.6,15.8,6.0,11.0,A
8388,2022-08-21,2022-23,Newcastle,Man City,1.2,1.2,11.6,4.8,10.0,3.2,1.0,20.8,5.4,13.0,D
8389,2022-08-22,2022-23,Man United,Liverpool,0.8,2.2,13.2,4.6,3.0,2.0,1.2,21.0,5.4,11.0,H
8390,2022-08-27,2022-23,Man City,Crystal Palace,2.8,1.4,21.8,6.4,11.0,1.4,1.4,9.4,4.4,7.0,H
8391,2022-08-27,2022-23,Arsenal,Fulham,2.8,1.0,16.0,5.2,12.0,1.2,1.4,11.6,4.0,6.0,H
8392,2022-08-27,2022-23,Liverpool,Bournemouth,1.8,1.4,21.0,5.2,8.0,1.0,2.0,8.0,3.0,6.0,H
8393,2022-08-27,2022-23,Brighton,Leeds,1.6,0.6,14.6,5.2,11.0,2.0,1.0,14.0,5.2,11.0,H
8394,2022-08-27,2022-23,Brentford,Everton,2.4,1.8,13.2,5.4,7.0,1.2,2.2,12.0,4.8,4.0,D
8395,2022-08-27,2022-23,Southampton,Man United,1.4,2.6,8.8,2.6,4.0,0.6,2.4,13.8,4.4,3.0,A
8396,2022-08-27,2022-23,Chelsea,Leicester,1.2,1.4,16.8,5.4,8.0,2.0,2.0,8.0,3.0,5.0,H
8397,2022-08-28,2022-23,Aston Villa,West Ham,1.2,2.0,13.2,4.4,4.0,0.6,2.0,10.2,2.6,1.0,A
8398,2022-08-28,2022-23,Wolves,Newcastle,0.6,1.4,13.2,3.8,2.0,1.8,0.8,12.6,5.4,11.0,D
8400,2022-08-30,2022-23,Southampton,Chelsea,1.2,2.4,11.4,3.2,4.0,1.4,1.4,14.2,4.6,10.0,H
8401,2022-08-30,2022-23,Crystal Palace,Brentford,1.4,1.6,8.4,3.8,7.0,2.0,1.6,13.4,5.0,5.0,D
8402,2022-08-30,2022-23,Fulham,Brighton,1.2,1.6,12.2,3.6,5.0,1.6,0.4,14.0,4.8,13.0,H
8403,2022-08-30,2022-23,Leeds,Everton,1.8,1.0,12.2,4.6,10.0,0.8,2.0,12.4,5.0,2.0,D
8404,2022-08-31,2022-23,Arsenal,Aston Villa,3.2,0.8,18.2,6.4,15.0,1.0,2.0,10.6,3.2,3.0,H
8405,2022-08-31,2022-23,Bournemouth,Wolves,1.0,3.4,6.8,2.8,6.0,0.6,1.4,11.8,3.8,2.0,D
8407,2022-08-31,2022-23,West Ham,Tottenham,0.4,1.6,10.4,2.6,3.0,2.8,0.6,15.2,7.4,13.0,D
8408,2022-08-31,2022-23,Liverpool,Newcastle,3.2,1.2,20.0,6.6,8.0,1.6,1.0,13.6,5.8,9.0,H
8409,2022-09-01,2022-23,Leicester,Man United,2.0,2.2,11.0,3.8,4.0,0.8,1.6,13.0,4.6,6.0,A
8410,2022-09-03,2022-23,Wolves,Southampton,0.4,0.8,13.8,3.6,3.0,1.4,1.8,11.8,4.2,7.0,H
8411,2022-09-03,2022-23,Chelsea,West Ham,1.2,1.6,12.4,3.8,7.0,0.4,1.2,11.8,3.0,4.0,H
8412,2022-09-03,2022-23,Aston Villa,Man City,0.8,1.8,10.6,3.4,3.0,3.8,1.0,17.8,6.6,13.0,D
8413,2022-09-03,2022-23,Tottenham,Fulham,2.0,0.8,14.0,5.6,11.0,1.6,1.4,11.4,4.2,8.0,H
8414,2022-09-03,2022-23,Everton,Liverpool,0.8,1.2,12.6,5.0,3.0,3.0,1.2,18.8,6.2,8.0,D
8415,2022-09-03,2022-23,Newcastle,Crystal Palace,1.4,1.2,13.0,5.0,6.0,1.4,1.8,9.8,4.0,5.0,D
8416,2022-09-03,2022-23,Nott'm Forest,Bournemouth,0.4,2.2,11.4,2.6,4.0,0.4,3.2,5.2,1.8,4.0,A
8417,2022-09-03,2022-23,Brentford,Leeds,2.0,1.4,12.4,4.6,6.0,1.6,1.0,12.2,4.4,8.0,H
8418,2022-09-04,2022-23,Brighton,Leicester,1.2,0.6,11.8,4.2,10.0,1.2,2.2,10.6,3.0,1.0,H
8419,2022-09-04,2022-23,Man United,Arsenal,1.0,1.4,12.8,4.2,9.0,2.6,0.8,17.4,6.4,15.0,H
8420,2022-09-16,2022-23,Aston Villa,Southampton,1.0,1.6,8.2,3.2,4.0,1.2,1.2,12.2,4.0,7.0,H
8421,2022-09-16,2022-23,Nott'm Forest,Fulham,0.8,2.4,12.6,3.2,4.0,1.4,1.4,11.4,4.2,7.0,A
8422,2022-09-17,2022-23,Wolves,Man City,0.4,0.4,12.2,2.8,6.0,3.6,1.2,17.6,7.0,11.0,A
8423,2022-09-17,2022-23,Newcastle,Bournemouth,1.0,1.2,13.0,4.2,4.0,0.6,3.6,5.4,1.8,4.0,D
8424,2022-09-17,2022-23,Tottenham,Leicester,1.6,0.8,15.0,6.0,11.0,1.2,2.8,9.0,2.8,0.0,H
8425,2022-09-18,2022-23,Brentford,Arsenal,2.6,1.4,13.6,5.6,8.0,2.4,1.4,18.6,6.6,12.0,A
8426,2022-09-18,2022-23,Everton,West Ham,0.8,1.0,13.8,4.8,4.0,0.6,1.2,11.8,3.4,4.0,H
8427,2022-10-01,2022-23,Southampton,Everton,0.8,1.0,10.8,3.4,6.0,0.8,0.6,12.2,4.4,7.0,A
8428,2022-10-01,2022-23,West Ham,Wolves,0.6,1.2,10.8,3.2,4.0,0.4,1.0,12.0,2.8,5.0,H
8429,2022-10-01,2022-23,Fulham,Newcastle,2.0,1.8,12.6,5.0,9.0,1.2,1.4,16.2,5.4,4.0,A
8430,2022-10-01,2022-23,Liverpool,Brighton,2.6,0.8,21.2,7.0,8.0,1.8,0.8,13.4,5.6,10.0,D
8431,2022-10-01,2022-23,Bournemouth,Brentford,0.8,3.0,6.8,2.2,5.0,1.8,2.0,12.0,4.6,5.0,D
8432,2022-10-01,2022-23,Arsenal,Tottenham,2.2,1.0,17.4,6.6,12.0,2.4,0.8,16.2,7.2,13.0,H
8433,2022-10-01,2022-23,Crystal Palace,Chelsea,1.4,1.4,11.6,5.4,6.0,1.4,1.8,11.0,3.2,7.0,A
8434,2022-10-02,2022-23,Man City,Man United,3.4,1.2,17.0,7.0,11.0,1.4,1.2,11.4,4.4,12.0,H
8435,2022-10-02,2022-23,Leeds,Aston Villa,1.6,1.8,13.2,4.8,5.0,0.8,1.4,8.0,3.0,4.0,D
8436,2022-10-03,2022-23,Leicester,Nott'm Forest,1.2,3.2,11.6,3.8,0.0,1.0,3.0,12.2,2.6,1.0,H
8437,2022-10-08,2022-23,Man City,Southampton,4.0,1.2,17.2,7.0,13.0,0.6,1.2,13.4,4.0,3.0,H
8438,2022-10-08,2022-23,Bournemouth,Leicester,0.8,2.4,7.0,2.2,6.0,1.8,2.8,13.8,5.0,3.0,H
8439,2022-10-08,2022-23,Chelsea,Wolves,1.4,1.6,10.4,3.2,9.0,0.4,1.2,11.0,3.0,5.0,H
8440,2022-10-08,2022-23,Newcastle,Brentford,1.4,1.0,17.6,6.2,6.0,1.4,1.4,12.0,4.4,6.0,H
8441,2022-10-08,2022-23,Brighton,Tottenham,2.4,1.4,12.0,5.4,10.0,2.4,1.4,15.4,7.0,10.0,A
8442,2022-10-09,2022-23,Crystal Palace,Leeds,1.4,1.6,11.6,5.4,5.0,1.2,1.4,12.4,4.0,5.0,H
8443,2022-10-09,2022-23,West Ham,Fulham,1.0,0.8,11.8,3.6,7.0,1.6,2.2,9.6,3.4,6.0,H
8444,2022-10-09,2022-23,Arsenal,Liverpool,2.2,1.2,19.0,7.2,12.0,3.0,1.2,19.4,7.6,8.0,H
8445,2022-10-09,2022-23,Everton,Man United,1.0,0.6,10.8,3.8,9.0,2.0,1.6,10.8,5.2,12.0,A
8446,2022-10-10,2022-23,Nott'm Forest,Aston Villa,0.8,3.6,11.4,2.2,0.0,0.6,0.8,9.2,3.4,5.0,D
8447,2022-10-14,2022-23,Brentford,Brighton,1.4,2.2,9.4,4.0,5.0,2.0,1.6,12.6,5.8,7.0,H
8448,2022-10-15,2022-23,Tottenham,Everton,2.2,1.4,13.4,6.2,10.0,1.0,0.8,10.2,2.8,8.0,H
8449,2022-10-15,2022-23,Wolves,Nott'm Forest,0.2,1.6,10.6,2.6,4.0,1.0,3.4,9.2,2.6,1.0,H
8450,2022-10-15,2022-23,Leicester,Crystal Palace,1.8,2.8,12.2,5.0,3.0,1.2,1.6,10.8,4.6,5.0,D
8451,2022-10-15,2022-23,Fulham,Bournemouth,1.6,2.4,9.0,3.2,6.0,1.2,0.8,8.0,2.6,9.0,D
8452,2022-10-16,2022-23,Aston Villa,Chelsea,0.8,0.8,9.8,3.2,6.0,2.0,1.0,11.6,4.0,12.0,A
8453,2022-10-16,2022-23,Leeds,Arsenal,0.8,1.8,12.0,3.6,2.0,2.4,1.4,16.8,7.0,12.0,A
8454,2022-10-16,2022-23,Man United,Newcastle,2.0,1.6,10.8,5.2,12.0,2.2,1.0,16.6,6.2,8.0,D
8455,2022-10-16,2022-23,Southampton,West Ham,0.6,1.8,11.0,3.0,3.0,1.4,1.0,13.8,4.8,7.0,D
8456,2022-10-16,2022-23,Liverpool,Man City,3.2,1.4,17.6,7.2,8.0,4.0,0.8,17.8,7.6,13.0,H
8457,2022-10-18,2022-23,Brighton,Nott'm Forest,1.8,2.0,14.2,6.4,4.0,1.0,2.4,9.6,2.8,1.0,D
8458,2022-10-18,2022-23,Crystal Palace,Wolves,0.8,0.8,12.0,4.4,6.0,0.4,1.6,9.0,2.2,6.0,H
8459,2022-10-19,2022-23,Bournemouth,Southampton,1.6,1.2,9.0,3.4,9.0,0.4,1.8,11.2,3.2,1.0,A
8460,2022-10-19,2022-23,Brentford,Chelsea,1.6,2.0,9.0,4.0,7.0,2.0,0.8,11.8,4.2,12.0,D
8461,2022-10-19,2022-23,Liverpool,West Ham,1.6,1.4,16.4,5.2,8.0,1.4,1.0,16.0,4.8,7.0,H
8462,2022-10-19,2022-23,Newcastle,Everton,2.0,0.6,17.4,6.2,9.0,0.8,1.0,9.6,2.4,7.0,H
8463,2022-10-19,2022-23,Man United,Tottenham,1.8,1.6,11.6,4.4,10.0,2.4,1.2,15.0,6.8,12.0,H
8464,2022-10-20,2022-23,Fulham,Aston Villa,1.6,2.6,10.8,3.4,4.0,0.6,0.8,12.6,4.0,6.0,H
8465,2022-10-20,2022-23,Leicester,Leeds,1.8,2.6,13.0,5.6,4.0,0.8,1.8,13.2,4.0,2.0,H
8466,2022-10-22,2022-23,Man City,Brighton,2.8,1.0,17.6,7.0,10.0,1.6,1.6,16.6,7.0,5.0,H
8467,2022-10-22,2022-23,Chelsea,Man United,1.8,0.4,12.6,4.4,13.0,2.0,1.6,15.4,6.0,10.0,D
8468,2022-10-22,2022-23,Everton,Crystal Palace,0.8,1.2,7.0,1.8,6.0,1.0,0.8,12.2,4.4,8.0,H
8469,2022-10-22,2022-23,Nott'm Forest,Liverpool,0.6,1.8,8.0,2.2,2.0,1.4,1.2,16.2,5.4,8.0,H
8470,2022-10-23,2022-23,Aston Villa,Brentford,0.4,1.2,14.4,5.0,5.0,0.6,1.6,7.8,3.4,5.0,H
8471,2022-10-23,2022-23,Leeds,Fulham,0.6,2.0,13.2,3.4,1.0,2.0,2.2,12.6,4.4,7.0,A
8472,2022-10-23,2022-23,Southampton,Arsenal,0.6,1.6,10.6,3.6,4.0,2.2,1.2,14.2,6.0,12.0,D
8473,2022-10-23,2022-23,Wolves,Leicester,0.4,2.0,9.6,2.6,3.0,1.8,1.6,12.8,5.0,7.0,A
8474,2022-10-23,2022-23,Tottenham,Newcastle,2.0,1.4,12.2,5.2,9.0,2.2,0.6,16.0,5.8,11.0,A
8475,2022-10-24,2022-23,West Ham,Bournemouth,1.2,0.8,16.4,4.8,7.0,1.0,1.0,10.4,3.4,6.0,H
8476,2022-10-29,2022-23,Bournemouth,Tottenham,0.8,1.2,9.4,3.4,5.0,1.0,1.4,12.4,4.0,6.0,A
8477,2022-10-29,2022-23,Leicester,Man City,2.2,0.4,10.0,4.4,10.0,3.2,1.0,17.0,7.0,12.0,A
8478,2022-10-29,2022-23,Brentford,Wolves,0.6,1.8,9.2,3.6,5.0,0.4,2.2,12.6,3.4,3.0,D
8479,2022-10-29,2022-23,Brighton,Chelsea,0.8,1.8,13.6,5.2,2.0,1.6,0.4,12.2,4.2,11.0,H
8480,2022-10-29,2022-23,Crystal Palace,Southampton,1.0,1.4,10.2,3.0,7.0,0.8,1.6,11.2,4.0,5.0,H
8481,2022-10-29,2022-23,Newcastle,Aston Villa,2.4,0.6,14.6,5.4,13.0,1.0,1.2,16.0,6.6,5.0,H
8482,2022-10-29,2022-23,Fulham,Everton,2.0,2.2,11.8,4.0,7.0,1.2,1.2,7.4,2.6,6.0,D
8483,2022-10-29,2022-23,Liverpool,Leeds,1.4,1.4,14.6,5.2,7.0,0.6,1.6,12.6,3.2,1.0,A
8484,2022-10-30,2022-23,Arsenal,Nott'm Forest,2.2,0.8,13.4,6.0,13.0,0.4,1.2,7.8,3.0,5.0,H
8485,2022-10-30,2022-23,Man United,West Ham,1.6,1.6,16.0,6.0,8.0,1.6,0.6,17.6,4.8,10.0,H
8486,2022-11-05,2022-23,Man City,Fulham,2.8,1.0,16.8,6.6,12.0,1.8,1.4,16.0,5.0,8.0,H
8487,2022-11-05,2022-23,Everton,Leicester,0.8,1.0,6.8,2.4,4.0,1.4,0.6,8.6,4.0,7.0,A
8488,2022-11-05,2022-23,Wolves,Brighton,0.6,2.0,12.4,3.4,4.0,1.0,1.4,16.2,5.8,4.0,A
8489,2022-11-05,2022-23,Leeds,Bournemouth,1.0,1.8,13.6,4.2,3.0,1.2,1.8,9.2,4.0,4.0,H
8490,2022-11-05,2022-23,Nott'm Forest,Brentford,0.4,1.4,6.8,2.8,5.0,0.8,2.0,9.0,3.4,5.0,D
8491,2022-11-06,2022-23,Chelsea,Arsenal,1.4,1.0,12.6,5.0,8.0,2.6,0.8,15.6,6.6,13.0,A
8492,2022-11-06,2022-23,Aston Villa,Man United,1.0,2.0,12.8,5.2,4.0,1.2,0.4,16.8,5.0,11.0,H
8493,2022-11-06,2022-23,Southampton,Newcastle,0.6,1.4,9.6,3.6,5.0,2.4,0.4,14.8,4.8,13.0,A
8494,2022-11-06,2022-23,West Ham,Crystal Palace,1.2,0.8,16.6,4.8,7.0,1.0,1.0,11.2,3.0,10.0,A
8495,2022-11-06,2022-23,Tottenham,Liverpool,1.4,1.2,15.6,4.8,9.0,1.0,1.2,16.0,5.8,6.0,A
8496,2022-11-12,2022-23,Wolves,Arsenal,1.0,2.0,12.4,4.0,4.0,2.2,0.6,14.0,5.2,13.0,A
8497,2022-11-12,2022-23,Newcastle,Chelsea,2.2,0.4,13.0,4.4,13.0,0.8,1.2,9.6,3.8,5.0,H
8498,2022-11-12,2022-23,West Ham,Leicester,0.8,1.0,14.2,3.6,4.0,1.6,0.2,11.2,4.6,10.0,A
8499,2022-11-12,2022-23,Tottenham,Leeds,1.4,1.6,16.8,5.2,6.0,1.6,2.0,15.2,4.2,6.0,H
8500,2022-11-12,2022-23,Nott'm Forest,Crystal Palace,0.6,1.6,8.6,3.6,5.0,1.0,1.0,11.6,3.2,10.0,H
8501,2022-11-12,2022-23,Liverpool,Southampton,1.0,0.8,17.0,6.4,9.0,0.8,1.4,11.8,4.6,5.0,H
8502,2022-11-12,2022-23,Bournemouth,Everton,1.4,2.4,9.0,4.4,1.0,0.6,1.0,7.0,2.4,4.0,H
8503,2022-11-12,2022-23,Man City,Brentford,2.0,0.6,15.6,5.6,12.0,1.0,1.4,9.0,3.2,6.0,A
8504,2022-11-13,2022-23,Brighton,Aston Villa,1.6,1.6,17.2,6.6,7.0,1.4,2.0,11.6,5.6,6.0,A
8505,2022-11-13,2022-23,Fulham,Man United,1.8,1.2,15.2,5.0,8.0,1.0,0.8,16.0,4.8,8.0,A
8506,2022-12-26,2022-23,Arsenal,West Ham,2.0,0.2,14.6,4.6,13.0,0.6,1.2,12.8,4.0,3.0,H
8507,2022-12-26,2022-23,Aston Villa,Liverpool,1.8,1.8,9.6,4.6,9.0,1.4,1.0,17.4,7.4,9.0,A
8508,2022-12-26,2022-23,Southampton,Brighton,0.8,1.8,11.6,4.0,4.0,1.8,1.6,14.4,5.6,7.0,A
8509,2022-12-26,2022-23,Crystal Palace,Fulham,1.0,1.2,11.6,3.0,9.0,1.6,1.2,14.2,5.6,7.0,A
8510,2022-12-26,2022-23,Everton,Wolves,0.6,1.2,9.2,3.0,4.0,0.8,2.4,12.8,4.0,1.0,A
8511,2022-12-26,2022-23,Brentford,Tottenham,1.0,1.6,9.6,4.2,6.0,1.8,2.2,15.4,5.4,6.0,D
8512,2022-12-26,2022-23,Leicester,Newcastle,2.0,0.2,10.2,4.8,12.0,2.4,0.4,13.2,4.6,15.0,A
8513,2022-12-27,2022-23,Chelsea,Bournemouth,0.4,1.4,9.0,3.4,2.0,1.6,2.0,10.2,5.0,3.0,H
8514,2022-12-27,2022-23,Man United,Nott'm Forest,1.4,1.0,15.8,6.2,10.0,0.8,1.4,8.4,3.6,8.0,H
8515,2022-12-28,2022-23,Leeds,Man City,2.2,2.6,14.4,4.4,6.0,1.4,1.0,17.2,5.2,9.0,A
8516,2022-12-30,2022-23,West Ham,Brentford,0.8,1.6,12.8,4.2,3.0,1.4,2.0,9.8,4.2,6.0,A
8517,2022-12-30,2022-23,Liverpool,Leicester,1.8,1.2,16.2,7.8,9.0,1.6,0.8,10.8,5.0,9.0,H
8518,2022-12-31,2022-23,Wolves,Man United,1.0,2.2,12.2,4.0,4.0,1.6,1.0,13.6,5.8,10.0,A
8519,2022-12-31,2022-23,Bournemouth,Crystal Palace,1.6,2.2,9.0,5.2,3.0,0.6,1.6,9.6,2.2,6.0,A
8520,2022-12-31,2022-23,Fulham,Southampton,1.6,1.2,15.2,6.2,7.0,0.8,2.4,12.6,4.2,1.0,H
8521,2022-12-31,2022-23,Man City,Everton,2.0,1.0,19.2,5.8,12.0,0.8,1.4,11.4,4.2,4.0,D
8522,2022-12-31,2022-23,Newcastle,Leeds,2.8,0.4,12.4,4.8,15.0,2.4,2.8,13.4,4.2,6.0,D
8523,2022-12-31,2022-23,Brighton,Arsenal,2.4,1.8,12.0,5.0,9.0,2.4,0.4,16.0,4.8,13.0,A
8524,2023-01-01,2022-23,Tottenham,Aston Villa,2.2,2.2,16.8,6.6,7.0,2.0,1.8,9.6,4.6,9.0,A
8525,2023-01-01,2022-23,Nott'm Forest,Chelsea,0.8,2.0,9.4,4.2,7.0,0.8,1.4,9.2,3.4,4.0,D
8526,2023-01-02,2022-23,Brentford,Liverpool,1.8,1.2,9.2,4.8,9.0,2.2,1.2,17.4,7.4,12.0,H
8527,2023-01-03,2022-23,Arsenal,Newcastle,3.0,0.6,16.4,5.6,15.0,2.4,0.2,13.0,4.8,13.0,D
8528,2023-01-03,2022-23,Everton,Brighton,0.4,1.6,10.0,3.2,2.0,2.6,2.0,12.2,5.6,9.0,A
8529,2023-01-03,2022-23,Leicester,Fulham,1.0,1.2,11.2,4.6,6.0,1.4,1.0,14.6,5.6,7.0,A
8530,2023-01-03,2022-23,Man United,Bournemouth,1.6,0.8,14.2,5.8,12.0,1.6,2.2,9.2,5.0,3.0,H
8531,2023-01-04,2022-23,Southampton,Nott'm Forest,0.8,2.6,12.4,4.2,0.0,0.8,2.2,9.8,3.8,5.0,A
8532,2023-01-04,2022-23,Leeds,West Ham,2.0,2.2,12.2,3.4,7.0,0.4,2.0,12.8,4.4,0.0,D
8533,2023-01-04,2022-23,Aston Villa,Wolves,1.6,1.8,8.4,3.2,9.0,1.0,1.6,10.0,3.6,4.0,D
8534,2023-01-04,2022-23,Crystal Palace,Tottenham,1.0,1.0,10.8,3.0,9.0,2.0,2.2,14.6,6.0,7.0,A
8535,2023-01-05,2022-23,Chelsea,Man City,0.8,1.4,9.4,3.4,4.0,1.6,1.0,20.4,5.6,10.0,A
8536,2023-01-12,2022-23,Fulham,Chelsea,1.6,1.0,12.0,4.8,9.0,0.6,0.8,8.0,2.4,4.0,H
8537,2023-01-13,2022-23,Aston Villa,Leeds,1.8,1.2,10.4,4.0,10.0,2.0,2.4,12.2,3.4,5.0,H
8538,2023-01-14,2022-23,Man United,Man City,2.0,0.8,14.6,6.4,12.0,1.6,1.0,19.8,5.2,10.0,H
8539,2023-01-14,2022-23,Brighton,Liverpool,2.6,2.0,12.2,5.4,9.0,2.2,1.4,16.2,6.6,12.0,H
8540,2023-01-14,2022-23,Everton,Southampton,0.6,2.4,10.2,3.2,1.0,0.8,2.6,11.2,3.4,0.0,A
8541,2023-01-14,2022-23,Nott'm Forest,Leicester,1.0,1.2,11.0,3.6,8.0,1.0,1.2,12.2,4.8,6.0,H
8542,2023-01-14,2022-23,Wolves,West Ham,1.0,1.6,9.2,3.4,4.0,0.8,2.2,13.2,3.8,1.0,H
8543,2023-01-14,2022-23,Brentford,Bournemouth,2.2,1.2,8.8,5.6,11.0,1.2,2.2,9.4,5.0,3.0,H
8544,2023-01-15,2022-23,Tottenham,Arsenal,2.2,1.8,12.8,5.8,7.0,2.0,0.6,15.0,4.4,13.0,A
8545,2023-01-15,2022-23,Newcastle,Fulham,1.6,0.2,10.6,3.6,11.0,1.8,0.8,12.8,5.0,12.0,H
8546,2023-01-15,2022-23,Chelsea,Crystal Palace,0.8,1.0,11.0,4.2,4.0,0.8,1.8,12.2,3.2,6.0,H
8547,2023-01-18,2022-23,Crystal Palace,Man United,0.4,1.8,11.2,3.0,3.0,2.2,0.4,14.6,6.6,15.0,D
8548,2023-01-19,2022-23,Man City,Tottenham,1.4,1.2,17.6,4.4,7.0,2.0,1.8,13.4,6.2,7.0,H
8549,2023-01-21,2022-23,West Ham,Everton,0.6,2.0,15.4,4.2,1.0,0.8,2.4,10.2,3.6,1.0,H
8550,2023-01-21,2022-23,Southampton,Aston Villa,1.0,2.0,10.6,3.4,3.0,1.6,1.2,11.4,4.2,10.0,A
8551,2023-01-21,2022-23,Crystal Palace,Newcastle,0.6,1.8,11.6,4.0,4.0,1.0,0.0,13.2,3.8,11.0,D
8552,2023-01-21,2022-23,Bournemouth,Nott'm Forest,0.6,1.8,9.0,4.2,3.0,1.0,0.8,11.0,3.2,10.0,D
8553,2023-01-21,2022-23,Liverpool,Chelsea,1.8,1.8,14.8,5.8,9.0,1.0,0.8,13.0,4.8,7.0,D
8554,2023-01-21,2022-23,Leicester,Brighton,0.6,1.6,9.0,3.4,3.0,2.6,1.6,11.6,5.6,9.0,D
8555,2023-01-22,2022-23,Leeds,Brentford,1.4,2.2,11.8,3.4,2.0,2.2,0.8,10.0,6.0,13.0,D
8556,2023-01-22,2022-23,Man City,Wolves,2.0,1.2,15.0,4.4,10.0,0.8,1.0,11.0,3.2,7.0,H
8557,2023-01-22,2022-23,Arsenal,Man United,2.2,0.6,15.0,5.0,13.0,2.0,0.4,14.8,5.6,13.0,H
8558,2023-01-23,2022-23,Fulham,Tottenham,1.6,0.6,11.0,3.6,12.0,1.6,2.0,12.4,5.2,4.0,A
8559,2023-02-03,2022-23,Chelsea,Fulham,0.6,0.8,12.2,4.2,5.0,1.0,0.8,8.4,2.4,9.0,D
8560,2023-02-04,2022-23,Man United,Crystal Palace,1.8,1.0,12.6,4.8,10.0,0.6,1.2,12.0,4.2,5.0,H
8561,2023-02-04,2022-23,Newcastle,West Ham,0.8,0.0,14.4,4.6,9.0,1.0,1.6,14.0,3.8,4.0,D
8562,2023-02-04,2022-23,Wolves,Liverpool,0.8,1.2,10.8,3.0,7.0,1.2,1.6,14.8,5.0,7.0,H
8563,2023-02-04,2022-23,Brighton,Bournemouth,2.8,1.6,12.8,6.0,10.0,0.2,2.0,9.0,3.2,1.0,H
8564,2023-02-04,2022-23,Everton,Arsenal,0.8,2.2,8.2,3.4,1.0,2.4,1.0,17.2,5.2,13.0,H
8565,2023-02-04,2022-23,Aston Villa,Leicester,1.4,1.0,13.0,4.8,10.0,0.6,2.0,9.0,2.6,1.0,A
8566,2023-02-04,2022-23,Brentford,Southampton,1.8,0.6,9.2,4.4,11.0,0.8,1.6,10.4,3.4,3.0,H
8567,2023-02-05,2022-23,Nott'm Forest,Leeds,1.0,1.0,13.2,3.8,8.0,0.8,1.4,11.2,3.4,3.0,H
8568,2023-02-05,2022-23,Tottenham,Man City,1.4,1.6,11.2,4.2,6.0,2.0,1.0,12.4,4.0,10.0,H
8569,2023-02-08,2022-23,Man United,Leeds,2.0,1.2,12.2,4.6,10.0,0.6,1.0,11.4,4.0,3.0,D
8570,2023-02-11,2022-23,Bournemouth,Newcastle,0.2,1.8,9.6,2.8,1.0,0.4,0.2,13.6,4.0,7.0,D
8571,2023-02-11,2022-23,Southampton,Wolves,0.6,1.6,10.4,3.8,3.0,1.0,1.0,11.8,3.4,7.0,A
8572,2023-02-11,2022-23,Fulham,Nott'm Forest,0.6,0.6,8.8,2.8,7.0,1.2,0.4,12.8,3.6,11.0,H
8573,2023-02-11,2022-23,Leicester,Tottenham,1.4,1.8,9.2,3.2,4.0,1.6,1.2,12.4,4.4,9.0,H
8574,2023-02-11,2022-23,Arsenal,Brentford,1.8,1.0,17.0,4.8,10.0,2.0,0.2,10.2,4.2,13.0,D
8575,2023-02-11,2022-23,West Ham,Chelsea,1.0,1.2,14.4,3.2,5.0,0.4,0.6,13.2,4.4,5.0,D
8576,2023-02-11,2022-23,Crystal Palace,Brighton,0.4,1.6,11.0,3.6,2.0,2.4,1.4,15.4,6.4,10.0,D
8577,2023-02-12,2022-23,Leeds,Man United,1.0,1.4,11.4,4.2,3.0,1.8,1.6,13.4,4.8,8.0,A
8578,2023-02-12,2022-23,Man City,Aston Villa,1.8,1.0,12.2,4.4,9.0,1.6,1.2,14.4,4.4,10.0,H
8579,2023-02-13,2022-23,Liverpool,Everton,0.6,2.0,16.0,4.0,4.0,0.8,1.8,8.2,3.0,4.0,H
8580,2023-02-15,2022-23,Arsenal,Man City,1.2,0.8,18.8,4.8,8.0,2.2,1.2,13.2,5.6,9.0,A
8581,2023-02-18,2022-23,Nott'm Forest,Man City,1.0,0.6,12.4,2.8,10.0,2.6,1.0,14.0,6.6,12.0,D
8582,2023-02-18,2022-23,Newcastle,Liverpool,0.6,0.4,13.4,4.4,7.0,0.6,1.8,14.8,4.2,4.0,A
8583,2023-02-18,2022-23,Wolves,Bournemouth,1.4,1.0,12.0,3.2,10.0,0.4,1.6,10.6,3.4,2.0,A
8584,2023-02-18,2022-23,Everton,Leeds,0.6,2.0,9.0,3.0,3.0,0.6,1.4,11.8,4.2,2.0,H
8585,2023-02-18,2022-23,Aston Villa,Arsenal,1.4,1.8,13.0,4.0,7.0,1.4,1.4,17.4,4.2,7.0,A
8586,2023-02-18,2022-23,Brighton,Fulham,2.2,0.8,17.0,6.8,11.0,0.8,0.6,9.8,3.0,7.0,A
8587,2023-02-18,2022-23,Brentford,Crystal Palace,1.8,0.4,10.2,3.4,11.0,0.6,1.0,8.4,3.0,3.0,D
8588,2023-02-18,2022-23,Chelsea,Southampton,0.6,0.6,14.0,4.8,6.0,0.6,1.6,12.0,3.6,3.0,A
8589,2023-02-19,2022-23,Man United,Leicester,1.8,1.4,14.0,5.0,8.0,2.0,1.6,10.8,4.2,7.0,H
8590,2023-02-19,2022-23,Tottenham,West Ham,1.0,2.0,11.8,4.0,6.0,1.2,1.0,12.4,2.6,6.0,H
8591,2023-02-24,2022-23,Fulham,Wolves,0.6,0.4,9.2,2.8,7.0,1.2,1.0,13.0,3.4,9.0,D
8592,2023-02-25,2022-23,Bournemouth,Man City,0.6,1.0,10.2,2.8,5.0,2.0,0.8,16.0,6.6,10.0,A
8593,2023-02-25,2022-23,Everton,Aston Villa,0.6,1.2,10.0,3.4,6.0,1.6,2.4,11.8,4.2,6.0,A
8594,2023-02-25,2022-23,Leeds,Southampton,0.4,1.2,10.2,3.4,2.0,0.8,1.4,12.0,4.6,6.0,H
8595,2023-02-25,2022-23,Leicester,Arsenal,2.0,2.0,11.6,3.6,7.0,1.8,1.8,18.6,4.2,7.0,A
8596,2023-02-25,2022-23,West Ham,Nott'm Forest,0.8,1.0,10.6,2.4,5.0,1.0,0.8,11.0,2.8,8.0,H
8597,2023-02-25,2022-23,Crystal Palace,Liverpool,0.8,1.0,8.4,2.8,4.0,0.8,1.2,14.2,4.4,7.0,D
8598,2023-02-26,2022-23,Tottenham,Chelsea,1.4,1.6,11.6,3.8,9.0,0.4,0.4,13.4,3.8,6.0,H
8599,2023-03-01,2022-23,Arsenal,Everton,1.4,1.4,15.6,3.6,7.0,0.4,1.2,10.6,3.6,6.0,H
8600,2023-03-01,2022-23,Liverpool,Wolves,0.8,0.6,15.4,4.8,8.0,1.2,1.2,11.2,3.0,7.0,H
8601,2023-03-04,2022-23,Man City,Newcastle,2.2,1.0,17.4,6.2,10.0,0.6,0.8,14.6,5.0,6.0,H
8602,2023-03-04,2022-23,Arsenal,Bournemouth,2.2,1.2,15.6,4.0,10.0,0.8,1.4,11.4,2.8,5.0,H
8603,2023-03-04,2022-23,Aston Villa,Crystal Palace,1.6,2.2,11.4,4.2,6.0,0.6,0.8,7.6,1.8,4.0,H
8604,2023-03-04,2022-23,Brighton,West Ham,1.4,0.8,17.4,6.6,8.0,1.6,0.8,11.0,2.6,8.0,H
8605,2023-03-04,2022-23,Chelsea,Leeds,0.2,0.8,12.4,3.2,3.0,0.6,1.2,11.2,3.2,4.0,H
8606,2023-03-04,2022-23,Wolves,Tottenham,1.2,1.0,10.0,3.0,7.0,1.4,0.8,11.4,3.8,12.0,H
8607,2023-03-04,2022-23,Southampton,Leicester,0.4,1.4,11.0,4.0,3.0,2.0,1.8,10.6,3.4,7.0,H
8608,2023-03-05,2022-23,Nott'm Forest,Everton,0.6,1.6,9.6,2.4,5.0,0.4,1.6,11.2,4.2,6.0,D
8609,2023-03-05,2022-23,Liverpool,Man United,1.2,0.6,15.4,5.4,10.0,2.2,1.2,16.2,5.8,10.0,H
8610,2023-03-06,2022-23,Brentford,Fulham,1.4,0.4,10.6,3.0,9.0,0.8,0.4,10.2,3.8,8.0,H
8611,2023-03-11,2022-23,Crystal Palace,Man City,0.6,1.0,7.0,1.6,3.0,2.6,0.8,16.6,5.8,13.0,A
8612,2023-03-11,2022-23,Leicester,Chelsea,1.6,1.6,11.0,3.0,6.0,0.4,0.8,12.8,3.4,5.0,A
8613,2023-03-11,2022-23,Tottenham,Nott'm Forest,1.2,1.0,13.6,4.4,9.0,0.8,1.8,7.6,2.2,5.0,H
8614,2023-03-11,2022-23,Everton,Brentford,0.6,2.0,10.8,4.0,4.0,1.6,0.8,11.0,3.4,9.0,H
8615,2023-03-11,2022-23,Leeds,Brighton,0.6,1.2,11.4,2.8,4.0,1.6,0.8,18.2,6.6,8.0,D
8616,2023-03-11,2022-23,Bournemouth,Liverpool,1.0,1.8,9.0,2.8,4.0,2.6,0.0,14.6,6.2,13.0,H
8617,2023-03-12,2022-23,Fulham,Arsenal,1.2,0.8,10.0,3.8,8.0,2.6,1.4,17.2,4.4,12.0,A
8618,2023-03-12,2022-23,Man United,Southampton,1.8,2.0,16.6,5.8,10.0,0.6,1.2,11.6,4.0,6.0,D
8619,2023-03-12,2022-23,West Ham,Aston Villa,1.2,1.6,9.4,2.2,5.0,1.6,2.2,9.8,3.4,6.0,D
8620,2023-03-12,2022-23,Newcastle,Wolves,0.4,1.2,11.6,4.4,3.0,0.8,1.0,9.2,2.8,7.0,H
8621,2023-03-15,2022-23,Southampton,Brentford,0.6,0.6,12.2,3.6,7.0,1.6,1.0,12.2,4.2,8.0,A
8622,2023-03-15,2022-23,Brighton,Crystal Palace,1.6,0.8,18.4,6.2,8.0,0.4,0.8,5.8,1.0,3.0,H
8623,2023-03-17,2022-23,Nott'm Forest,Newcastle,0.8,2.4,8.2,2.8,2.0,0.8,1.4,12.2,4.6,5.0,A
8624,2023-03-18,2022-23,Aston Villa,Bournemouth,1.4,1.6,8.4,3.4,7.0,1.2,1.6,7.6,2.8,7.0,H
8625,2023-03-18,2022-23,Brentford,Leicester,1.4,1.0,11.6,4.4,8.0,1.0,1.8,12.6,3.4,3.0,D
8626,2023-03-18,2022-23,Southampton,Tottenham,0.4,0.6,10.2,3.4,7.0,1.6,1.2,14.2,5.2,9.0,D
8627,2023-03-18,2022-23,Wolves,Leeds,0.6,1.2,8.4,3.2,4.0,0.6,1.2,12.2,3.2,4.0,A
8628,2023-03-18,2022-23,Chelsea,Everton,1.0,1.0,12.8,4.0,7.0,0.8,1.6,12.2,5.0,7.0,D
8629,2023-03-19,2022-23,Arsenal,Crystal Palace,3.0,0.8,18.2,5.6,15.0,0.2,0.8,6.8,1.4,2.0,H
8630,2023-04-01,2022-23,Crystal Palace,Leicester,0.2,1.4,6.4,1.4,1.0,0.4,1.8,12.4,2.2,1.0,H
8631,2023-04-01,2022-23,Brighton,Brentford,1.6,0.8,16.6,6.0,8.0,1.4,1.0,12.0,4.4,8.0,D
8632,2023-04-01,2022-23,Nott'm Forest,Wolves,1.0,2.4,7.2,3.2,2.0,1.0,1.8,10.0,4.0,4.0,D
8633,2023-04-01,2022-23,Arsenal,Leeds,3.0,0.6,17.2,5.6,15.0,1.4,1.2,11.2,2.8,7.0,H
8634,2023-04-01,2022-23,Man City,Liverpool,2.2,0.6,16.0,4.8,13.0,2.2,0.2,14.6,6.2,10.0,H
8635,2023-04-01,2022-23,Bournemouth,Fulham,1.0,2.0,7.4,2.4,6.0,1.2,1.4,10.4,3.4,7.0,H
8636,2023-04-01,2022-23,Chelsea,Aston Villa,1.2,1.2,14.4,4.6,7.0,1.8,1.0,11.2,4.8,10.0,A
8637,2023-04-02,2022-23,Newcastle,Man United,1.0,1.4,13.6,5.0,7.0,1.4,1.8,15.8,5.6,8.0,H
8638,2023-04-02,2022-23,West Ham,Southampton,1.2,1.6,10.8,3.2,5.0,0.8,1.2,12.4,3.8,5.0,H
8639,2023-04-03,2022-23,Everton,Tottenham,1.0,2.0,11.6,4.4,5.0,2.0,1.0,15.4,5.0,10.0,D
8640,2023-04-04,2022-23,Leicester,Aston Villa,0.6,1.6,9.2,2.0,1.0,1.8,0.2,10.8,4.2,13.0,A
8641,2023-04-04,2022-23,Chelsea,Liverpool,1.2,1.4,16.4,5.2,7.0,2.0,1.0,12.8,5.0,7.0,D
8642,2023-04-04,2022-23,Leeds,Nott'm Forest,1.6,1.8,11.0,3.8,7.0,1.0,2.4,9.8,4.4,2.0,H
8643,2023-04-04,2022-23,Bournemouth,Brighton,1.2,2.2,8.8,3.6,6.0,2.0,1.2,19.8,7.6,8.0,A
8644,2023-04-05,2022-23,Man United,Brentford,1.0,1.8,12.2,4.4,7.0,1.8,1.4,11.0,4.4,8.0,H
8645,2023-04-05,2022-23,West Ham,Newcastle,1.2,1.4,11.2,3.2,7.0,1.2,1.2,15.0,4.8,9.0,A
8646,2023-04-08,2022-23,Man United,Everton,0.8,1.8,13.6,4.0,7.0,1.2,1.8,11.6,4.6,6.0,H
8647,2023-04-08,2022-23,Aston Villa,Nott'm Forest,1.8,0.4,12.0,4.2,13.0,1.2,2.0,10.8,4.0,2.0,H
8648,2023-04-08,2022-23,Brentford,Newcastle,1.2,1.2,9.4,3.4,5.0,2.2,1.0,15.2,5.6,12.0,A
8649,2023-04-08,2022-23,Fulham,West Ham,1.0,1.8,9.2,3.2,4.0,1.4,2.0,11.4,3.4,7.0,A
8650,2023-04-08,2022-23,Leicester,Bournemouth,0.8,1.8,10.8,2.8,1.0,1.0,1.8,9.0,3.8,6.0,A
8651,2023-04-08,2022-23,Tottenham,Brighton,1.8,1.2,13.8,4.2,8.0,2.4,1.0,18.8,7.4,11.0,H
8652,2023-04-08,2022-23,Wolves,Chelsea,1.0,1.8,10.0,3.8,4.0,1.2,1.0,16.8,5.4,8.0,H
8653,2023-04-08,2022-23,Southampton,Man City,0.8,1.2,12.6,4.0,5.0,2.4,0.6,17.6,5.2,13.0,A
8654,2023-04-09,2022-23,Leeds,Crystal Palace,1.8,2.0,12.4,4.2,7.0,0.6,1.6,11.4,3.2,3.0,A
8655,2023-04-09,2022-23,Liverpool,Arsenal,2.0,1.0,11.8,5.0,7.0,3.6,0.8,17.8,6.4,15.0,D
8656,2023-04-15,2022-23,Wolves,Brentford,1.2,1.4,11.0,4.4,7.0,1.4,1.4,9.4,3.8,5.0,H
8657,2023-04-15,2022-23,Tottenham,Bournemouth,1.8,1.4,14.0,4.2,8.0,0.8,1.2,12.0,4.4,9.0,A
8658,2023-04-15,2022-23,Southampton,Crystal Palace,0.8,2.0,11.2,3.2,2.0,1.6,1.6,14.0,4.8,6.0,A
8659,2023-04-15,2022-23,Man City,Leicester,3.0,0.6,15.0,5.6,15.0,0.8,1.8,11.4,3.6,1.0,H
8660,2023-04-15,2022-23,Chelsea,Brighton,1.0,1.2,16.8,5.0,5.0,1.8,1.4,18.2,6.4,8.0,A
8661,2023-04-15,2022-23,Aston Villa,Newcastle,2.0,0.4,12.0,4.6,13.0,2.6,0.8,16.2,6.0,15.0,H
8662,2023-04-15,2022-23,Everton,Fulham,1.2,1.4,13.0,3.8,6.0,0.8,2.0,11.4,3.4,1.0,A
8663,2023-04-16,2022-23,West Ham,Arsenal,0.8,2.0,9.6,3.4,7.0,3.2,1.2,16.6,6.4,13.0,D
8664,2023-04-16,2022-23,Nott'm Forest,Man United,0.8,2.0,10.0,3.6,1.0,0.6,1.8,14.2,4.6,7.0,A
8665,2023-04-17,2022-23,Leeds,Liverpool,2.0,2.8,12.4,5.2,7.0,2.0,1.4,13.0,5.0,5.0,A
8666,2023-04-21,2022-23,Arsenal,Southampton,3.0,1.2,12.6,5.6,11.0,0.8,2.4,10.0,3.2,1.0,D
8667,2023-04-22,2022-23,Liverpool,Nott'm Forest,1.8,1.6,12.0,4.8,5.0,0.6,1.8,9.4,2.6,1.0,H
8668,2023-04-22,2022-23,Crystal Palace,Everton,2.0,1.4,15.0,5.2,9.0,1.0,1.6,14.0,4.6,5.0,D
8669,2023-04-22,2022-23,Leicester,Wolves,0.8,1.8,10.0,3.0,1.0,1.4,1.4,11.6,5.2,7.0,H
8670,2023-04-22,2022-23,Fulham,Leeds,1.2,2.0,13.6,3.8,3.0,1.8,3.6,12.6,5.0,6.0,H
8671,2023-04-22,2022-23,Brentford,Aston Villa,1.0,1.8,9.2,3.4,2.0,2.4,0.2,12.8,5.0,15.0,D
8672,2023-04-23,2022-23,Bournemouth,West Ham,1.2,1.6,12.2,5.2,9.0,1.2,1.6,12.2,3.6,8.0,A
8673,2023-04-23,2022-23,Newcastle,Tottenham,2.2,1.2,14.0,4.8,12.0,2.2,1.8,14.6,4.6,8.0,H
8674,2023-04-25,2022-23,Wolves,Crystal Palace,1.4,1.4,13.4,5.0,7.0,2.0,1.2,15.2,5.0,10.0,H
8675,2023-04-25,2022-23,Aston Villa,Fulham,2.0,0.4,11.6,3.6,13.0,1.2,1.6,14.2,3.8,6.0,H
8676,2023-04-25,2022-23,Leeds,Leicester,1.2,3.6,12.4,4.6,3.0,1.0,1.8,10.2,4.4,3.0,D
8677,2023-04-26,2022-23,Man City,Arsenal,2.8,0.6,13.4,5.4,15.0,3.0,1.8,14.6,5.4,9.0,H
8678,2023-04-26,2022-23,Nott'm Forest,Brighton,0.8,2.0,10.6,3.0,1.0,1.8,1.2,20.6,8.0,10.0,H
8679,2023-04-26,2022-23,Chelsea,Brentford,0.6,1.4,16.0,4.2,2.0,1.0,1.8,8.2,4.0,2.0,A
8680,2023-04-26,2022-23,West Ham,Liverpool,1.8,1.4,12.4,4.4,10.0,2.4,1.8,12.6,4.8,8.0,A
8681,2023-04-27,2022-23,Tottenham,Man United,1.8,2.8,13.8,3.8,5.0,1.0,0.4,17.0,5.4,10.0,D
8682,2023-04-27,2022-23,Everton,Newcastle,0.8,1.6,13.4,4.4,3.0,3.0,1.2,16.0,5.6,12.0,A
8683,2023-04-27,2022-23,Southampton,Bournemouth,1.4,2.6,10.2,4.2,2.0,1.2,1.8,13.6,5.6,9.0,A
8684,2023-04-29,2022-23,Crystal Palace,West Ham,1.8,0.8,16.4,5.0,10.0,1.8,1.8,11.4,4.4,7.0,H
8685,2023-04-29,2022-23,Brentford,Nott'm Forest,0.8,1.2,8.2,3.2,4.0,1.2,2.0,9.6,2.6,3.0,H
8686,2023-04-29,2022-23,Brighton,Wolves,1.8,1.8,21.8,8.4,7.0,1.4,0.6,10.6,4.0,10.0,H
8687,2023-04-30,2022-23,Bournemouth,Leeds,1.0,1.6,14.4,4.6,9.0,1.2,3.0,13.6,4.2,4.0,H
8688,2023-04-30,2022-23,Fulham,Man City,1.2,1.2,12.0,3.4,6.0,3.2,0.8,14.0,6.6,15.0,A
8689,2023-04-30,2022-23,Man United,Aston Villa,1.4,0.8,18.4,6.2,10.0,1.8,0.4,13.4,3.8,13.0,H
8690,2023-04-30,2022-23,Newcastle,Southampton,3.4,1.4,14.6,6.0,12.0,0.8,2.2,8.6,3.2,1.0,H
8691,2023-04-30,2022-23,Liverpool,Tottenham,2.6,1.2,15.8,5.4,11.0,1.6,2.6,14.0,4.6,5.0,H
8692,2023-05-01,2022-23,Leicester,Everton,1.0,1.6,12.6,4.6,4.0,0.6,2.0,13.6,4.8,2.0,D
8693,2023-05-02,2022-23,Arsenal,Chelsea,2.4,2.4,13.2,4.8,6.0,0.2,1.4,15.0,3.6,1.0,H
8694,2023-05-03,2022-23,Liverpool,Fulham,3.4,1.8,16.8,5.4,13.0,1.2,1.2,10.8,3.2,6.0,H
8695,2023-05-03,2022-23,Man City,West Ham,3.4,1.0,13.6,7.6,15.0,2.2,1.6,11.6,4.8,7.0,H
8696,2023-05-04,2022-23,Brighton,Man United,2.4,1.2,19.6,7.0,9.0,1.6,0.4,20.0,7.2,13.0,H
8697,2023-05-06,2022-23,Liverpool,Brentford,3.2,1.4,15.6,4.8,15.0,1.2,1.2,9.8,4.6,7.0,H
8698,2023-05-06,2022-23,Tottenham,Crystal Palace,2.0,3.2,14.4,5.6,4.0,2.2,1.2,13.4,4.4,10.0,H
8699,2023-05-06,2022-23,Wolves,Aston Villa,1.2,1.6,11.0,4.2,9.0,1.4,0.4,11.8,3.0,10.0,H
8700,2023-05-06,2022-23,Bournemouth,Chelsea,1.8,1.4,14.0,5.4,12.0,0.4,1.6,11.0,2.8,1.0,A
8701,2023-05-06,2022-23,Man City,Leeds,3.2,0.8,13.4,7.4,15.0,1.0,3.6,12.4,4.2,1.0,H
8702,2023-05-07,2022-23,Newcastle,Arsenal,3.0,1.4,16.0,5.4,12.0,2.2,2.4,13.8,5.6,6.0,A
8703,2023-05-07,2022-23,West Ham,Man United,2.0,2.2,11.0,4.2,4.0,1.4,0.6,19.6,7.6,10.0,H
8704,2023-05-08,2022-23,Fulham,Leicester,1.2,1.2,9.4,3.2,6.0,1.2,1.6,13.8,5.0,5.0,H
8705,2023-05-08,2022-23,Brighton,Everton,2.2,1.2,20.8,7.0,9.0,0.8,2.2,15.2,5.2,2.0,A
8706,2023-05-08,2022-23,Nott'm Forest,Southampton,1.2,2.0,8.0,3.0,3.0,1.0,2.6,7.6,3.2,1.0,H
8707,2023-05-13,2022-23,Aston Villa,Tottenham,1.0,0.6,13.4,3.0,7.0,1.8,3.0,14.2,5.6,4.0,H
8708,2023-05-13,2022-23,Leeds,Newcastle,1.0,3.0,11.0,3.2,1.0,2.6,1.6,16.4,5.6,9.0,D
8709,2023-05-13,2022-23,Chelsea,Nott'm Forest,1.0,1.8,10.8,3.2,3.0,2.0,2.2,8.6,3.4,6.0,D
8710,2023-05-13,2022-23,Crystal Palace,Bournemouth,1.2,1.2,11.6,3.2,7.0,1.8,2.0,12.2,4.8,9.0,H
8711,2023-05-13,2022-23,Man United,Wolves,1.0,0.8,17.6,6.2,7.0,1.2,1.6,10.4,3.8,9.0,H
8712,2023-05-13,2022-23,Southampton,Fulham,1.4,2.6,10.6,4.0,1.0,1.6,1.6,8.6,3.2,6.0,A
8713,2023-05-14,2022-23,Brentford,West Ham,1.0,1.0,8.4,3.6,7.0,1.8,1.8,10.8,4.4,6.0,H
8714,2023-05-14,2022-23,Everton,Man City,1.8,2.0,14.2,6.0,5.0,2.8,0.8,14.4,7.0,15.0,A
8715,2023-05-14,2022-23,Arsenal,Brighton,2.2,2.0,14.0,5.8,8.0,2.2,1.8,22.0,7.2,9.0,A
8716,2023-05-15,2022-23,Leicester,Liverpool,1.8,2.4,14.6,6.0,5.0,2.2,1.2,16.0,4.4,15.0,A
8717,2023-05-18,2022-23,Newcastle,Brighton,3.0,1.4,18.4,6.2,10.0,2.4,1.6,19.2,6.4,9.0,H
8718,2023-05-20,2022-23,Wolves,Everton,0.8,2.0,9.2,2.0,6.0,1.6,2.0,12.6,5.2,5.0,D
8719,2023-05-20,2022-23,Nott'm Forest,Arsenal,2.4,2.2,9.6,3.8,7.0,1.8,2.2,14.6,5.2,7.0,H
8720,2023-05-20,2022-23,Liverpool,Aston Villa,2.2,0.8,15.6,4.2,15.0,0.8,0.8,11.8,2.6,7.0,D
8721,2023-05-20,2022-23,Bournemouth,Man United,1.2,2.0,12.0,3.6,6.0,1.0,0.8,18.6,6.4,7.0,A
8722,2023-05-20,2022-23,Fulham,Crystal Palace,1.6,1.4,8.0,3.0,6.0,1.2,1.2,13.2,3.8,7.0,D
8723,2023-05-20,2022-23,Tottenham,Brentford,1.6,2.8,10.4,4.4,4.0,1.4,0.6,11.2,5.0,10.0,A
8724,2023-05-21,2022-23,West Ham,Leeds,1.0,2.2,8.0,3.2,3.0,1.2,2.2,10.2,3.4,2.0,H
8725,2023-05-21,2022-23,Brighton,Southampton,2.4,1.8,17.4,5.4,9.0,1.4,2.6,9.4,3.4,1.0,H
8726,2023-05-21,2022-23,Man City,Chelsea,2.8,0.6,13.8,7.0,15.0,1.4,2.0,11.0,4.2,4.0,H
8727,2023-05-22,2022-23,Newcastle,Leicester,2.6,1.4,17.8,6.4,10.0,1.6,2.4,13.4,6.0,5.0,D
8728,2023-05-24,2022-23,Brighton,Man City,1.8,2.0,18.2,5.4,9.0,2.2,0.4,14.0,5.6,15.0,D
8729,2023-05-25,2022-23,Man United,Chelsea,0.8,0.4,19.2,5.8,9.0,1.2,1.8,12.0,5.0,4.0,H
8730,2023-05-28,2022-23,Man United,Fulham,1.4,0.6,20.0,6.4,9.0,2.0,1.6,10.0,3.8,7.0,H
8731,2023-05-28,2022-23,Leicester,West Ham,1.2,2.2,10.6,4.6,3.0,1.4,2.0,10.4,4.6,6.0,H
8732,2023-05-28,2022-23,Leeds,Tottenham,1.2,2.4,10.6,3.6,2.0,1.6,2.2,12.6,5.4,4.0,A
8733,2023-05-28,2022-23,Everton,Bournemouth,1.8,2.2,14.4,5.0,5.0,1.2,1.4,10.6,3.4,6.0,H
8734,2023-05-28,2022-23,Southampton,Liverpool,1.0,2.6,8.8,2.4,0.0,2.0,0.8,13.6,4.4,13.0,D
8735,2023-05-28,2022-23,Chelsea,Newcastle,1.4,2.2,11.8,5.2,4.0,1.8,1.2,19.4,5.6,8.0,D
8736,2023-05-28,2022-23,Brentford,Man City,1.8,0.6,12.2,4.8,12.0,2.0,0.4,14.2,4.6,13.0,H
8737,2023-05-28,2022-23,Aston Villa,Brighton,0.8,0.8,10.2,2.8,7.0,1.8,2.2,17.8,5.6,7.0,H
8738,2023-05-28,2022-23,Arsenal,Wolves,1.2,1.8,11.8,4.6,6.0,0.8,1.8,8.6,2.4,7.0,H
8739,2023-05-28,2022-23,Crystal Palace,Nott'm Forest,1.6,1.6,13.0,4.4,7.0,2.2,1.6,8.6,3.2,10.0,D
8740,2023-08-11,2023-24,Burnley,Man City,1.0,1.6,12.2,4.6,4.0,1.4,0.6,14.4,3.8,10.0,A
8741,2023-08-12,2023-24,Sheffield United,Crystal Palace,0.4,1.4,9.6,1.6,6.0,1.8,1.4,13.4,4.4,8.0,A
8742,2023-08-12,2023-24,Everton,Fulham,1.8,1.4,14.4,5.2,8.0,2.0,1.6,11.2,4.2,7.0,A
8743,2023-08-12,2023-24,Newcastle,Aston Villa,1.4,1.2,17.6,5.4,6.0,1.0,1.0,9.8,3.2,7.0,H
8744,2023-08-12,2023-24,Bournemouth,West Ham,1.0,1.6,8.8,3.4,3.0,1.0,1.6,12.0,4.4,6.0,D
8745,2023-08-12,2023-24,Arsenal,Nott'm Forest,2.0,1.0,13.0,5.8,9.0,1.8,1.6,7.6,3.0,8.0,H
8747,2023-08-13,2023-24,Brentford,Tottenham,1.6,0.6,13.0,5.4,12.0,2.0,2.0,11.2,5.4,6.0,D
8748,2023-08-13,2023-24,Chelsea,Liverpool,1.4,1.8,14.8,5.4,5.0,2.0,1.0,17.2,5.2,11.0,D
8749,2023-08-14,2023-24,Man United,Wolves,1.8,0.6,21.0,7.0,12.0,0.4,2.8,8.0,1.8,4.0,H
8750,2023-08-18,2023-24,Nott'm Forest,Sheffield United,1.8,1.6,7.8,2.8,8.0,0.4,0.8,9.6,1.6,6.0,H
8751,2023-08-19,2023-24,Fulham,Brentford,2.2,1.4,11.2,4.0,10.0,1.6,0.8,12.4,5.0,10.0,A
8752,2023-08-19,2023-24,Liverpool,Bournemouth,2.0,1.2,16.8,4.8,9.0,0.4,1.6,9.2,3.0,1.0,H
8753,2023-08-19,2023-24,Wolves,Brighton,0.4,1.8,10.6,2.6,4.0,2.0,1.8,17.8,6.6,7.0,A
8754,2023-08-19,2023-24,Tottenham,Man United,1.8,1.6,12.8,5.2,7.0,2.0,0.4,20.2,6.8,15.0,H
8755,2023-08-19,2023-24,Man City,Newcastle,1.6,0.4,14.2,4.2,10.0,2.4,1.0,18.6,7.0,9.0,H
8756,2023-08-20,2023-24,Aston Villa,Everton,1.2,1.8,11.6,4.2,7.0,1.4,1.2,13.6,5.4,7.0,H
8757,2023-08-20,2023-24,West Ham,Chelsea,1.2,1.2,14.0,4.6,7.0,1.0,1.8,14.6,5.2,3.0,H
8758,2023-08-21,2023-24,Crystal Palace,Arsenal,1.2,0.8,15.0,4.8,8.0,1.8,1.0,12.8,5.2,9.0,A
8760,2023-08-26,2023-24,Bournemouth,Tottenham,0.4,1.6,9.8,3.2,1.0,2.0,1.6,14.6,5.8,7.0,A
8761,2023-08-26,2023-24,Arsenal,Fulham,1.6,1.0,13.6,4.6,9.0,1.2,1.4,9.8,3.0,7.0,D
8762,2023-08-26,2023-24,Brentford,Crystal Palace,2.2,0.6,14.8,6.4,13.0,1.2,0.8,16.4,4.8,8.0,D
8763,2023-08-26,2023-24,Everton,Wolves,0.4,1.8,13.4,4.8,4.0,0.4,2.6,12.6,3.2,1.0,A
8764,2023-08-26,2023-24,Man United,Nott'm Forest,1.6,0.8,19.2,6.2,12.0,1.4,1.2,9.2,2.8,8.0,H
8765,2023-08-26,2023-24,Brighton,West Ham,2.6,1.2,19.4,7.8,10.0,1.6,1.4,13.4,5.0,7.0,A
8766,2023-08-27,2023-24,Newcastle,Liverpool,2.0,0.8,16.4,6.2,8.0,2.4,1.4,19.0,5.8,9.0,A
8767,2023-08-27,2023-24,Sheffield United,Man City,0.6,0.8,9.6,2.2,6.0,1.2,0.4,15.2,4.2,10.0,A
8768,2023-08-27,2023-24,Burnley,Aston Villa,0.6,2.0,10.0,3.6,1.0,2.0,1.6,11.0,5.0,10.0,A
8770,2023-09-02,2023-24,Sheffield United,Everton,0.6,1.2,8.8,2.0,3.0,0.4,1.4,15.0,5.6,4.0,D
8771,2023-09-02,2023-24,Brentford,Bournemouth,2.0,0.8,12.4,4.6,11.0,0.4,1.6,11.0,3.8,1.0,D
8772,2023-09-02,2023-24,Burnley,Tottenham,0.6,2.0,9.0,2.8,1.0,2.2,1.2,17.0,6.6,10.0,A
8773,2023-09-02,2023-24,Chelsea,Nott'm Forest,1.4,1.8,16.4,5.2,5.0,1.4,1.4,8.8,3.2,7.0,A
8774,2023-09-02,2023-24,Man City,Fulham,1.4,0.6,18.2,5.6,10.0,1.2,1.8,9.6,2.8,5.0,H
8775,2023-09-02,2023-24,Brighton,Newcastle,2.2,1.6,19.2,8.2,7.0,1.4,1.0,16.6,6.0,5.0,H
8776,2023-09-03,2023-24,Arsenal,Man United,2.0,0.8,14.6,6.4,10.0,2.0,1.2,18.8,7.0,12.0,H
8777,2023-09-03,2023-24,Crystal Palace,Wolves,1.0,1.0,16.0,4.8,6.0,0.6,2.2,13.8,3.6,4.0,H
8778,2023-09-03,2023-24,Liverpool,Aston Villa,2.2,1.6,17.6,5.6,9.0,2.2,1.6,12.6,5.4,10.0,H
8779,2023-09-16,2023-24,Wolves,Liverpool,0.8,2.6,13.6,3.4,3.0,2.6,1.4,19.0,5.4,11.0,A
8780,2023-09-16,2023-24,Aston Villa,Crystal Palace,2.0,2.0,13.2,5.4,9.0,1.2,1.0,17.0,6.0,8.0,H
8782,2023-09-16,2023-24,Man United,Brighton,1.4,1.6,17.2,5.6,9.0,2.6,1.6,18.2,8.0,9.0,A
8783,2023-09-16,2023-24,Tottenham,Sheffield United,3.0,1.0,16.6,7.0,13.0,1.0,1.4,9.2,3.4,4.0,H
8784,2023-09-16,2023-24,West Ham,Man City,2.0,1.2,13.0,3.6,10.0,2.2,0.6,17.0,5.8,12.0,A
8785,2023-09-16,2023-24,Newcastle,Brentford,1.6,1.6,13.8,5.6,4.0,1.8,1.0,14.4,5.2,9.0,H
8786,2023-09-17,2023-24,Bournemouth,Chelsea,0.8,1.8,11.4,4.0,2.0,1.2,1.2,17.8,4.6,5.0,D
8787,2023-09-17,2023-24,Everton,Arsenal,0.6,1.6,14.4,6.0,4.0,2.6,0.8,15.8,6.8,13.0,A
8788,2023-09-18,2023-24,Nott'm Forest,Burnley,1.4,1.4,9.0,3.4,7.0,1.0,2.8,10.6,3.4,1.0,D
8789,2023-09-23,2023-24,Brentford,Everton,1.6,1.2,14.4,4.8,6.0,0.4,1.8,13.4,5.0,1.0,A
8790,2023-09-23,2023-24,Crystal Palace,Fulham,1.2,1.4,15.0,5.8,7.0,1.0,2.0,9.2,2.6,7.0,D
8792,2023-09-23,2023-24,Man City,Nott'm Forest,2.8,0.6,19.4,8.2,15.0,1.4,1.4,10.4,3.4,7.0,H
8793,2023-09-23,2023-24,Burnley,Man United,1.0,2.8,10.6,3.0,1.0,1.2,2.0,15.8,4.8,6.0,A
8794,2023-09-24,2023-24,Sheffield United,Newcastle,1.0,1.8,8.2,3.8,1.0,1.6,1.4,13.0,5.2,6.0,A
8795,2023-09-24,2023-24,Liverpool,West Ham,2.4,0.8,16.2,5.0,13.0,2.0,1.4,11.0,3.6,10.0,H
8796,2023-09-24,2023-24,Chelsea,Aston Villa,1.0,1.0,16.2,4.8,5.0,2.2,2.0,14.0,5.4,9.0,A
8797,2023-09-24,2023-24,Brighton,Bournemouth,3.0,1.4,18.6,8.8,12.0,0.8,1.6,12.6,4.4,3.0,H
8798,2023-09-24,2023-24,Arsenal,Tottenham,1.8,0.8,15.6,6.0,13.0,2.6,1.0,20.0,7.6,13.0,D
8799,2023-09-30,2023-24,Aston Villa,Brighton,2.2,1.0,13.8,5.6,12.0,2.8,1.4,15.8,7.2,12.0,H
8800,2023-09-30,2023-24,Bournemouth,Arsenal,0.8,2.0,12.2,4.2,2.0,1.8,1.0,15.2,5.8,11.0,A
8801,2023-09-30,2023-24,Everton,Luton,1.0,1.8,13.2,4.4,4.0,0.6,2.2,12.6,2.2,1.0,A
8802,2023-09-30,2023-24,Man United,Crystal Palace,1.2,2.0,15.0,5.0,6.0,1.0,1.4,11.6,4.8,5.0,A
8803,2023-09-30,2023-24,Newcastle,Burnley,2.2,1.2,14.0,5.6,6.0,0.8,2.6,10.6,2.8,1.0,H
8804,2023-09-30,2023-24,West Ham,Sheffield United,2.0,1.8,10.0,3.8,9.0,1.0,3.2,8.4,3.8,1.0,H
8805,2023-09-30,2023-24,Wolves,Man City,1.2,2.2,10.6,3.2,4.0,2.6,0.6,17.4,7.4,15.0,H
8806,2023-09-30,2023-24,Tottenham,Liverpool,2.6,1.0,19.0,7.4,13.0,2.8,0.8,18.0,6.2,15.0,H
8807,2023-10-01,2023-24,Nott'm Forest,Brentford,1.2,1.4,11.2,3.6,7.0,1.4,1.4,14.6,4.0,5.0,D
8808,2023-10-02,2023-24,Fulham,Chelsea,0.8,2.0,9.4,3.2,5.0,0.8,1.0,16.2,4.8,4.0,A
8809,2023-10-03,2023-24,Luton,Burnley,0.8,1.6,12.6,2.0,4.0,0.8,2.4,11.0,3.0,1.0,A
8810,2023-10-07,2023-24,Crystal Palace,Nott'm Forest,1.2,1.2,10.4,4.8,8.0,1.0,1.4,9.2,3.0,5.0,D
8811,2023-10-07,2023-24,Fulham,Sheffield United,0.8,1.8,9.4,3.4,5.0,0.8,3.2,10.2,3.6,1.0,H
8812,2023-10-07,2023-24,Man United,Brentford,1.2,1.8,14.4,4.6,6.0,1.0,1.6,14.8,3.4,3.0,H
8813,2023-10-07,2023-24,Burnley,Chelsea,1.0,2.0,12.0,3.4,4.0,1.0,0.4,15.0,4.8,7.0,A
8814,2023-10-07,2023-24,Luton,Tottenham,1.0,1.4,14.0,2.4,4.0,2.6,1.2,20.4,7.8,13.0,A
8815,2023-10-07,2023-24,Everton,Bournemouth,1.2,1.4,16.0,5.0,4.0,0.6,2.2,11.2,3.4,2.0,H
8816,2023-10-08,2023-24,Brighton,Liverpool,2.2,2.4,14.8,6.2,9.0,2.4,1.0,15.2,5.0,12.0,D
8817,2023-10-08,2023-24,West Ham,Newcastle,1.8,1.6,11.6,4.4,9.0,2.6,1.0,16.6,7.0,9.0,D
8818,2023-10-08,2023-24,Wolves,Aston Villa,1.4,1.6,8.0,2.4,7.0,2.6,1.2,15.0,6.0,12.0,D
8819,2023-10-08,2023-24,Arsenal,Man City,2.4,1.0,15.4,6.8,11.0,2.6,1.0,19.2,8.2,12.0,H
8820,2023-10-21,2023-24,Sheffield United,Man United,0.8,3.4,10.0,3.6,1.0,1.0,1.6,15.0,4.4,6.0,A
8821,2023-10-21,2023-24,Chelsea,Arsenal,1.2,0.6,13.0,4.2,7.0,2.2,0.6,14.0,5.0,13.0,D
8822,2023-10-21,2023-24,Nott'm Forest,Luton,0.6,0.8,10.6,3.2,6.0,0.8,1.2,13.2,2.6,4.0,D
8823,2023-10-21,2023-24,Newcastle,Crystal Palace,2.8,1.0,14.0,6.0,10.0,1.0,1.0,9.0,4.2,8.0,H
8824,2023-10-21,2023-24,Brentford,Burnley,1.0,1.8,14.6,3.8,2.0,0.8,1.8,10.8,3.2,4.0,H
8825,2023-10-21,2023-24,Bournemouth,Wolves,0.6,2.4,11.2,3.6,2.0,1.4,1.8,7.4,2.6,5.0,A
8826,2023-10-21,2023-24,Liverpool,Everton,2.4,1.2,16.2,5.0,10.0,1.8,1.2,18.0,5.2,7.0,H
8827,2023-10-21,2023-24,Man City,Brighton,2.2,1.0,14.0,6.6,9.0,2.4,2.2,12.6,4.8,10.0,H
8828,2023-10-22,2023-24,Aston Villa,West Ham,2.2,1.2,15.4,5.6,10.0,1.6,1.8,10.2,4.4,7.0,H
8829,2023-10-23,2023-24,Tottenham,Fulham,2.4,1.2,20.0,7.4,13.0,1.0,1.6,11.8,4.0,7.0,H
8830,2023-10-27,2023-24,Crystal Palace,Tottenham,0.4,1.4,9.2,2.6,5.0,1.8,0.8,19.0,6.4,13.0,A
8831,2023-10-28,2023-24,Bournemouth,Burnley,0.4,2.4,10.2,3.4,1.0,0.6,2.2,10.0,2.8,3.0,H
8832,2023-10-28,2023-24,Wolves,Newcastle,1.4,1.4,9.0,3.2,8.0,3.4,0.4,14.2,7.0,13.0,D
8833,2023-10-28,2023-24,Chelsea,Brentford,1.6,0.8,11.0,4.8,8.0,1.2,1.4,15.0,4.4,4.0,A
8834,2023-10-28,2023-24,Arsenal,Sheffield United,2.0,0.8,13.2,4.6,11.0,0.6,3.4,9.8,3.2,0.0,H
8835,2023-10-29,2023-24,West Ham,Everton,1.4,2.4,11.2,4.6,4.0,1.4,1.2,16.0,4.2,6.0,A
8836,2023-10-29,2023-24,Aston Villa,Luton,3.0,0.8,16.6,6.4,13.0,1.2,1.4,14.4,3.0,5.0,H
8837,2023-10-29,2023-24,Brighton,Fulham,2.0,2.4,10.6,4.2,7.0,0.8,1.0,12.6,3.8,7.0,D
8838,2023-10-29,2023-24,Liverpool,Nott'm Forest,2.2,1.2,18.0,5.4,10.0,0.8,1.2,13.0,4.2,4.0,H
8839,2023-10-29,2023-24,Man United,Man City,1.2,1.2,15.8,5.0,9.0,1.6,1.0,14.6,6.8,9.0,A
8840,2023-11-04,2023-24,Newcastle,Arsenal,3.6,0.8,15.0,7.6,11.0,2.8,0.8,13.2,5.4,11.0,H
8841,2023-11-04,2023-24,Sheffield United,Wolves,0.4,4.0,8.8,2.2,0.0,1.6,1.2,9.0,4.0,9.0,H
8842,2023-11-04,2023-24,Man City,Bournemouth,1.6,0.8,13.0,5.8,9.0,0.8,2.6,10.2,3.8,3.0,H
8843,2023-11-04,2023-24,Everton,Brighton,1.6,1.0,16.4,4.8,9.0,1.6,2.4,12.2,4.0,5.0,D
8844,2023-11-04,2023-24,Brentford,West Ham,1.6,1.2,14.2,5.0,7.0,1.2,2.0,12.4,4.4,4.0,H
8845,2023-11-04,2023-24,Fulham,Man United,0.8,1.2,12.0,4.4,5.0,1.0,1.2,14.4,4.8,9.0,A
8846,2023-11-04,2023-24,Burnley,Crystal Palace,0.8,2.4,8.8,2.6,3.0,0.4,1.2,10.6,2.6,5.0,A
8847,2023-11-05,2023-24,Nott'm Forest,Aston Villa,0.6,1.6,12.0,3.6,3.0,3.0,0.8,16.8,6.6,13.0,H
8848,2023-11-05,2023-24,Luton,Liverpool,1.2,1.8,11.8,2.4,4.0,2.2,1.0,19.0,5.8,10.0,D
8849,2023-11-06,2023-24,Tottenham,Chelsea,1.8,0.8,15.4,4.6,13.0,1.6,1.2,11.6,4.0,7.0,A
8850,2023-11-11,2023-24,Man United,Luton,1.0,1.2,14.6,5.0,9.0,1.0,1.8,11.6,3.0,2.0,H
8851,2023-11-11,2023-24,Bournemouth,Newcastle,0.8,3.2,8.8,3.2,3.0,2.2,0.8,12.4,5.0,11.0,H
8852,2023-11-11,2023-24,Crystal Palace,Everton,0.8,1.2,10.0,2.6,7.0,1.2,1.0,14.8,4.4,7.0,A
8853,2023-11-11,2023-24,Wolves,Tottenham,1.6,1.4,10.4,4.0,8.0,1.6,1.2,14.4,4.6,12.0,H
8854,2023-11-11,2023-24,Arsenal,Burnley,2.4,0.6,13.4,4.4,10.0,0.8,2.4,10.6,3.2,3.0,H
8855,2023-11-12,2023-24,Aston Villa,Fulham,2.8,1.2,16.4,5.8,10.0,0.8,1.4,13.6,4.0,4.0,H
8856,2023-11-12,2023-24,Brighton,Sheffield United,1.2,2.4,11.0,3.6,3.0,0.8,2.6,9.2,2.4,3.0,D
8857,2023-11-12,2023-24,Liverpool,Brentford,1.8,1.0,19.4,5.6,8.0,2.0,1.0,15.0,5.4,10.0,H
8858,2023-11-12,2023-24,West Ham,Nott'm Forest,1.4,2.0,12.6,4.0,4.0,1.0,1.2,11.0,3.6,6.0,H
8859,2023-11-12,2023-24,Chelsea,Man City,2.4,1.2,13.0,4.8,10.0,2.4,1.0,15.8,6.6,9.0,D
8860,2023-11-25,2023-24,Brentford,Arsenal,1.8,1.4,14.6,5.0,9.0,2.2,0.8,13.6,4.0,10.0,A
8861,2023-11-25,2023-24,Sheffield United,Bournemouth,1.0,2.4,7.8,2.2,4.0,1.2,2.4,11.0,5.0,6.0,A
8862,2023-11-25,2023-24,Nott'm Forest,Brighton,1.2,1.6,11.8,4.4,5.0,1.2,1.4,11.0,4.2,4.0,A
8863,2023-11-25,2023-24,Luton,Crystal Palace,0.8,1.6,10.0,3.2,2.0,1.0,1.8,11.0,3.0,4.0,H
8864,2023-11-25,2023-24,Burnley,West Ham,0.6,2.8,9.4,3.4,0.0,1.6,2.4,11.8,3.4,4.0,A
8865,2023-11-25,2023-24,Man City,Liverpool,3.0,1.4,14.2,7.0,10.0,2.2,0.6,20.4,6.8,11.0,D
8866,2023-11-25,2023-24,Newcastle,Chelsea,1.8,1.2,10.0,4.4,8.0,2.8,2.0,14.2,5.8,8.0,H
8867,2023-11-26,2023-24,Tottenham,Aston Villa,1.4,1.4,10.8,3.4,9.0,2.2,1.2,15.0,5.2,10.0,A
8868,2023-11-26,2023-24,Everton,Man United,1.6,1.0,11.8,4.2,10.0,1.2,1.0,13.8,5.0,12.0,A
8869,2023-11-27,2023-24,Fulham,Wolves,1.0,1.6,13.4,4.4,4.0,1.6,1.4,13.2,4.6,8.0,H
8870,2023-12-02,2023-24,Newcastle,Man United,2.2,1.0,10.8,4.8,10.0,1.4,0.8,11.4,4.2,12.0,H
8871,2023-12-02,2023-24,Burnley,Sheffield United,0.6,2.4,9.6,3.8,0.0,1.0,2.4,8.8,2.2,4.0,H
8872,2023-12-02,2023-24,Nott'm Forest,Everton,1.6,2.2,12.2,4.4,4.0,1.0,1.6,11.6,3.8,7.0,A
8873,2023-12-02,2023-24,Brentford,Luton,1.6,1.2,14.2,5.0,9.0,1.2,1.6,9.2,3.4,5.0,H
8874,2023-12-02,2023-24,Arsenal,Wolves,2.2,0.8,14.2,4.4,10.0,1.8,1.8,13.6,5.2,7.0,H
8875,2023-12-03,2023-24,Bournemouth,Aston Villa,1.8,2.0,13.4,6.4,9.0,2.4,1.2,14.4,5.4,12.0,D
8876,2023-12-03,2023-24,Chelsea,Brighton,2.2,2.6,13.8,5.6,5.0,1.4,1.4,10.4,4.6,6.0,H
8877,2023-12-03,2023-24,Liverpool,Fulham,2.0,0.4,19.2,6.6,11.0,1.0,1.8,11.8,4.4,4.0,H
8878,2023-12-03,2023-24,West Ham,Crystal Palace,1.6,2.2,13.0,3.4,6.0,1.2,2.2,12.6,4.2,3.0,D
8879,2023-12-03,2023-24,Man City,Tottenham,3.2,1.4,16.6,7.8,11.0,1.4,1.8,11.4,4.2,6.0,D
8880,2023-12-05,2023-24,Wolves,Burnley,1.6,2.0,10.8,4.4,4.0,1.6,1.8,12.2,5.0,3.0,H
8881,2023-12-05,2023-24,Luton,Arsenal,1.0,1.8,8.0,2.8,4.0,2.2,0.6,15.4,5.0,12.0,A
8882,2023-12-06,2023-24,Man United,Chelsea,1.0,0.8,10.2,3.4,9.0,2.4,2.6,13.2,5.6,7.0,H
8883,2023-12-06,2023-24,Aston Villa,Man City,2.0,1.4,13.6,4.6,10.0,3.4,1.8,18.2,7.4,9.0,H
8884,2023-12-06,2023-24,Sheffield United,Liverpool,0.8,3.0,7.6,1.6,4.0,2.4,1.0,19.2,7.8,11.0,A
8885,2023-12-06,2023-24,Brighton,Brentford,1.6,1.6,13.0,5.8,6.0,1.6,1.4,15.0,4.2,9.0,H
8886,2023-12-06,2023-24,Crystal Palace,Bournemouth,1.4,1.6,11.0,4.0,4.0,2.0,2.0,15.0,7.0,10.0,A
8887,2023-12-06,2023-24,Fulham,Nott'm Forest,1.6,2.2,11.6,4.8,4.0,1.2,2.0,11.0,3.2,3.0,H
8888,2023-12-07,2023-24,Everton,Newcastle,1.2,1.2,12.8,4.2,10.0,1.6,1.0,13.2,4.2,10.0,H
8889,2023-12-07,2023-24,Tottenham,West Ham,1.6,2.4,10.0,4.0,4.0,1.6,1.6,12.0,3.2,7.0,A
8890,2023-12-09,2023-24,Wolves,Nott'm Forest,1.4,1.6,10.0,4.0,6.0,1.2,2.4,10.0,3.2,3.0,D
8891,2023-12-09,2023-24,Aston Villa,Arsenal,1.6,1.2,14.6,4.8,10.0,2.0,1.2,17.4,5.2,12.0,H
8892,2023-12-09,2023-24,Sheffield United,Brentford,0.8,2.4,8.4,1.8,4.0,1.4,1.8,15.2,3.6,6.0,H
8893,2023-12-09,2023-24,Brighton,Burnley,1.8,1.6,13.0,5.8,8.0,1.4,1.6,13.4,5.0,3.0,D
8894,2023-12-09,2023-24,Crystal Palace,Liverpool,1.2,1.6,11.6,4.0,4.0,2.2,1.0,18.0,7.8,11.0,A
8895,2023-12-09,2023-24,Man United,Bournemouth,1.4,0.4,14.4,4.6,12.0,2.0,1.8,14.6,6.6,10.0,A
8896,2023-12-10,2023-24,Everton,Chelsea,1.6,1.2,15.0,4.6,10.0,2.6,2.6,12.4,5.8,7.0,H
8897,2023-12-10,2023-24,Fulham,West Ham,2.4,2.0,12.4,5.0,6.0,2.0,1.6,11.8,3.8,10.0,H
8898,2023-12-10,2023-24,Luton,Man City,1.4,2.0,7.8,3.4,4.0,2.8,2.0,14.4,5.8,6.0,A
8899,2023-12-10,2023-24,Tottenham,Newcastle,1.4,2.6,12.6,5.2,1.0,1.2,1.2,13.2,3.8,9.0,H
8900,2023-12-15,2023-24,Nott'm Forest,Tottenham,1.0,2.6,10.6,3.0,1.0,2.0,2.0,15.6,6.6,4.0,A
8901,2023-12-16,2023-24,Chelsea,Sheffield United,1.8,2.8,12.2,5.0,4.0,0.6,2.2,8.0,2.2,4.0,H
8902,2023-12-16,2023-24,Man City,Crystal Palace,2.0,2.0,13.8,5.4,6.0,1.0,2.0,12.4,4.2,1.0,D
8903,2023-12-16,2023-24,Newcastle,Fulham,1.2,2.0,13.2,4.0,6.0,3.4,1.8,11.6,6.0,9.0,H
8904,2023-12-16,2023-24,Burnley,Everton,1.6,1.4,11.2,4.6,4.0,1.8,1.0,14.8,4.8,12.0,A
8905,2023-12-17,2023-24,Liverpool,Man United,2.4,1.0,16.0,7.0,13.0,1.2,1.0,16.0,4.2,9.0,D
8906,2023-12-17,2023-24,Arsenal,Brighton,2.0,1.2,17.0,6.0,12.0,1.8,1.6,17.4,7.6,8.0,H
8907,2023-12-17,2023-24,Brentford,Aston Villa,0.8,1.6,14.0,3.6,3.0,1.8,0.8,14.0,4.8,13.0,A
8908,2023-12-17,2023-24,West Ham,Wolves,1.6,2.0,11.2,4.4,10.0,1.4,1.4,10.0,4.2,7.0,H
8909,2023-12-21,2023-24,Crystal Palace,Brighton,1.0,1.8,10.8,3.8,2.0,1.6,1.8,16.4,6.6,7.0,D
8910,2023-12-22,2023-24,Aston Villa,Sheffield United,1.6,0.8,14.6,4.6,13.0,0.4,2.4,7.4,2.2,3.0,D
8911,2023-12-23,2023-24,Tottenham,Everton,2.2,1.6,16.8,7.4,7.0,1.6,0.6,15.0,5.2,12.0,H
8912,2023-12-23,2023-24,Liverpool,Arsenal,1.8,1.0,19.4,6.6,11.0,1.8,1.0,19.0,6.6,12.0,D
8913,2023-12-23,2023-24,Nott'm Forest,Bournemouth,0.6,2.4,11.6,2.2,1.0,2.4,0.6,15.6,7.2,13.0,A
8914,2023-12-23,2023-24,West Ham,Man United,1.6,1.6,10.6,4.0,10.0,1.0,1.0,14.2,3.6,7.0,H
8915,2023-12-23,2023-24,Fulham,Burnley,3.2,1.8,11.0,5.8,9.0,1.4,1.2,12.4,4.0,4.0,A
8916,2023-12-23,2023-24,Luton,Newcastle,1.4,2.2,7.0,2.8,3.0,1.8,1.6,17.0,5.0,9.0,H
8917,2023-12-24,2023-24,Wolves,Chelsea,1.0,1.8,9.4,4.0,4.0,1.4,2.0,11.8,4.4,6.0,H
8918,2023-12-26,2023-24,Newcastle,Nott'm Forest,1.0,1.6,17.2,4.4,6.0,0.6,2.4,10.2,2.2,1.0,A
8919,2023-12-26,2023-24,Bournemouth,Fulham,2.6,1.0,15.4,6.6,13.0,2.6,1.8,12.4,5.6,6.0,H
8920,2023-12-26,2023-24,Sheffield United,Luton,0.4,2.0,6.4,2.2,4.0,1.6,2.0,8.2,3.0,6.0,A
8921,2023-12-26,2023-24,Burnley,Liverpool,1.6,0.8,11.6,3.4,7.0,1.8,1.0,20.4,6.6,11.0,A
8922,2023-12-26,2023-24,Man United,Aston Villa,0.4,1.4,14.6,3.4,4.0,1.4,0.8,14.0,4.4,11.0,H
8923,2023-12-27,2023-24,Brentford,Wolves,1.0,1.4,11.6,3.6,3.0,1.0,1.4,10.2,4.0,7.0,A
8924,2023-12-27,2023-24,Chelsea,Crystal Palace,1.4,1.6,13.6,4.6,6.0,1.0,1.6,9.8,2.8,3.0,H
8925,2023-12-27,2023-24,Everton,Man City,1.8,0.4,13.8,5.6,12.0,1.6,1.6,14.6,5.2,6.0,A
8926,2023-12-28,2023-24,Brighton,Tottenham,1.2,1.6,17.8,6.8,5.0,2.4,1.4,15.8,7.0,10.0,H
8927,2023-12-28,2023-24,Arsenal,West Ham,1.8,1.2,18.6,6.2,10.0,1.6,1.4,10.8,4.4,10.0,A
8928,2023-12-30,2023-24,Nott'm Forest,Man United,1.2,2.4,10.6,3.0,4.0,1.0,1.6,15.6,4.6,7.0,H
8929,2023-12-30,2023-24,Wolves,Everton,1.6,1.2,11.2,4.4,10.0,1.8,1.0,12.8,5.4,9.0,H
8930,2023-12-30,2023-24,Man City,Sheffield United,2.0,1.6,16.0,6.0,8.0,0.8,1.6,9.4,2.8,4.0,H
8931,2023-12-30,2023-24,Aston Villa,Burnley,1.4,1.0,13.8,4.6,10.0,0.6,1.2,9.6,2.0,4.0,H
8932,2023-12-30,2023-24,Luton,Chelsea,1.8,2.2,9.0,3.2,6.0,1.2,1.4,13.8,4.4,6.0,A
8933,2023-12-30,2023-24,Crystal Palace,Brentford,1.0,1.8,10.6,3.4,2.0,1.2,2.0,12.6,3.8,3.0,H
8934,2023-12-31,2023-24,Fulham,Arsenal,2.0,1.6,12.2,5.2,6.0,1.4,1.4,20.8,6.6,7.0,H
8935,2023-12-31,2023-24,Tottenham,Bournemouth,2.2,1.6,18.0,6.8,9.0,2.6,0.8,14.0,5.2,13.0,H
8936,2024-01-01,2023-24,Liverpool,Newcastle,1.4,0.4,19.0,6.2,11.0,1.0,2.2,16.6,5.0,3.0,H
8937,2024-01-02,2023-24,West Ham,Brighton,1.8,1.2,10.2,4.4,12.0,1.6,1.4,17.2,6.8,8.0,D
8938,2024-01-12,2023-24,Burnley,Luton,1.0,1.6,9.0,2.4,4.0,2.0,2.2,10.6,4.2,6.0,D
8939,2024-01-13,2023-24,Newcastle,Man City,1.4,2.4,15.0,5.0,3.0,1.8,1.0,16.0,6.0,10.0,A
8940,2024-01-13,2023-24,Chelsea,Fulham,1.6,1.4,13.6,5.4,9.0,1.4,1.8,12.4,4.8,6.0,H
8941,2024-01-14,2023-24,Everton,Aston Villa,1.2,1.6,10.6,4.2,6.0,1.8,1.4,13.2,4.6,10.0,D
8942,2024-01-14,2023-24,Man United,Tottenham,0.8,1.8,12.0,3.8,4.0,2.6,1.4,15.8,6.6,12.0,D
8943,2024-01-20,2023-24,Arsenal,Crystal Palace,0.8,1.2,18.8,5.4,4.0,1.6,1.6,10.0,4.0,5.0,H
8944,2024-01-20,2023-24,Brentford,Nott'm Forest,0.8,2.4,9.0,3.4,0.0,1.6,1.6,11.4,3.2,7.0,H
8945,2024-01-21,2023-24,Sheffield United,West Ham,0.8,1.6,9.0,3.0,4.0,1.4,1.0,9.2,3.8,10.0,D
8946,2024-01-21,2023-24,Bournemouth,Liverpool,2.4,1.0,15.8,4.6,12.0,1.8,0.8,22.8,7.6,11.0,A
8947,2024-01-22,2023-24,Brighton,Wolves,1.2,1.2,18.0,7.0,6.0,2.0,1.2,12.2,4.8,10.0,D
8948,2024-01-30,2023-24,Crystal Palace,Sheffield United,1.4,2.2,10.8,4.2,5.0,1.0,2.0,11.4,3.4,2.0,H
8949,2024-01-30,2023-24,Luton,Brighton,1.6,1.6,12.2,4.4,7.0,1.0,1.0,14.4,5.6,6.0,H
8950,2024-01-30,2023-24,Aston Villa,Newcastle,1.6,1.4,14.4,5.0,8.0,1.6,2.2,15.6,5.4,3.0,A
8951,2024-01-30,2023-24,Nott'm Forest,Arsenal,1.8,2.0,12.2,3.4,6.0,1.8,1.0,20.6,5.6,7.0,A
8952,2024-01-30,2023-24,Fulham,Everton,0.4,2.0,12.4,4.0,3.0,0.8,1.6,10.8,3.6,4.0,D
8953,2024-01-31,2023-24,Man City,Burnley,2.4,1.2,21.0,7.8,13.0,1.0,1.6,10.4,3.2,4.0,H
8954,2024-01-31,2023-24,Tottenham,Brentford,2.2,1.6,14.4,5.4,10.0,1.2,2.4,9.6,4.0,3.0,H
8955,2024-01-31,2023-24,Liverpool,Chelsea,2.2,0.6,22.8,8.6,11.0,1.8,1.0,13.8,5.2,12.0,H
8956,2024-02-01,2023-24,West Ham,Bournemouth,1.8,0.4,10.6,3.8,11.0,2.0,1.8,15.8,4.0,9.0,D
8957,2024-02-01,2023-24,Wolves,Man United,1.8,1.0,11.8,4.6,10.0,1.2,1.6,9.8,3.6,5.0,A
8958,2024-02-03,2023-24,Sheffield United,Aston Villa,1.4,2.2,12.0,4.2,2.0,1.4,1.8,13.8,5.2,5.0,A
8959,2024-02-03,2023-24,Newcastle,Luton,1.6,2.4,13.0,4.4,3.0,2.2,1.2,15.0,5.6,10.0,D
8960,2024-02-03,2023-24,Burnley,Fulham,1.2,1.8,9.2,3.4,4.0,0.4,1.4,16.2,4.4,4.0,D
8961,2024-02-03,2023-24,Brighton,Crystal Palace,1.0,1.4,15.0,5.8,6.0,1.6,2.2,12.2,4.6,7.0,H
8962,2024-02-03,2023-24,Everton,Tottenham,0.4,1.6,13.2,3.2,2.0,2.4,2.0,15.8,5.2,10.0,D
8963,2024-02-04,2023-24,Bournemouth,Nott'm Forest,1.6,2.0,15.6,4.0,7.0,2.0,2.0,11.0,3.8,6.0,D
8964,2024-02-04,2023-24,Chelsea,Wolves,1.6,1.8,11.6,4.6,9.0,2.4,1.2,12.2,5.4,10.0,A
8965,2024-02-04,2023-24,Man United,West Ham,2.0,2.2,12.8,5.0,7.0,1.4,0.6,9.8,3.6,9.0,H
8966,2024-02-04,2023-24,Arsenal,Liverpool,1.8,1.2,19.2,4.4,7.0,3.0,0.8,21.6,9.6,13.0,H
8967,2024-02-05,2023-24,Brentford,Man City,1.6,2.8,9.4,4.2,3.0,2.6,1.2,20.2,7.4,13.0,A
8968,2024-02-10,2023-24,Nott'm Forest,Newcastle,1.8,1.6,10.4,4.0,7.0,2.4,3.0,13.8,5.2,4.0,A
8969,2024-02-10,2023-24,Wolves,Brentford,2.8,1.4,12.2,5.6,10.0,1.6,3.0,10.4,4.2,3.0,A
8970,2024-02-10,2023-24,Tottenham,Brighton,2.4,2.2,15.0,5.2,8.0,1.6,1.4,14.0,5.8,8.0,H
8971,2024-02-10,2023-24,Fulham,Bournemouth,0.8,1.4,15.4,4.8,5.0,1.2,1.8,13.8,3.0,5.0,H
8972,2024-02-10,2023-24,Liverpool,Burnley,3.0,1.2,21.0,9.2,12.0,1.2,2.2,10.2,3.8,2.0,H
8973,2024-02-10,2023-24,Man City,Everton,2.8,1.0,21.4,8.6,15.0,0.6,1.6,12.4,2.6,3.0,H
8974,2024-02-10,2023-24,Luton,Sheffield United,2.8,2.0,14.0,6.2,8.0,1.2,3.0,13.0,4.8,1.0,A
8975,2024-02-11,2023-24,West Ham,Arsenal,1.0,1.2,11.8,3.2,6.0,2.2,1.2,19.6,5.4,9.0,A
8976,2024-02-11,2023-24,Aston Villa,Man United,2.2,1.6,14.2,6.4,7.0,2.6,1.8,13.0,5.4,10.0,A
8977,2024-02-12,2023-24,Crystal Palace,Chelsea,1.6,2.8,11.4,5.0,6.0,1.8,2.2,11.4,4.8,9.0,A
8978,2024-02-17,2023-24,Brentford,Liverpool,1.8,2.2,9.4,4.6,6.0,3.2,1.4,22.2,9.2,12.0,A
8979,2024-02-17,2023-24,Burnley,Arsenal,1.4,2.4,10.2,4.6,2.0,3.4,0.8,18.6,6.2,12.0,A
8980,2024-02-17,2023-24,Fulham,Aston Villa,1.4,1.0,15.2,5.4,8.0,2.0,1.4,16.8,7.6,7.0,A
8981,2024-02-17,2023-24,Newcastle,Bournemouth,2.8,2.8,11.4,4.8,7.0,0.8,2.4,15.6,3.0,2.0,D
8982,2024-02-17,2023-24,Nott'm Forest,West Ham,1.6,2.0,10.0,3.4,4.0,0.6,2.4,11.6,2.8,3.0,H
8983,2024-02-17,2023-24,Tottenham,Wolves,2.4,1.6,14.4,5.8,11.0,2.0,1.6,13.4,5.6,7.0,A
8984,2024-02-17,2023-24,Man City,Chelsea,2.6,0.8,20.6,7.4,15.0,2.0,2.2,12.4,5.0,9.0,D
8985,2024-02-18,2023-24,Luton,Man United,2.4,2.2,15.6,6.4,5.0,2.4,1.6,13.8,5.0,10.0,A
8986,2024-02-18,2023-24,Sheffield United,Brighton,1.4,2.6,10.2,4.2,4.0,1.0,1.4,12.2,4.6,5.0,A
8987,2024-02-19,2023-24,Everton,Crystal Palace,0.4,1.4,12.0,2.4,3.0,1.6,3.0,11.4,4.8,6.0,D
8988,2024-02-20,2023-24,Man City,Brentford,2.4,1.0,23.2,7.6,13.0,1.8,2.4,10.6,5.0,6.0,H
8989,2024-02-21,2023-24,Liverpool,Luton,3.2,1.2,18.4,7.8,12.0,2.2,2.0,17.0,6.0,5.0,H
8990,2024-02-24,2023-24,Aston Villa,Nott'm Forest,1.8,1.2,15.4,6.8,7.0,1.6,1.8,12.2,4.6,4.0,H
8991,2024-02-24,2023-24,Brighton,Everton,2.0,1.4,12.6,5.0,7.0,0.6,1.0,13.8,3.2,4.0,D
8992,2024-02-24,2023-24,Crystal Palace,Burnley,1.2,3.0,10.8,4.4,4.0,1.0,2.8,10.0,3.6,2.0,H
8993,2024-02-24,2023-24,Man United,Fulham,2.6,1.4,16.0,5.8,13.0,1.2,1.2,15.2,5.4,5.0,A
8994,2024-02-24,2023-24,Bournemouth,Man City,1.0,2.2,13.2,3.6,3.0,2.0,0.6,22.8,7.6,13.0,A
8995,2024-02-24,2023-24,Arsenal,Newcastle,4.2,0.4,19.2,7.0,15.0,2.8,2.4,13.8,5.2,8.0,H
8996,2024-02-25,2023-24,Wolves,Sheffield United,1.8,1.8,13.4,5.8,7.0,1.4,3.2,10.6,4.0,4.0,H
8997,2024-02-26,2023-24,West Ham,Brentford,0.6,2.8,12.4,3.0,2.0,1.2,2.2,9.6,4.4,3.0,H
8998,2024-03-02,2023-24,Brentford,Chelsea,1.2,2.4,10.6,5.0,3.0,1.6,2.0,11.8,4.6,7.0,D
8999,2024-03-02,2023-24,Everton,West Ham,0.8,1.2,13.0,3.4,4.0,1.0,2.8,12.6,3.2,4.0,A
9000,2024-03-02,2023-24,Fulham,Brighton,1.6,1.2,15.8,5.6,8.0,2.2,1.6,15.0,5.6,7.0,H
9001,2024-03-02,2023-24,Newcastle,Wolves,2.6,2.6,12.0,4.6,8.0,2.0,1.8,14.4,5.6,9.0,H
9002,2024-03-02,2023-24,Nott'm Forest,Liverpool,1.6,2.0,11.8,4.6,4.0,3.2,1.4,21.4,9.0,12.0,A
9003,2024-03-02,2023-24,Tottenham,Crystal Palace,2.0,1.8,15.0,5.4,8.0,1.8,2.0,11.4,4.6,7.0,H
9004,2024-03-02,2023-24,Luton,Aston Villa,2.2,2.6,16.6,5.6,4.0,2.6,1.6,15.4,7.0,9.0,A
9005,2024-03-03,2023-24,Burnley,Bournemouth,0.8,3.2,7.8,2.2,1.0,1.0,1.6,13.6,4.2,3.0,A
9006,2024-03-03,2023-24,Man City,Man United,1.6,0.4,23.0,8.0,13.0,2.4,1.4,18.4,7.2,12.0,H
9007,2024-03-04,2023-24,Sheffield United,Arsenal,1.0,3.0,8.8,3.6,3.0,4.0,0.6,18.6,7.4,15.0,A
9008,2024-03-09,2023-24,Man United,Everton,1.8,1.4,14.8,5.8,9.0,1.0,1.8,13.2,4.8,3.0,H
9009,2024-03-09,2023-24,Bournemouth,Sheffield United,1.2,1.4,13.8,4.0,5.0,0.6,3.6,7.8,2.6,3.0,D
9010,2024-03-09,2023-24,Crystal Palace,Luton,1.4,2.2,9.8,4.0,4.0,1.8,3.2,15.6,5.0,1.0,D
9011,2024-03-09,2023-24,Wolves,Fulham,1.4,1.6,13.6,4.8,9.0,2.2,1.2,13.2,5.4,10.0,H
9012,2024-03-09,2023-24,Arsenal,Brentford,4.8,0.4,19.2,8.8,15.0,1.4,2.2,11.6,5.4,4.0,H
9013,2024-03-10,2023-24,West Ham,Burnley,1.4,2.8,13.2,3.6,6.0,0.6,3.0,10.2,2.8,1.0,D
9014,2024-03-10,2023-24,Liverpool,Man City,2.6,1.2,20.2,6.8,12.0,1.6,0.4,23.4,6.6,13.0,D
9015,2024-03-10,2023-24,Aston Villa,Tottenham,3.0,1.4,15.4,7.4,12.0,2.2,1.6,14.6,5.4,10.0,A
9016,2024-03-10,2023-24,Brighton,Nott'm Forest,2.2,1.4,16.2,6.2,7.0,1.4,1.8,11.6,4.4,4.0,H
9017,2024-03-11,2023-24,Chelsea,Newcastle,1.8,2.4,11.8,5.2,5.0,2.6,2.4,12.0,5.0,8.0,H
9018,2024-03-13,2023-24,Bournemouth,Luton,1.4,1.6,18.4,6.0,5.0,1.2,2.6,15.0,3.8,1.0,H
9019,2024-03-16,2023-24,Burnley,Brentford,0.6,3.0,10.0,2.8,1.0,1.2,2.6,11.6,5.0,1.0,H
9020,2024-03-16,2023-24,Luton,Nott'm Forest,1.6,2.8,12.6,3.6,1.0,1.2,1.8,11.8,4.0,3.0,D
9021,2024-03-16,2023-24,Fulham,Tottenham,2.0,1.2,14.8,5.2,9.0,2.4,1.2,12.6,5.4,10.0,H
9022,2024-03-17,2023-24,West Ham,Aston Villa,1.8,2.6,13.2,3.8,7.0,2.0,2.2,14.6,5.6,9.0,D
9023,2024-03-30,2023-24,Aston Villa,Wolves,2.0,2.0,12.6,4.6,10.0,1.0,1.4,12.4,4.0,9.0,H
9024,2024-03-30,2023-24,Brentford,Man United,1.2,2.2,10.4,4.8,1.0,1.6,1.4,15.4,6.4,9.0,D
9025,2024-03-30,2023-24,Sheffield United,Fulham,1.0,3.0,8.4,3.4,4.0,2.0,1.0,16.6,5.4,9.0,D
9026,2024-03-30,2023-24,Tottenham,Luton,2.0,1.4,13.6,5.2,9.0,1.6,2.6,10.2,3.6,2.0,H
9027,2024-03-30,2023-24,Chelsea,Burnley,2.2,2.0,13.4,6.2,8.0,0.8,2.6,11.6,3.2,4.0,D
9028,2024-03-30,2023-24,Bournemouth,Everton,2.0,1.6,18.2,7.2,8.0,0.6,1.8,15.0,5.0,2.0,H
9029,2024-03-30,2023-24,Newcastle,West Ham,2.2,2.2,10.4,4.4,7.0,2.0,1.6,14.8,4.6,8.0,H
9030,2024-03-30,2023-24,Nott'm Forest,Crystal Palace,1.0,1.4,12.4,4.6,4.0,1.4,1.6,12.6,3.8,5.0,D
9031,2024-03-31,2023-24,Liverpool,Brighton,2.6,0.8,22.0,7.8,13.0,1.6,1.2,15.6,5.6,7.0,H
9032,2024-03-31,2023-24,Man City,Arsenal,1.4,0.6,21.6,7.2,11.0,4.6,0.4,19.6,8.6,15.0,D
9033,2024-04-02,2023-24,West Ham,Tottenham,2.6,2.0,14.8,4.8,8.0,2.0,1.4,13.8,4.8,9.0,D
9034,2024-04-02,2023-24,Bournemouth,Crystal Palace,2.0,1.4,18.0,6.6,10.0,1.4,1.2,12.0,3.6,6.0,H
9035,2024-04-02,2023-24,Burnley,Wolves,1.2,2.0,13.6,4.6,5.0,1.0,1.4,11.6,3.6,9.0,D
9036,2024-04-02,2023-24,Newcastle,Everton,2.4,2.4,13.8,5.2,7.0,0.8,1.8,15.4,5.4,2.0,D
9037,2024-04-02,2023-24,Nott'm Forest,Fulham,0.8,1.6,11.0,4.0,2.0,2.4,1.2,18.4,6.4,10.0,H
9038,2024-04-03,2023-24,Arsenal,Luton,3.4,0.4,15.8,6.6,13.0,1.6,2.2,9.2,3.6,2.0,H
9039,2024-04-03,2023-24,Brentford,Brighton,1.4,2.2,15.4,5.4,2.0,1.6,1.2,16.2,5.6,7.0,D
9040,2024-04-03,2023-24,Man City,Aston Villa,1.2,0.4,17.8,6.4,11.0,2.0,1.8,12.4,5.0,10.0,H
9041,2024-04-04,2023-24,Liverpool,Sheffield United,2.4,0.8,23.0,7.4,13.0,1.0,3.4,8.6,3.6,2.0,H
9042,2024-04-04,2023-24,Chelsea,Man United,2.2,1.6,17.0,7.6,9.0,1.4,1.4,14.2,6.4,7.0,H
9043,2024-04-06,2023-24,Brighton,Arsenal,0.6,1.2,16.2,4.8,5.0,2.8,0.4,15.2,6.0,13.0,A
9044,2024-04-06,2023-24,Wolves,West Ham,0.8,1.4,10.8,2.6,7.0,2.0,1.8,13.6,4.4,6.0,A
9045,2024-04-06,2023-24,Fulham,Newcastle,2.2,1.6,18.6,6.0,7.0,2.2,2.2,14.0,5.4,7.0,A
9046,2024-04-06,2023-24,Luton,Bournemouth,1.2,2.0,7.6,2.8,2.0,2.2,1.2,17.6,7.0,13.0,H
9047,2024-04-06,2023-24,Aston Villa,Brentford,1.4,2.2,10.8,4.4,7.0,1.0,1.4,13.6,4.2,3.0,D
9048,2024-04-06,2023-24,Crystal Palace,Man City,1.2,1.2,10.6,3.2,5.0,1.8,0.6,17.8,6.4,11.0,A
9049,2024-04-06,2023-24,Everton,Burnley,0.8,1.8,13.6,5.2,2.0,1.4,1.6,15.8,5.8,6.0,H
9050,2024-04-07,2023-24,Man United,Liverpool,1.6,2.0,13.8,5.6,4.0,2.2,0.8,25.8,7.6,13.0,D
9051,2024-04-07,2023-24,Sheffield United,Chelsea,1.2,3.0,9.0,4.0,2.0,2.4,2.0,19.8,8.6,9.0,D
9052,2024-04-07,2023-24,Tottenham,Nott'm Forest,2.0,1.2,13.4,4.8,10.0,1.0,1.0,12.2,4.2,5.0,H
9053,2024-04-13,2023-24,Bournemouth,Man United,2.0,1.6,17.2,6.6,10.0,1.8,2.0,11.4,4.8,5.0,D
9054,2024-04-13,2023-24,Man City,Luton,2.4,1.0,18.4,6.8,11.0,1.4,2.0,9.8,4.2,4.0,H
9055,2024-04-13,2023-24,Nott'm Forest,Wolves,1.2,1.4,13.2,5.0,5.0,0.8,1.8,11.0,3.6,4.0,D
9056,2024-04-13,2023-24,Brentford,Sheffield United,1.2,1.6,12.4,3.8,3.0,1.6,3.2,8.8,4.4,3.0,H
9057,2024-04-13,2023-24,Newcastle,Tottenham,2.2,1.4,15.8,6.0,10.0,2.0,1.2,14.0,5.0,10.0,H
9058,2024-04-13,2023-24,Burnley,Brighton,1.4,1.4,13.0,4.8,6.0,0.4,1.6,13.6,3.8,4.0,D
9059,2024-04-14,2023-24,Liverpool,Crystal Palace,1.8,1.0,25.6,6.4,11.0,1.0,2.0,9.0,2.8,2.0,A
9060,2024-04-14,2023-24,West Ham,Fulham,1.8,1.8,13.4,4.2,6.0,1.6,1.8,19.0,5.8,4.0,A
9061,2024-04-14,2023-24,Arsenal,Aston Villa,2.6,0.2,15.6,5.8,13.0,1.4,2.4,10.6,3.4,5.0,A
9062,2024-04-15,2023-24,Chelsea,Everton,2.6,2.2,19.2,8.0,9.0,0.8,1.6,14.8,5.2,4.0,H
9063,2024-04-20,2023-24,Luton,Brentford,1.0,2.2,9.0,3.8,4.0,1.4,1.2,12.4,4.0,6.0,A
9064,2024-04-20,2023-24,Sheffield United,Burnley,1.6,2.4,9.6,4.8,3.0,1.2,1.2,13.0,4.6,6.0,A
9065,2024-04-20,2023-24,Wolves,Arsenal,1.2,1.6,10.8,3.8,5.0,1.4,0.6,14.8,4.6,10.0,A
9066,2024-04-21,2023-24,Fulham,Liverpool,1.8,1.4,18.0,6.6,7.0,1.6,1.2,25.4,7.2,8.0,A
9067,2024-04-21,2023-24,Crystal Palace,West Ham,1.0,1.4,9.8,3.6,5.0,1.4,1.8,12.0,4.2,5.0,H
9068,2024-04-21,2023-24,Everton,Nott'm Forest,0.6,2.2,12.4,3.4,4.0,1.6,1.6,15.0,6.0,6.0,H
9069,2024-04-21,2023-24,Aston Villa,Bournemouth,1.8,1.6,10.8,3.6,8.0,2.0,1.6,14.8,5.2,10.0,H
9070,2024-04-23,2023-24,Arsenal,Chelsea,1.4,0.4,16.2,5.2,10.0,3.4,1.8,18.6,8.8,11.0,H
9071,2024-04-24,2023-24,Wolves,Bournemouth,0.8,1.8,10.2,3.8,2.0,1.4,1.6,12.8,4.4,7.0,A
9072,2024-04-24,2023-24,Crystal Palace,Newcastle,1.8,1.6,9.2,4.2,7.0,2.4,1.4,16.6,5.6,10.0,H
9073,2024-04-24,2023-24,Everton,Liverpool,1.0,1.8,9.2,3.0,7.0,2.0,1.2,24.4,7.4,10.0,H
9074,2024-04-24,2023-24,Man United,Sheffield United,2.0,1.8,12.4,5.0,6.0,1.4,2.8,10.6,5.2,2.0,H
9075,2024-04-25,2023-24,Brighton,Man City,0.6,1.2,14.6,4.4,5.0,2.8,1.0,19.6,7.8,11.0,A
9076,2024-04-27,2023-24,Fulham,Crystal Palace,1.4,2.0,17.2,6.2,4.0,2.0,1.4,11.2,5.0,9.0,D
9077,2024-04-27,2023-24,West Ham,Liverpool,1.6,2.6,10.2,3.4,4.0,1.6,1.4,23.0,7.2,7.0,D
9078,2024-04-27,2023-24,Man United,Burnley,2.4,2.2,14.4,6.0,6.0,1.6,1.2,12.8,5.2,6.0,D
9079,2024-04-27,2023-24,Newcastle,Sheffield United,2.0,1.2,15.8,5.4,10.0,1.2,3.0,11.0,5.2,1.0,H
9080,2024-04-27,2023-24,Wolves,Luton,0.8,1.6,10.6,4.0,2.0,1.0,3.0,8.2,3.6,3.0,H
9081,2024-04-27,2023-24,Everton,Brentford,1.2,1.4,11.0,3.6,10.0,2.2,1.0,14.8,4.8,9.0,H
9082,2024-04-27,2023-24,Aston Villa,Chelsea,2.2,1.6,11.0,3.4,10.0,2.8,2.4,17.6,7.4,8.0,D
9083,2024-04-28,2023-24,Tottenham,Arsenal,1.2,2.0,14.4,4.4,7.0,2.4,0.4,20.4,6.8,12.0,A
9084,2024-04-28,2023-24,Nott'm Forest,Man City,1.4,1.8,13.4,5.4,5.0,3.4,0.8,20.4,7.8,13.0,A
9085,2024-04-28,2023-24,Bournemouth,Brighton,1.2,1.4,14.8,4.8,7.0,0.4,2.0,14.0,4.4,2.0,H
9086,2024-05-02,2023-24,Chelsea,Tottenham,2.8,2.4,15.2,5.8,8.0,1.6,2.0,14.4,3.8,7.0,H
9087,2024-05-03,2023-24,Luton,Everton,1.0,3.0,8.6,4.2,3.0,1.2,1.2,12.6,3.2,12.0,D
9088,2024-05-04,2023-24,Arsenal,Bournemouth,2.6,0.8,19.6,6.6,12.0,1.6,1.4,15.6,4.8,7.0,H
9089,2024-05-04,2023-24,Brentford,Fulham,2.0,1.0,10.6,4.6,8.0,1.0,1.6,14.2,4.8,4.0,D
9090,2024-05-04,2023-24,Burnley,Newcastle,1.4,1.0,12.4,5.2,6.0,2.2,0.8,15.0,5.0,10.0,A
9091,2024-05-04,2023-24,Sheffield United,Nott'm Forest,1.2,3.4,12.4,5.6,1.0,1.2,2.0,13.8,4.8,4.0,A
9092,2024-05-04,2023-24,Man City,Wolves,3.8,0.8,20.2,8.6,15.0,1.0,1.6,11.6,4.6,4.0,H
9093,2024-05-05,2023-24,Brighton,Aston Villa,0.2,2.2,14.8,4.0,2.0,2.2,2.0,10.6,3.2,8.0,H
9094,2024-05-05,2023-24,Chelsea,West Ham,2.4,1.8,12.8,4.8,8.0,1.4,2.2,10.4,4.2,5.0,H
9095,2024-05-05,2023-24,Liverpool,Tottenham,1.4,1.6,22.8,7.0,5.0,1.2,2.2,14.8,3.6,4.0,H
9096,2024-05-06,2023-24,Crystal Palace,Man United,2.2,1.4,13.4,5.4,10.0,2.4,2.2,17.6,7.0,6.0,H
9097,2024-05-11,2023-24,Wolves,Crystal Palace,1.0,2.2,9.2,3.4,4.0,2.6,0.6,15.6,6.6,13.0,A
9098,2024-05-11,2023-24,West Ham,Luton,1.2,3.0,10.8,3.8,4.0,1.2,2.8,11.2,5.0,4.0,H
9099,2024-05-11,2023-24,Tottenham,Burnley,1.4,2.8,14.4,4.0,3.0,1.4,1.6,13.2,5.0,5.0,H
9100,2024-05-11,2023-24,Nott'm Forest,Chelsea,1.2,2.0,13.6,4.8,4.0,3.0,1.4,16.6,7.0,10.0,A
9101,2024-05-11,2023-24,Everton,Sheffield United,1.2,1.4,12.2,3.2,10.0,1.0,3.6,13.6,5.4,0.0,H
9102,2024-05-11,2023-24,Bournemouth,Brentford,1.4,1.6,15.4,5.0,7.0,2.0,1.0,11.0,4.8,8.0,A
9103,2024-05-11,2023-24,Fulham,Man City,0.8,1.0,13.6,4.8,5.0,4.0,0.8,19.2,8.8,15.0,A
9104,2024-05-11,2023-24,Newcastle,Brighton,2.8,0.8,16.0,6.0,12.0,0.4,2.2,13.0,4.4,4.0,D
9105,2024-05-12,2023-24,Man United,Arsenal,1.8,2.2,15.2,6.4,6.0,2.6,0.8,20.6,7.0,12.0,A
9106,2024-05-13,2023-24,Aston Villa,Liverpool,2.0,1.4,9.4,2.8,8.0,1.8,1.6,22.2,8.2,7.0,D
9107,2024-05-14,2023-24,Tottenham,Man City,1.2,2.8,15.2,4.4,3.0,4.0,0.4,18.8,9.0,15.0,A
9108,2024-05-15,2023-24,Brighton,Chelsea,0.6,1.8,14.0,4.8,5.0,2.4,1.8,16.2,6.0,10.0,A
9109,2024-05-15,2023-24,Man United,Newcastle,1.4,2.0,16.2,5.8,5.0,2.8,1.0,17.2,6.4,10.0,H
9110,2024-05-19,2023-24,Arsenal,Everton,2.8,0.4,19.2,7.2,15.0,1.4,0.2,13.2,4.0,13.0,H
9111,2024-05-19,2023-24,Brentford,Newcastle,1.8,0.6,11.6,5.2,10.0,2.4,1.6,17.8,7.0,7.0,A
9112,2024-05-19,2023-24,Brighton,Man United,0.6,2.0,12.4,3.6,4.0,1.6,2.0,18.0,7.0,7.0,A
9113,2024-05-19,2023-24,Burnley,Nott'm Forest,1.6,1.8,13.4,5.4,5.0,1.4,2.0,15.0,4.4,4.0,A
9114,2024-05-19,2023-24,Chelsea,Bournemouth,2.8,1.0,17.4,7.0,13.0,1.2,1.6,14.0,4.8,6.0,H
9115,2024-05-19,2023-24,Crystal Palace,Aston Villa,3.0,0.8,16.6,6.2,13.0,2.0,1.4,11.0,3.2,8.0,H
9116,2024-05-19,2023-24,Liverpool,Wolves,2.4,2.0,20.8,8.4,8.0,0.8,2.4,9.6,4.0,3.0,H
9117,2024-05-19,2023-24,Luton,Fulham,1.0,3.2,8.2,3.4,1.0,0.8,1.6,11.0,4.2,5.0,A
9118,2024-05-19,2023-24,Man City,West Ham,3.4,0.2,13.8,7.4,15.0,1.4,3.0,13.4,4.6,4.0,H
9119,2024-05-19,2023-24,Sheffield United,Tottenham,1.0,3.4,14.6,5.2,0.0,1.2,2.4,15.0,5.0,3.0,A
9120,2024-08-16,2024-25,Man United,Fulham,1.2,1.6,15.2,5.2,7.0,1.2,2.0,10.4,3.6,5.0,H
9121,2024-08-17,2024-25,West Ham,Aston Villa,1.6,3.2,11.0,4.2,4.0,1.6,2.4,10.4,3.2,5.0,A
9122,2024-08-17,2024-25,Nott'm Forest,Bournemouth,1.4,1.8,13.8,3.8,6.0,1.2,1.4,15.6,4.6,6.0,D
9123,2024-08-17,2024-25,Newcastle,Southampton,3.2,1.6,18.8,8.0,10.0,1.8,3.2,9.6,4.0,1.0,H
9124,2024-08-17,2024-25,Arsenal,Wolves,2.8,0.6,19.6,6.4,15.0,0.8,2.4,9.4,4.0,3.0,H
9125,2024-08-17,2024-25,Ipswich,Liverpool,0.4,2.4,10.4,3.8,3.0,2.2,1.8,25.2,9.8,8.0,A
9126,2024-08-17,2024-25,Everton,Brighton,1.2,0.6,12.8,3.6,10.0,0.6,1.6,14.4,3.6,4.0,A
9127,2024-08-18,2024-25,Brentford,Crystal Palace,1.8,1.4,11.8,5.2,7.0,3.0,0.4,16.0,6.6,13.0,H
9128,2024-08-18,2024-25,Chelsea,Man City,2.8,0.8,16.4,7.2,15.0,3.2,0.4,16.6,8.6,15.0,A
9129,2024-08-19,2024-25,Leicester,Tottenham,1.4,2.2,10.2,4.8,5.0,1.4,1.8,15.8,6.4,6.0,D
9130,2024-08-24,2024-25,Man City,Ipswich,3.2,0.4,16.6,8.6,15.0,0.2,2.0,10.0,3.4,3.0,H
9131,2024-08-24,2024-25,Brighton,Man United,1.2,1.0,13.8,4.4,7.0,1.2,1.4,12.6,4.2,9.0,H
9132,2024-08-24,2024-25,Crystal Palace,West Ham,2.8,0.8,14.8,6.4,10.0,1.4,2.6,13.0,4.6,4.0,A
9133,2024-08-24,2024-25,Fulham,Leicester,1.0,1.6,10.0,3.0,5.0,1.2,2.0,8.6,4.2,5.0,H
9134,2024-08-24,2024-25,Southampton,Nott'm Forest,1.6,2.8,12.6,4.2,1.0,1.6,1.6,15.0,4.8,7.0,A
9135,2024-08-24,2024-25,Tottenham,Everton,1.6,1.6,15.0,7.2,7.0,0.8,1.2,11.4,2.6,7.0,H
9136,2024-08-24,2024-25,Aston Villa,Arsenal,1.4,2.4,10.6,3.0,5.0,2.2,0.6,17.8,5.6,15.0,A
9137,2024-08-25,2024-25,Bournemouth,Newcastle,1.2,1.6,14.0,4.2,4.0,2.4,1.4,15.4,6.8,10.0,D
9138,2024-08-25,2024-25,Wolves,Chelsea,0.8,2.6,8.2,3.8,3.0,2.4,1.2,15.2,6.8,12.0,A
9139,2024-08-25,2024-25,Liverpool,Brentford,2.6,1.4,24.2,9.4,11.0,1.2,1.4,9.4,4.4,7.0,H
9140,2024-08-31,2024-25,Nott'm Forest,Wolves,1.8,1.2,16.8,6.0,10.0,0.8,3.6,8.0,3.6,0.0,D
9141,2024-08-31,2024-25,West Ham,Man City,1.4,2.2,14.4,3.6,6.0,3.0,0.4,15.4,7.2,15.0,A
9142,2024-08-31,2024-25,Ipswich,Fulham,0.4,2.4,8.8,3.2,3.0,1.2,1.6,11.8,3.8,7.0,D
9143,2024-08-31,2024-25,Leicester,Aston Villa,0.8,1.4,7.0,3.2,5.0,1.0,2.4,11.0,2.8,4.0,A
9144,2024-08-31,2024-25,Everton,Bournemouth,0.6,2.0,9.8,2.6,4.0,0.8,1.8,14.2,3.8,2.0,A
9145,2024-08-31,2024-25,Brentford,Southampton,1.2,1.6,9.0,4.0,7.0,1.0,2.2,9.8,3.4,1.0,H
9146,2024-08-31,2024-25,Arsenal,Brighton,2.0,0.2,17.8,5.8,15.0,1.4,1.2,13.6,3.8,7.0,D
9147,2024-09-01,2024-25,Chelsea,Crystal Palace,2.6,1.6,13.0,5.6,12.0,2.6,1.0,14.8,6.0,9.0,D
9148,2024-09-01,2024-25,Newcastle,Tottenham,1.8,1.4,13.6,5.6,8.0,2.0,0.8,15.4,7.4,10.0,H
9149,2024-09-01,2024-25,Man United,Liverpool,1.4,1.0,13.4,4.6,9.0,2.6,1.0,22.4,9.4,13.0,A
9150,2024-09-14,2024-25,Bournemouth,Chelsea,1.4,1.6,16.2,4.8,5.0,2.2,1.4,13.2,6.0,10.0,A
9151,2024-09-14,2024-25,Aston Villa,Everton,1.4,2.4,12.6,3.6,7.0,0.8,2.4,11.4,3.6,3.0,H
9152,2024-09-14,2024-25,Man City,Brentford,2.8,0.6,16.8,7.0,15.0,1.8,1.8,11.6,4.8,9.0,H
9153,2024-09-14,2024-25,Liverpool,Nott'm Forest,2.4,0.6,19.6,7.4,13.0,1.4,1.2,17.0,6.2,8.0,A
9154,2024-09-14,2024-25,Fulham,West Ham,1.4,1.8,10.6,4.0,7.0,1.6,1.8,13.8,3.6,6.0,D
9155,2024-09-14,2024-25,Crystal Palace,Leicester,2.0,1.2,13.0,4.6,7.0,1.0,1.2,8.0,3.0,5.0,D
9156,2024-09-14,2024-25,Brighton,Ipswich,1.4,1.2,15.0,3.8,7.0,0.4,2.6,7.6,2.6,1.0,D
9157,2024-09-14,2024-25,Southampton,Man United,1.2,2.4,12.4,4.4,1.0,1.4,1.4,12.2,4.8,9.0,A
9158,2024-09-15,2024-25,Tottenham,Arsenal,1.8,1.0,15.2,6.8,7.0,1.6,0.4,15.0,5.4,13.0,A
9159,2024-09-15,2024-25,Wolves,Newcastle,0.8,2.8,9.8,4.0,1.0,2.0,1.4,11.8,4.8,10.0,A
9160,2024-09-21,2024-25,Crystal Palace,Man United,1.8,1.4,14.4,4.8,5.0,1.4,1.0,12.8,5.2,9.0,D
9161,2024-09-21,2024-25,Tottenham,Brentford,1.8,0.8,16.2,6.8,7.0,1.6,2.0,11.0,4.8,6.0,H
9162,2024-09-21,2024-25,Southampton,Ipswich,1.0,2.4,12.6,5.0,1.0,0.4,2.4,6.4,2.0,2.0,D
9163,2024-09-21,2024-25,Leicester,Everton,1.4,1.6,9.6,3.6,5.0,1.0,3.0,9.6,2.8,0.0,D
9164,2024-09-21,2024-25,Aston Villa,Wolves,1.4,2.2,12.2,4.2,9.0,0.8,2.6,9.6,3.6,1.0,H
9165,2024-09-21,2024-25,Fulham,Newcastle,1.6,1.2,14.6,4.8,8.0,2.0,1.0,10.4,4.4,13.0,H
9166,2024-09-21,2024-25,West Ham,Chelsea,1.2,1.8,11.2,2.6,4.0,2.0,1.2,12.6,5.4,10.0,A
9167,2024-09-21,2024-25,Liverpool,Bournemouth,1.8,0.2,19.6,7.0,12.0,1.2,1.4,17.4,5.4,5.0,H
9168,2024-09-22,2024-25,Brighton,Nott'm Forest,1.2,0.8,16.8,4.6,8.0,1.2,0.6,14.0,6.0,11.0,D
9169,2024-09-22,2024-25,Man City,Arsenal,2.8,0.8,18.8,7.4,15.0,1.6,0.4,14.2,5.2,13.0,D
9170,2024-09-28,2024-25,Newcastle,Man City,1.4,1.2,11.0,3.8,10.0,2.6,1.0,19.8,7.2,13.0,D
9171,2024-09-28,2024-25,Arsenal,Leicester,1.6,0.6,10.0,4.8,11.0,1.2,1.6,9.4,3.2,3.0,H
9172,2024-09-28,2024-25,Brentford,West Ham,1.4,1.8,10.2,5.0,6.0,1.0,1.8,13.6,3.6,4.0,D
9173,2024-09-28,2024-25,Chelsea,Brighton,2.2,1.0,11.8,5.2,10.0,1.6,0.8,16.2,4.6,9.0,H
9174,2024-09-28,2024-25,Everton,Crystal Palace,1.0,2.8,11.8,3.4,1.0,0.8,1.4,13.2,3.8,3.0,H
9175,2024-09-28,2024-25,Nott'm Forest,Fulham,1.2,0.8,12.4,5.4,9.0,1.4,1.0,16.0,5.6,8.0,A
9176,2024-09-28,2024-25,Wolves,Liverpool,1.0,2.8,10.8,3.8,1.0,2.0,0.2,16.2,6.8,12.0,A
9177,2024-09-29,2024-25,Man United,Tottenham,1.0,1.0,13.6,5.6,7.0,1.8,1.0,17.2,7.0,7.0,A
9178,2024-09-29,2024-25,Ipswich,Aston Villa,0.6,1.6,7.6,2.8,3.0,2.0,1.4,12.4,4.6,12.0,D
9179,2024-09-30,2024-25,Bournemouth,Southampton,1.0,1.6,16.8,5.6,5.0,0.4,1.8,11.8,3.6,1.0,H
9180,2024-10-05,2024-25,West Ham,Ipswich,1.0,1.6,14.6,3.6,5.0,1.0,1.6,9.2,3.4,4.0,H
9181,2024-10-05,2024-25,Everton,Newcastle,1.4,2.4,11.6,3.6,4.0,1.4,1.4,12.6,4.4,8.0,D
9182,2024-10-05,2024-25,Leicester,Bournemouth,1.4,2.2,9.0,3.2,2.0,1.4,1.6,17.0,6.0,7.0,H
9183,2024-10-05,2024-25,Man City,Fulham,2.4,1.2,20.8,7.4,11.0,1.6,0.8,16.8,5.6,11.0,H
9184,2024-10-05,2024-25,Brentford,Wolves,1.2,1.8,10.0,4.6,4.0,1.2,2.8,10.6,3.8,1.0,H
9185,2024-10-05,2024-25,Arsenal,Southampton,2.0,1.0,13.6,6.8,11.0,0.6,2.2,9.8,3.4,1.0,H
9186,2024-10-05,2024-25,Crystal Palace,Liverpool,0.8,1.4,13.8,3.6,3.0,2.0,0.4,14.6,7.0,12.0,A
9187,2024-10-06,2024-25,Aston Villa,Man United,2.0,1.6,10.8,4.6,10.0,0.8,1.6,13.0,5.0,4.0,D
9188,2024-10-06,2024-25,Chelsea,Nott'm Forest,3.0,1.0,12.8,6.0,13.0,1.0,0.8,11.8,4.0,8.0,D
9189,2024-10-06,2024-25,Brighton,Tottenham,1.4,1.6,17.2,4.6,6.0,2.2,0.8,19.0,7.6,9.0,H
9190,2024-10-19,2024-25,Bournemouth,Arsenal,1.2,1.6,17.2,5.6,6.0,2.2,1.2,17.6,7.2,11.0,H
9191,2024-10-19,2024-25,Southampton,Leicester,0.8,2.6,10.4,3.6,1.0,1.4,1.8,8.2,2.8,5.0,A
9192,2024-10-19,2024-25,Newcastle,Brighton,1.2,1.2,12.6,4.0,8.0,1.6,1.8,16.6,4.4,6.0,A
9193,2024-10-19,2024-25,Man United,Brentford,0.6,1.2,12.8,5.0,5.0,2.2,2.0,12.2,6.6,7.0,H
9194,2024-10-19,2024-25,Ipswich,Everton,1.0,1.6,10.8,3.6,4.0,1.4,1.6,11.2,3.8,5.0,A
9195,2024-10-19,2024-25,Fulham,Aston Villa,1.6,1.2,15.4,5.2,8.0,2.0,1.2,10.8,4.2,11.0,A
9196,2024-10-19,2024-25,Tottenham,West Ham,1.8,1.4,19.0,6.8,6.0,1.4,1.8,15.6,5.6,5.0,H
9197,2024-10-20,2024-25,Wolves,Man City,1.4,2.6,11.6,4.2,1.0,2.2,1.4,22.0,7.8,11.0,A
9198,2024-10-20,2024-25,Liverpool,Chelsea,1.8,0.4,14.0,6.2,12.0,2.0,0.8,14.4,6.0,11.0,H
9199,2024-10-21,2024-25,Nott'm Forest,Crystal Palace,1.0,1.0,10.4,4.2,6.0,0.8,1.2,12.8,4.2,3.0,H
9200,2024-10-25,2024-25,Leicester,Nott'm Forest,1.8,1.8,10.0,3.0,8.0,1.0,0.8,11.2,4.4,8.0,A
9201,2024-10-26,2024-25,Everton,Fulham,1.4,1.0,9.8,3.8,8.0,1.6,1.6,15.6,5.2,7.0,D
9202,2024-10-26,2024-25,Man City,Southampton,2.0,1.4,21.8,7.6,11.0,1.0,2.6,9.6,3.8,1.0,H
9203,2024-10-26,2024-25,Brighton,Wolves,1.6,1.6,14.2,4.6,8.0,1.4,2.8,10.0,4.0,0.0,D
9204,2024-10-26,2024-25,Brentford,Ipswich,1.8,2.2,9.8,5.6,4.0,0.8,1.8,11.2,3.2,3.0,H
9205,2024-10-26,2024-25,Aston Villa,Bournemouth,2.2,1.2,11.6,4.2,11.0,1.0,1.2,16.4,5.0,6.0,D
9206,2024-10-27,2024-25,Chelsea,Newcastle,2.0,1.0,14.2,5.0,10.0,0.8,1.2,15.0,4.6,5.0,H
9207,2024-10-27,2024-25,Crystal Palace,Tottenham,0.6,1.2,15.0,5.0,2.0,2.4,1.2,19.4,7.0,9.0,H
9208,2024-10-27,2024-25,West Ham,Man United,1.4,2.0,15.8,6.0,5.0,1.0,0.8,15.8,6.6,8.0,H
9209,2024-10-27,2024-25,Arsenal,Liverpool,2.0,1.4,16.6,6.0,10.0,1.6,0.6,13.6,6.6,12.0,D
9210,2024-11-02,2024-25,Wolves,Crystal Palace,1.6,2.8,10.4,4.4,1.0,0.4,0.8,13.8,5.4,4.0,D
9211,2024-11-02,2024-25,Southampton,Everton,1.0,2.2,9.4,3.4,1.0,1.2,0.6,10.6,4.4,9.0,H
9212,2024-11-02,2024-25,Nott'm Forest,West Ham,1.4,1.0,14.2,4.8,8.0,1.6,2.0,16.0,6.0,7.0,H
9213,2024-11-02,2024-25,Liverpool,Brighton,2.0,0.8,12.6,6.4,13.0,2.0,2.0,13.8,4.6,8.0,H
9214,2024-11-02,2024-25,Ipswich,Leicester,1.4,2.6,12.2,4.0,2.0,1.6,2.0,10.4,2.4,7.0,D
9215,2024-11-02,2024-25,Bournemouth,Man City,1.2,1.2,14.8,4.2,7.0,1.8,1.2,22.6,7.8,11.0,H
9216,2024-11-02,2024-25,Newcastle,Arsenal,0.6,1.4,14.4,4.0,2.0,2.2,1.8,17.0,5.8,8.0,H
9217,2024-11-03,2024-25,Tottenham,Aston Villa,2.4,1.2,18.6,6.6,9.0,1.8,1.0,11.8,4.2,9.0,H
9218,2024-11-03,2024-25,Man United,Chelsea,0.6,1.2,15.4,5.6,5.0,2.2,1.2,15.6,5.8,10.0,D
9219,2024-11-04,2024-25,Fulham,Brentford,1.6,1.6,14.2,4.8,7.0,2.4,2.4,12.2,6.4,7.0,H
9220,2024-11-09,2024-25,Liverpool,Aston Villa,1.8,1.0,12.0,5.4,13.0,1.4,1.6,12.4,3.6,6.0,H
9221,2024-11-09,2024-25,Brighton,Man City,1.8,2.0,13.6,5.0,7.0,1.6,1.2,19.6,6.4,10.0,H
9222,2024-11-09,2024-25,West Ham,Everton,1.6,2.0,13.8,5.0,7.0,1.0,0.6,10.6,4.4,8.0,D
9223,2024-11-09,2024-25,Crystal Palace,Fulham,0.8,1.2,15.8,6.0,4.0,1.4,1.6,15.0,5.0,7.0,A
9224,2024-11-09,2024-25,Brentford,Bournemouth,2.4,2.2,12.0,5.6,7.0,1.6,0.8,13.4,4.2,10.0,H
9225,2024-11-09,2024-25,Wolves,Southampton,1.8,2.6,10.6,4.8,2.0,1.0,2.0,9.0,3.2,3.0,H
9226,2024-11-10,2024-25,Man United,Leicester,0.8,1.4,14.6,5.2,5.0,1.6,2.0,12.0,3.2,7.0,H
9227,2024-11-10,2024-25,Nott'm Forest,Newcastle,1.6,0.6,17.2,5.4,10.0,0.6,0.8,13.2,4.0,5.0,A
9228,2024-11-10,2024-25,Tottenham,Ipswich,2.6,1.2,17.2,5.8,9.0,1.4,2.6,12.4,3.2,2.0,A
9229,2024-11-10,2024-25,Chelsea,Arsenal,1.8,1.4,15.6,5.4,8.0,1.8,1.6,18.0,5.4,7.0,D
9230,2024-11-23,2024-25,Bournemouth,Brighton,1.4,1.2,13.6,3.6,7.0,1.8,1.4,12.6,4.8,10.0,A
9231,2024-11-23,2024-25,Leicester,Chelsea,1.2,1.8,12.2,3.6,7.0,1.2,1.2,16.0,4.6,6.0,A
9232,2024-11-23,2024-25,Arsenal,Nott'm Forest,1.2,1.4,13.4,2.8,5.0,1.8,1.0,16.8,5.8,10.0,H
9233,2024-11-23,2024-25,Aston Villa,Crystal Palace,1.0,1.6,13.4,3.4,5.0,0.6,1.2,15.0,6.0,4.0,D
9234,2024-11-23,2024-25,Everton,Brentford,0.6,0.4,12.6,4.8,6.0,2.8,2.4,12.8,6.2,9.0,D
9235,2024-11-23,2024-25,Fulham,Wolves,1.6,1.6,15.6,6.0,7.0,2.0,2.2,10.6,5.0,5.0,A
9236,2024-11-23,2024-25,Man City,Tottenham,1.6,1.4,19.4,6.4,9.0,2.2,1.6,15.8,4.8,6.0,A
9237,2024-11-24,2024-25,Ipswich,Man United,1.4,2.4,11.0,2.8,4.0,1.4,0.8,15.0,5.4,8.0,D
9238,2024-11-24,2024-25,Southampton,Liverpool,0.8,1.8,9.0,2.6,3.0,1.8,0.8,12.8,5.2,13.0,A
9239,2024-11-25,2024-25,Newcastle,West Ham,1.0,0.8,14.4,4.4,7.0,1.4,1.8,12.2,5.6,7.0,A
9240,2024-11-29,2024-25,Brighton,Southampton,1.6,1.2,11.6,4.8,10.0,1.0,1.8,8.8,3.2,3.0,D
9241,2024-11-30,2024-25,West Ham,Arsenal,1.0,1.6,10.6,4.2,7.0,1.2,1.2,11.4,3.0,5.0,A
9242,2024-11-30,2024-25,Wolves,Bournemouth,2.2,1.4,9.2,4.8,8.0,1.6,1.4,14.0,4.2,7.0,A
9243,2024-11-30,2024-25,Brentford,Leicester,1.8,1.8,10.8,4.2,7.0,1.2,2.2,11.8,3.4,4.0,H
9244,2024-11-30,2024-25,Crystal Palace,Newcastle,1.0,1.4,15.8,6.2,5.0,1.0,1.2,15.2,4.2,6.0,D
9245,2024-11-30,2024-25,Nott'm Forest,Ipswich,1.6,1.4,15.0,4.0,9.0,1.4,1.8,11.4,3.6,5.0,H
9246,2024-12-01,2024-25,Chelsea,Aston Villa,1.4,1.2,14.8,4.4,8.0,1.4,2.0,14.6,4.2,5.0,H
9247,2024-12-01,2024-25,Man United,Everton,1.6,1.0,15.2,5.4,8.0,0.6,0.4,16.4,5.4,6.0,H
9248,2024-12-01,2024-25,Tottenham,Fulham,2.6,1.0,15.0,5.6,9.0,1.4,1.8,15.4,5.8,7.0,D
9249,2024-12-01,2024-25,Liverpool,Man City,2.2,1.2,15.0,6.6,13.0,1.0,1.8,20.0,6.0,6.0,H
9250,2024-12-03,2024-25,Ipswich,Crystal Palace,1.4,1.6,10.2,3.8,5.0,1.2,1.4,15.0,5.6,6.0,A
9251,2024-12-03,2024-25,Leicester,West Ham,0.8,2.6,9.6,3.2,1.0,1.2,1.8,10.8,4.4,7.0,H
9252,2024-12-04,2024-25,Arsenal,Man United,2.2,1.2,13.4,4.2,8.0,2.0,0.8,12.8,4.2,8.0,H
9253,2024-12-04,2024-25,Southampton,Chelsea,0.8,1.4,8.0,2.2,4.0,1.8,0.8,15.8,5.6,11.0,A
9254,2024-12-04,2024-25,Aston Villa,Brentford,0.8,2.4,13.8,4.0,2.0,2.4,1.6,11.8,5.0,10.0,H
9255,2024-12-04,2024-25,Man City,Nott'm Forest,0.6,2.0,17.2,5.0,3.0,1.6,1.4,13.4,3.8,9.0,H
9256,2024-12-04,2024-25,Everton,Wolves,0.2,1.2,15.8,4.2,3.0,2.4,1.8,10.6,5.0,8.0,H
9257,2024-12-04,2024-25,Newcastle,Liverpool,1.2,1.2,11.2,3.0,7.0,2.2,1.0,16.8,7.0,13.0,D
9258,2024-12-05,2024-25,Bournemouth,Tottenham,2.0,1.8,13.8,5.0,7.0,2.0,1.0,12.2,4.8,7.0,H
9259,2024-12-05,2024-25,Fulham,Brighton,1.4,1.4,16.2,6.2,8.0,1.6,1.4,14.0,4.8,8.0,H
9260,2024-12-07,2024-25,Man United,Nott'm Forest,1.8,0.8,10.2,3.6,8.0,1.0,1.8,11.8,3.4,6.0,A
9261,2024-12-07,2024-25,Crystal Palace,Man City,1.2,1.4,14.8,5.0,6.0,1.0,2.0,16.2,4.8,3.0,D
9262,2024-12-07,2024-25,Brentford,Newcastle,1.8,1.6,9.6,3.4,7.0,1.6,1.4,12.4,3.6,8.0,H
9263,2024-12-07,2024-25,Aston Villa,Southampton,1.2,2.4,14.2,4.4,4.0,1.0,2.2,8.2,2.6,4.0,H
9264,2024-12-08,2024-25,Fulham,Arsenal,1.8,1.4,14.6,6.0,10.0,2.2,0.8,14.4,4.8,10.0,D
9265,2024-12-08,2024-25,Ipswich,Bournemouth,0.8,1.0,9.8,3.2,5.0,2.0,1.6,15.8,6.0,9.0,A
9266,2024-12-08,2024-25,Leicester,Brighton,1.2,2.2,9.0,4.2,4.0,1.4,1.6,12.8,4.2,7.0,D
9267,2024-12-08,2024-25,Tottenham,Chelsea,2.0,1.0,12.4,5.0,7.0,2.4,0.8,17.6,6.8,11.0,A
9268,2024-12-09,2024-25,West Ham,Wolves,1.0,2.2,14.6,5.8,4.0,2.0,2.2,9.0,4.0,7.0,H
9269,2024-12-14,2024-25,Nott'm Forest,Aston Villa,1.0,2.2,10.2,2.8,6.0,1.2,1.6,15.4,5.2,7.0,H
9270,2024-12-14,2024-25,Wolves,Ipswich,1.8,2.2,10.6,3.8,6.0,0.8,1.2,10.6,3.8,4.0,A
9271,2024-12-14,2024-25,Newcastle,Leicester,1.8,2.2,13.8,3.4,5.0,1.4,2.4,7.0,3.6,4.0,H
9272,2024-12-14,2024-25,Liverpool,Fulham,2.4,1.2,18.2,7.2,13.0,1.6,1.4,9.8,4.0,8.0,D
9273,2024-12-14,2024-25,Arsenal,Everton,2.4,0.8,14.8,5.4,11.0,0.8,1.0,16.4,4.0,5.0,D
9274,2024-12-15,2024-25,Brighton,Crystal Palace,1.6,1.6,13.4,4.6,8.0,1.2,1.4,13.4,4.2,6.0,A
9275,2024-12-15,2024-25,Man City,Man United,1.2,2.0,15.0,4.8,4.0,2.0,1.2,11.4,4.2,7.0,A
9276,2024-12-15,2024-25,Chelsea,Brentford,3.0,1.2,18.6,7.8,13.0,2.4,1.6,10.8,4.6,10.0,H
9277,2024-12-15,2024-25,Southampton,Tottenham,0.8,2.4,7.2,2.2,1.0,1.8,1.6,11.8,4.8,4.0,A
9278,2024-12-16,2024-25,Bournemouth,West Ham,2.0,1.6,17.8,6.0,9.0,1.4,1.8,17.6,6.2,7.0,D
9279,2024-12-21,2024-25,Crystal Palace,Arsenal,1.8,1.2,13.4,4.2,9.0,2.2,0.6,14.8,5.8,11.0,A
9280,2024-12-21,2024-25,Ipswich,Newcastle,0.8,1.2,11.0,4.2,4.0,2.0,2.0,15.8,4.4,5.0,A
9281,2024-12-21,2024-25,West Ham,Brighton,1.6,2.0,18.6,5.6,7.0,1.4,2.0,14.8,4.8,5.0,D
9282,2024-12-21,2024-25,Aston Villa,Man City,1.4,1.6,14.6,5.2,7.0,1.2,2.0,14.0,4.2,4.0,H
9283,2024-12-21,2024-25,Brentford,Nott'm Forest,2.0,1.6,10.2,4.2,7.0,1.2,1.8,11.8,3.4,9.0,A
9284,2024-12-22,2024-25,Everton,Chelsea,0.8,0.8,13.6,3.0,6.0,3.2,1.2,20.4,8.8,15.0,D
9285,2024-12-22,2024-25,Fulham,Southampton,1.6,1.8,8.8,3.2,6.0,0.8,3.0,7.2,2.8,1.0,D
9286,2024-12-22,2024-25,Leicester,Wolves,1.4,2.6,6.6,2.8,4.0,1.6,2.6,12.2,4.2,3.0,A
9287,2024-12-22,2024-25,Man United,Bournemouth,1.8,1.4,10.8,4.2,7.0,1.8,1.2,20.6,7.2,10.0,A
9288,2024-12-22,2024-25,Tottenham,Liverpool,2.6,1.2,12.0,5.6,7.0,2.4,1.4,18.2,6.4,11.0,A
9289,2024-12-26,2024-25,Chelsea,Fulham,2.8,1.0,19.6,8.4,13.0,1.4,1.0,10.0,3.6,7.0,A
9290,2024-12-26,2024-25,Liverpool,Leicester,3.2,2.0,20.2,7.8,11.0,1.2,2.8,7.6,3.6,4.0,H
9291,2024-12-26,2024-25,Wolves,Man United,1.4,2.4,11.8,4.0,3.0,1.6,1.8,13.2,4.8,6.0,H
9292,2024-12-26,2024-25,Southampton,West Ham,0.4,2.4,6.8,2.0,2.0,1.4,2.2,17.8,5.2,5.0,A
9293,2024-12-26,2024-25,Bournemouth,Crystal Palace,2.2,0.8,18.8,7.2,13.0,1.6,1.8,13.8,4.2,8.0,D
9294,2024-12-26,2024-25,Newcastle,Aston Villa,2.8,1.6,15.2,5.4,8.0,1.4,1.4,13.4,5.4,9.0,H
9295,2024-12-26,2024-25,Man City,Everton,1.4,1.6,11.8,4.4,4.0,0.8,0.8,11.0,3.0,6.0,D
9296,2024-12-26,2024-25,Nott'm Forest,Tottenham,1.6,1.2,12.4,4.6,12.0,2.4,2.4,12.0,5.2,4.0,H
9297,2024-12-27,2024-25,Brighton,Brentford,1.2,2.0,16.0,5.2,3.0,2.0,2.0,9.8,4.4,6.0,D
9298,2024-12-27,2024-25,Arsenal,Ipswich,2.6,0.8,13.8,5.6,11.0,0.6,1.8,10.8,3.4,3.0,H
9299,2024-12-29,2024-25,Tottenham,Wolves,2.2,2.4,13.0,5.4,3.0,1.4,1.6,11.2,4.2,6.0,D
9300,2024-12-29,2024-25,West Ham,Liverpool,1.2,1.2,18.6,4.6,8.0,3.2,1.8,18.6,7.0,11.0,A
9301,2024-12-29,2024-25,Fulham,Bournemouth,1.6,1.0,10.0,3.8,9.0,1.4,0.4,20.0,6.4,11.0,D
9302,2024-12-29,2024-25,Crystal Palace,Southampton,1.4,1.6,12.6,4.2,8.0,0.2,2.4,8.4,2.6,1.0,H
9303,2024-12-29,2024-25,Everton,Nott'm Forest,1.0,1.0,7.2,2.6,6.0,1.6,1.2,12.0,4.2,12.0,A
9304,2024-12-29,2024-25,Leicester,Man City,1.2,2.6,7.0,3.2,4.0,1.6,1.4,15.0,5.0,5.0,A
9305,2024-12-30,2024-25,Aston Villa,Brighton,1.4,1.4,12.2,4.8,9.0,1.0,1.8,16.4,5.6,3.0,D
9306,2024-12-30,2024-25,Ipswich,Chelsea,0.6,1.8,10.0,2.8,3.0,2.4,1.4,18.6,8.4,10.0,H
9307,2024-12-30,2024-25,Man United,Newcastle,0.8,2.2,13.2,4.6,3.0,3.2,1.4,19.4,7.0,10.0,A
9308,2025-01-01,2024-25,Brentford,Arsenal,1.2,1.8,8.8,3.8,4.0,1.8,0.4,13.2,5.2,11.0,A
9309,2025-01-04,2024-25,Brighton,Arsenal,1.2,1.6,16.4,5.8,4.0,2.0,0.6,13.2,5.0,11.0,D
9310,2025-01-04,2024-25,Southampton,Brentford,0.2,1.8,8.6,2.4,1.0,1.2,1.8,8.0,4.0,4.0,A
9311,2025-01-04,2024-25,Man City,West Ham,1.4,1.4,14.4,4.6,5.0,1.0,1.6,13.8,2.6,8.0,H
9312,2025-01-04,2024-25,Bournemouth,Everton,1.6,0.8,19.0,6.6,9.0,1.0,0.6,8.2,2.6,6.0,H
9313,2025-01-04,2024-25,Aston Villa,Leicester,1.2,1.6,12.2,3.6,7.0,0.6,2.8,7.6,2.8,1.0,H
9314,2025-01-04,2024-25,Tottenham,Newcastle,2.6,2.6,13.2,5.2,4.0,3.0,0.8,18.4,6.6,12.0,A
9315,2025-01-04,2024-25,Crystal Palace,Chelsea,1.6,1.8,13.8,5.6,8.0,1.4,1.6,17.4,6.8,7.0,D
9316,2025-01-05,2024-25,Fulham,Ipswich,1.4,1.2,11.0,4.6,7.0,1.0,1.6,10.0,3.6,6.0,D
9317,2025-01-05,2024-25,Liverpool,Man United,3.8,1.8,19.4,8.2,11.0,0.8,2.2,14.2,4.2,3.0,D
9318,2025-01-06,2024-25,Wolves,Nott'm Forest,1.8,1.2,12.2,4.4,7.0,2.0,0.6,11.8,5.0,15.0,A
9319,2025-01-14,2024-25,West Ham,Fulham,0.8,2.2,13.4,2.6,5.0,1.6,1.4,13.6,5.0,7.0,H
9320,2025-01-14,2024-25,Nott'm Forest,Liverpool,2.0,0.2,11.8,5.0,15.0,3.6,1.6,20.0,8.4,11.0,D
9321,2025-01-14,2024-25,Chelsea,Bournemouth,0.8,1.2,17.0,5.4,5.0,1.4,0.6,18.4,7.0,9.0,D
9322,2025-01-14,2024-25,Brentford,Man City,1.4,1.4,9.8,4.6,4.0,1.8,1.2,14.0,5.2,7.0,D
9323,2025-01-15,2024-25,Everton,Aston Villa,0.2,0.8,7.4,1.8,3.0,1.4,1.8,11.2,3.6,7.0,A
9324,2025-01-15,2024-25,Leicester,Crystal Palace,0.4,2.8,6.4,2.6,0.0,1.4,1.6,14.0,6.2,8.0,A
9325,2025-01-15,2024-25,Newcastle,Wolves,3.0,0.2,18.0,6.8,15.0,1.6,1.4,11.0,4.6,7.0,H
9326,2025-01-15,2024-25,Arsenal,Tottenham,2.0,0.6,12.6,4.8,11.0,2.2,2.2,13.2,5.0,4.0,H
9327,2025-01-16,2024-25,Ipswich,Brighton,1.2,1.6,7.8,3.2,7.0,1.0,1.4,15.4,5.2,4.0,A
9328,2025-01-16,2024-25,Man United,Southampton,0.8,2.0,13.4,3.6,4.0,0.2,2.6,9.4,2.6,1.0,H
9329,2025-01-18,2024-25,Arsenal,Aston Villa,2.4,0.8,12.8,4.6,13.0,1.4,1.4,11.8,3.8,10.0,D
9330,2025-01-18,2024-25,Newcastle,Bournemouth,2.8,0.2,16.0,5.6,15.0,1.6,0.8,14.0,5.8,9.0,A
9331,2025-01-18,2024-25,Brentford,Liverpool,1.6,1.4,11.6,5.0,5.0,3.4,1.4,21.4,9.0,11.0,A
9332,2025-01-18,2024-25,Leicester,Fulham,0.4,2.4,9.8,3.2,0.0,1.6,1.6,15.4,5.4,6.0,A
9333,2025-01-18,2024-25,West Ham,Crystal Palace,1.2,2.4,11.0,2.6,7.0,1.2,1.4,13.2,6.0,8.0,A
9334,2025-01-19,2024-25,Man United,Brighton,1.0,2.0,16.0,4.8,4.0,1.2,0.8,14.2,5.2,7.0,A
9335,2025-01-19,2024-25,Nott'm Forest,Southampton,1.8,0.2,9.6,4.4,13.0,0.4,2.2,10.2,3.0,1.0,H
9336,2025-01-19,2024-25,Everton,Tottenham,0.2,1.0,9.0,2.4,2.0,1.4,2.6,11.6,3.6,1.0,H
9337,2025-01-19,2024-25,Ipswich,Man City,0.8,1.8,6.8,2.8,4.0,2.0,1.2,16.2,6.2,8.0,A
9338,2025-01-20,2024-25,Chelsea,Wolves,0.8,1.4,17.0,5.8,3.0,1.4,1.6,10.4,4.8,7.0,H
9339,2025-01-25,2024-25,Bournemouth,Nott'm Forest,1.8,1.0,15.8,6.8,9.0,2.0,0.6,10.4,4.2,13.0,H
9340,2025-01-25,2024-25,Brighton,Everton,1.6,0.8,13.0,4.6,9.0,0.8,1.4,10.4,2.8,4.0,A
9341,2025-01-25,2024-25,Liverpool,Ipswich,2.6,0.8,24.0,8.2,11.0,0.8,2.2,6.4,3.2,4.0,H
9342,2025-01-25,2024-25,Southampton,Newcastle,0.8,2.8,11.2,3.6,0.0,2.2,1.0,15.6,5.2,12.0,A
9343,2025-01-25,2024-25,Wolves,Arsenal,1.0,2.2,10.6,4.8,4.0,1.8,1.0,13.6,4.6,11.0,A
9344,2025-01-25,2024-25,Man City,Chelsea,3.0,0.8,17.2,6.8,11.0,1.4,1.6,18.4,6.2,5.0,H
9345,2025-01-26,2024-25,Fulham,Man United,2.0,1.6,15.6,4.8,8.0,1.2,2.0,13.4,3.6,4.0,A
9346,2025-01-26,2024-25,Aston Villa,West Ham,1.4,1.6,11.2,3.4,8.0,1.0,2.6,10.2,1.8,6.0,D
9347,2025-01-26,2024-25,Crystal Palace,Brentford,1.4,0.4,12.6,6.2,11.0,1.6,1.4,12.4,5.6,5.0,A
9348,2025-01-26,2024-25,Tottenham,Leicester,1.2,2.0,12.0,3.8,1.0,0.4,2.2,9.6,3.0,0.0,A
9349,2025-02-01,2024-25,Wolves,Aston Villa,0.6,2.4,11.0,4.8,1.0,1.6,1.2,13.2,4.0,9.0,H
9350,2025-02-01,2024-25,Nott'm Forest,Brighton,1.8,1.6,12.0,4.4,10.0,1.6,1.0,11.4,3.4,8.0,H
9351,2025-02-01,2024-25,Bournemouth,Liverpool,2.8,1.0,15.4,8.0,11.0,2.8,0.8,23.4,8.0,11.0,A
9352,2025-02-01,2024-25,Everton,Leicester,0.8,1.2,9.4,2.4,6.0,0.6,1.8,11.2,3.4,3.0,H
9353,2025-02-01,2024-25,Ipswich,Southampton,1.0,2.8,6.4,3.8,4.0,1.0,3.2,10.0,3.6,0.0,A
9354,2025-02-01,2024-25,Newcastle,Fulham,2.2,1.2,14.6,5.4,12.0,1.6,1.6,14.6,4.0,5.0,A
9355,2025-02-02,2024-25,Arsenal,Man City,1.8,1.0,12.8,4.2,11.0,3.4,0.8,15.4,7.0,13.0,H
9356,2025-02-02,2024-25,Man United,Crystal Palace,1.4,1.6,12.0,3.0,7.0,1.6,0.8,13.8,6.4,10.0,A
9357,2025-02-02,2024-25,Brentford,Tottenham,2.0,1.6,13.4,6.2,7.0,1.4,2.2,12.4,4.2,1.0,A
9358,2025-02-03,2024-25,Chelsea,West Ham,1.4,1.8,18.0,5.4,5.0,1.0,2.8,9.8,2.2,4.0,H
9359,2025-02-12,2024-25,Everton,Liverpool,1.6,0.8,9.4,3.4,9.0,2.2,0.8,22.8,6.8,11.0,D
9360,2025-02-14,2024-25,Brighton,Chelsea,1.2,2.0,10.8,3.6,7.0,1.8,1.6,18.4,5.0,8.0,H
9361,2025-02-15,2024-25,Crystal Palace,Everton,1.6,0.6,12.2,5.0,10.0,2.0,1.0,9.6,4.0,10.0,A
9362,2025-02-15,2024-25,West Ham,Brentford,1.2,2.2,11.2,3.2,4.0,1.8,1.4,16.4,6.6,7.0,A
9363,2025-02-15,2024-25,Man City,Newcastle,3.2,1.8,14.0,6.8,10.0,2.0,1.6,14.4,5.4,9.0,H
9364,2025-02-15,2024-25,Southampton,Bournemouth,1.2,3.0,10.4,3.8,3.0,2.4,1.0,15.0,6.8,10.0,A
9365,2025-02-15,2024-25,Aston Villa,Ipswich,1.2,1.2,11.2,3.8,8.0,0.8,3.2,7.6,3.8,1.0,D
9366,2025-02-15,2024-25,Leicester,Arsenal,0.6,2.2,10.8,2.8,3.0,2.2,1.0,12.4,4.6,11.0,A
9367,2025-02-15,2024-25,Fulham,Nott'm Forest,1.6,1.4,15.4,3.6,7.0,2.8,1.6,12.6,4.8,10.0,H
9368,2025-02-16,2024-25,Liverpool,Wolves,2.2,0.8,20.2,6.4,11.0,0.6,2.0,10.4,5.2,3.0,H
9369,2025-02-16,2024-25,Tottenham,Man United,1.4,1.8,12.4,4.0,3.0,1.4,1.6,13.4,3.4,7.0,H
9370,2025-02-19,2024-25,Aston Villa,Liverpool,1.0,1.2,13.6,4.0,6.0,2.4,0.8,17.6,5.6,13.0,D
9371,2025-02-21,2024-25,Leicester,Brentford,0.4,2.2,11.2,2.8,3.0,1.0,1.4,15.2,5.4,7.0,A
9372,2025-02-22,2024-25,Southampton,Brighton,1.4,2.6,11.0,4.4,3.0,1.6,1.8,11.2,3.8,9.0,A
9373,2025-02-22,2024-25,Aston Villa,Chelsea,1.2,1.6,13.2,4.2,4.0,1.6,2.0,17.0,4.8,7.0,H
9374,2025-02-22,2024-25,Fulham,Crystal Palace,1.6,1.2,17.2,4.8,9.0,1.6,0.8,13.0,5.0,9.0,A
9375,2025-02-22,2024-25,Ipswich,Tottenham,0.6,3.0,7.0,3.8,1.0,1.4,1.4,14.2,4.6,6.0,A
9376,2025-02-22,2024-25,Arsenal,West Ham,2.4,0.8,12.8,5.0,13.0,1.0,1.6,10.4,3.0,4.0,A
9377,2025-02-22,2024-25,Everton,Man United,2.4,1.0,9.8,4.6,13.0,1.0,1.4,14.0,3.8,6.0,D
9378,2025-02-22,2024-25,Bournemouth,Wolves,2.8,1.2,14.0,6.6,10.0,0.8,1.8,11.0,4.8,3.0,A
9379,2025-02-23,2024-25,Newcastle,Nott'm Forest,1.6,2.2,12.2,4.8,6.0,2.4,2.0,12.0,4.6,7.0,H
9380,2025-02-23,2024-25,Man City,Liverpool,3.2,1.6,14.2,6.8,10.0,2.4,1.2,13.6,4.6,11.0,A
9381,2025-02-25,2024-25,Chelsea,Southampton,1.4,2.0,14.8,4.2,6.0,1.2,2.8,9.6,3.6,3.0,H
9382,2025-02-25,2024-25,Brighton,Bournemouth,2.0,1.8,12.6,5.2,9.0,2.4,1.0,14.2,6.6,9.0,H
9383,2025-02-25,2024-25,Crystal Palace,Aston Villa,1.6,0.8,13.2,5.2,9.0,1.2,1.4,14.0,4.6,6.0,H
9384,2025-02-25,2024-25,Wolves,Fulham,1.0,1.2,11.0,4.4,6.0,1.2,1.0,15.0,3.8,9.0,A
9385,2025-02-26,2024-25,Brentford,Everton,1.4,1.0,14.4,5.4,9.0,2.2,1.0,9.2,5.0,11.0,D
9386,2025-02-26,2024-25,Man United,Ipswich,0.8,1.6,11.2,2.6,4.0,0.8,3.4,9.4,4.2,1.0,H
9387,2025-02-26,2024-25,Nott'm Forest,Arsenal,2.8,2.6,14.2,5.0,6.0,2.0,0.8,14.0,4.6,10.0,D
9388,2025-02-26,2024-25,Tottenham,Man City,2.0,1.2,14.2,5.4,9.0,2.8,1.6,13.2,6.2,9.0,A
9389,2025-02-26,2024-25,Liverpool,Newcastle,2.0,1.0,12.0,4.2,11.0,1.8,2.8,11.4,4.8,6.0,H
9390,2025-02-27,2024-25,West Ham,Leicester,0.6,1.2,10.6,2.8,4.0,0.4,2.6,8.6,2.6,3.0,H
9391,2025-03-08,2024-25,Brentford,Aston Villa,1.6,0.8,14.6,4.8,10.0,1.2,2.0,12.4,4.2,5.0,A
9392,2025-03-08,2024-25,Wolves,Everton,1.0,1.0,12.8,4.6,6.0,2.2,1.2,11.4,5.6,9.0,D
9393,2025-03-08,2024-25,Liverpool,Southampton,2.0,1.0,10.6,3.4,11.0,0.8,3.0,9.0,3.2,3.0,H
9394,2025-03-08,2024-25,Crystal Palace,Ipswich,2.0,1.0,14.6,5.0,9.0,1.2,2.8,10.2,4.0,1.0,H
9395,2025-03-08,2024-25,Brighton,Fulham,1.8,1.8,13.6,5.4,9.0,1.2,1.2,13.8,4.4,9.0,H
9396,2025-03-08,2024-25,Nott'm Forest,Man City,2.2,2.2,12.6,4.4,4.0,1.8,1.6,12.2,5.4,9.0,H
9397,2025-03-09,2024-25,Chelsea,Leicester,1.6,1.8,14.8,4.8,6.0,0.4,2.6,9.0,2.2,3.0,H
9398,2025-03-09,2024-25,Tottenham,Bournemouth,1.6,0.8,14.2,5.4,9.0,1.8,1.2,14.2,5.6,6.0,D
9399,2025-03-09,2024-25,Man United,Arsenal,1.2,1.4,11.2,3.6,7.0,1.6,0.4,13.0,3.6,10.0,D
9400,2025-03-10,2024-25,West Ham,Newcastle,1.0,0.8,10.8,3.2,7.0,1.6,2.4,9.4,3.8,6.0,A
9401,2025-03-15,2024-25,Bournemouth,Brentford,1.2,1.6,14.4,5.2,4.0,1.2,0.8,14.6,4.2,7.0,A
9402,2025-03-15,2024-25,Southampton,Wolves,0.8,3.0,7.8,3.0,3.0,1.2,1.0,13.2,4.4,7.0,A
9403,2025-03-15,2024-25,Man City,Brighton,1.2,1.6,12.0,4.8,6.0,2.2,1.8,12.2,6.0,12.0,D
9404,2025-03-15,2024-25,Ipswich,Nott'm Forest,1.0,2.2,12.6,5.0,1.0,2.4,1.2,10.8,4.4,7.0,A
9405,2025-03-15,2024-25,Everton,West Ham,1.6,1.4,11.2,5.0,7.0,0.8,0.8,9.8,2.8,6.0,D
9406,2025-03-16,2024-25,Arsenal,Chelsea,1.6,0.6,14.6,4.2,8.0,1.6,1.2,16.8,5.4,9.0,H
9407,2025-03-16,2024-25,Fulham,Tottenham,1.4,1.4,13.2,4.0,9.0,1.8,0.8,13.6,5.0,10.0,H
9408,2025-03-16,2024-25,Leicester,Man United,0.0,2.6,7.2,2.2,0.0,1.2,1.6,12.4,4.6,5.0,A
9409,2025-04-01,2024-25,Arsenal,Fulham,0.8,0.4,14.6,3.6,8.0,1.4,1.2,12.8,4.0,9.0,H
9410,2025-04-01,2024-25,Wolves,West Ham,1.2,1.2,12.6,4.0,7.0,0.8,0.6,9.0,2.8,7.0,H
9411,2025-04-01,2024-25,Nott'm Forest,Man United,1.8,1.6,10.2,3.8,7.0,1.8,1.2,12.6,5.2,8.0,H
9412,2025-04-02,2024-25,Southampton,Crystal Palace,0.6,3.2,8.0,2.8,0.0,2.0,0.6,15.2,4.8,12.0,D
9413,2025-04-02,2024-25,Liverpool,Everton,2.2,0.8,15.0,4.0,13.0,1.4,1.2,11.8,5.4,7.0,H
9414,2025-04-02,2024-25,Newcastle,Brentford,1.2,2.2,7.8,2.6,6.0,1.6,0.6,12.6,4.2,10.0,H
9415,2025-04-02,2024-25,Man City,Leicester,1.4,1.0,12.8,4.6,7.0,0.0,2.4,7.6,2.6,0.0,H
9416,2025-04-02,2024-25,Brighton,Aston Villa,2.6,0.8,13.2,5.6,13.0,1.4,1.6,12.8,4.4,8.0,A
9417,2025-04-02,2024-25,Bournemouth,Ipswich,1.4,1.6,15.0,5.6,4.0,1.2,2.6,11.8,4.6,1.0,A
9418,2025-04-03,2024-25,Chelsea,Tottenham,1.2,1.2,14.0,5.2,6.0,1.4,1.2,13.4,5.4,7.0,H
9419,2025-04-05,2024-25,Everton,Arsenal,1.0,1.2,10.6,4.2,4.0,0.8,0.6,15.8,3.4,8.0,D
9420,2025-04-05,2024-25,Crystal Palace,Brighton,1.8,0.8,14.8,4.8,10.0,2.0,1.4,12.8,5.4,10.0,H
9421,2025-04-05,2024-25,Ipswich,Wolves,1.4,2.6,13.0,4.4,3.0,1.2,0.8,11.2,3.6,10.0,A
9422,2025-04-05,2024-25,West Ham,Bournemouth,0.8,0.6,8.4,2.4,7.0,1.0,1.8,17.0,5.6,1.0,D
9423,2025-04-05,2024-25,Aston Villa,Nott'm Forest,1.8,1.4,9.4,4.2,10.0,1.8,1.2,10.2,3.8,10.0,H
9424,2025-04-06,2024-25,Man United,Man City,1.8,1.2,14.0,5.2,8.0,1.0,1.0,14.2,4.2,7.0,D
9425,2025-04-06,2024-25,Tottenham,Southampton,1.2,1.4,10.6,4.4,4.0,0.6,2.8,7.4,2.4,1.0,H
9426,2025-04-06,2024-25,Fulham,Liverpool,1.2,1.4,9.8,2.6,6.0,2.0,0.6,16.4,4.0,13.0,H
9427,2025-04-06,2024-25,Brentford,Chelsea,1.6,1.0,12.2,3.8,7.0,1.4,0.6,14.6,6.2,9.0,D
9428,2025-04-07,2024-25,Leicester,Newcastle,0.0,2.4,6.8,2.2,0.0,1.4,2.0,9.8,2.6,9.0,A
9429,2025-04-12,2024-25,Man City,Crystal Palace,1.0,0.6,12.8,4.2,8.0,2.0,0.6,13.0,4.2,13.0,H
9430,2025-04-12,2024-25,Brighton,Leicester,1.4,1.8,11.4,4.0,7.0,0.0,2.2,6.6,2.0,0.0,D
9431,2025-04-12,2024-25,Nott'm Forest,Everton,1.4,0.8,10.6,3.4,10.0,0.8,1.0,9.8,3.0,4.0,A
9432,2025-04-12,2024-25,Southampton,Aston Villa,0.8,2.6,8.6,3.0,1.0,1.8,1.2,11.0,5.0,12.0,A
9433,2025-04-12,2024-25,Arsenal,Brentford,1.0,0.6,14.6,4.0,9.0,0.8,1.0,11.2,3.0,5.0,D
9434,2025-04-13,2024-25,Newcastle,Man United,2.0,1.2,12.4,3.4,12.0,1.4,0.8,14.8,5.0,8.0,H
9435,2025-04-13,2024-25,Wolves,Tottenham,1.4,1.0,13.0,4.0,10.0,1.0,1.4,11.2,4.8,4.0,H
9436,2025-04-13,2024-25,Chelsea,Ipswich,1.2,0.2,15.8,5.8,10.0,1.4,2.2,10.8,3.8,3.0,D
9437,2025-04-13,2024-25,Liverpool,West Ham,2.0,0.8,15.8,4.6,12.0,1.0,1.0,9.2,2.6,5.0,H
9438,2025-04-14,2024-25,Bournemouth,Fulham,1.4,2.0,17.6,5.8,2.0,1.8,1.4,10.2,3.8,9.0,H
9439,2025-04-16,2024-25,Newcastle,Crystal Palace,2.0,0.8,12.4,3.6,12.0,2.0,1.6,12.6,3.8,10.0,H
9440,2025-04-19,2024-25,Brentford,Brighton,0.8,1.0,9.4,2.8,5.0,1.4,2.0,13.4,4.6,5.0,H
9441,2025-04-19,2024-25,Crystal Palace,Bournemouth,1.2,2.4,11.0,3.4,7.0,1.4,1.6,16.2,5.4,5.0,D
9442,2025-04-19,2024-25,Everton,Man City,0.8,0.8,9.6,3.2,6.0,1.8,1.0,14.6,5.0,8.0,A
9443,2025-04-19,2024-25,West Ham,Southampton,0.8,1.4,9.8,3.0,2.0,0.8,2.4,8.6,3.0,1.0,D
9444,2025-04-19,2024-25,Aston Villa,Newcastle,2.0,1.0,13.6,5.8,12.0,3.0,0.4,14.6,5.0,15.0,H
9445,2025-04-20,2024-25,Fulham,Chelsea,1.4,1.4,10.4,4.2,6.0,0.8,0.6,18.8,5.6,8.0,A
9446,2025-04-20,2024-25,Ipswich,Arsenal,1.4,2.0,11.0,4.0,4.0,1.2,0.8,14.8,4.4,9.0,A
9447,2025-04-20,2024-25,Man United,Wolves,1.0,1.2,14.6,4.8,5.0,2.0,1.0,12.0,4.0,13.0,A
9448,2025-04-20,2024-25,Leicester,Liverpool,0.4,2.2,7.6,2.8,1.0,2.0,1.0,17.2,5.0,12.0,A
9449,2025-04-21,2024-25,Tottenham,Nott'm Forest,1.4,2.0,11.2,4.4,4.0,1.4,1.0,11.4,4.0,9.0,A
9450,2025-04-22,2024-25,Man City,Aston Villa,2.2,0.8,14.2,5.8,11.0,2.6,0.4,17.0,7.2,15.0,H
9451,2025-04-23,2024-25,Arsenal,Crystal Palace,1.8,0.6,16.2,4.6,11.0,1.0,2.4,8.2,2.6,5.0,D
9452,2025-04-26,2024-25,Wolves,Leicester,2.0,0.8,10.6,3.8,15.0,0.4,2.2,8.0,2.2,1.0,H
9453,2025-04-26,2024-25,Newcastle,Ipswich,3.0,1.2,14.8,5.0,12.0,1.4,2.6,8.8,2.4,4.0,H
9454,2025-04-26,2024-25,Southampton,Fulham,0.8,2.0,10.4,3.0,2.0,1.4,1.4,10.4,4.2,6.0,A
9455,2025-04-26,2024-25,Chelsea,Everton,1.0,0.8,17.4,5.8,8.0,0.6,1.0,8.8,3.0,5.0,H
9456,2025-04-26,2024-25,Brighton,West Ham,1.4,2.6,14.0,4.4,2.0,1.0,1.4,10.4,3.4,3.0,H
9457,2025-04-27,2024-25,Bournemouth,Man United,1.0,1.2,15.8,4.6,5.0,0.8,1.2,15.0,4.0,4.0,D
9458,2025-04-27,2024-25,Liverpool,Tottenham,1.8,1.0,20.4,6.4,12.0,1.2,2.0,13.2,4.8,3.0,H
9459,2025-05-01,2024-25,Nott'm Forest,Brentford,1.6,1.2,10.4,3.8,9.0,1.6,1.2,10.0,3.8,8.0,A
9460,2025-05-02,2024-25,Man City,Wolves,2.2,0.6,14.8,6.4,13.0,2.2,0.6,13.6,4.4,15.0,H
9461,2025-05-03,2024-25,Leicester,Southampton,0.4,2.2,7.4,2.0,1.0,0.8,2.0,9.8,3.0,2.0,H
9462,2025-05-03,2024-25,Aston Villa,Fulham,2.6,0.8,16.0,7.0,12.0,1.4,1.6,13.0,4.4,6.0,H
9463,2025-05-03,2024-25,Everton,Ipswich,0.4,1.0,7.4,2.6,4.0,1.0,2.4,7.4,1.6,4.0,D
9464,2025-05-03,2024-25,Arsenal,Bournemouth,2.0,1.0,16.2,5.0,9.0,1.0,1.0,14.0,3.8,6.0,A
9465,2025-05-04,2024-25,Brentford,Man United,1.6,1.0,10.2,3.6,8.0,0.4,1.4,16.4,4.2,2.0,H
9466,2025-05-04,2024-25,Brighton,Newcastle,1.6,2.6,14.2,5.6,4.0,3.2,1.0,15.6,5.2,12.0,D
9467,2025-05-04,2024-25,West Ham,Tottenham,1.2,1.8,10.8,3.2,2.0,1.4,2.6,12.4,4.6,3.0,D
9468,2025-05-04,2024-25,Chelsea,Liverpool,1.2,0.6,17.8,6.8,11.0,2.2,1.0,19.8,6.6,12.0,H
9469,2025-05-05,2024-25,Crystal Palace,Nott'm Forest,1.2,2.6,9.4,2.8,5.0,0.8,1.2,11.0,3.6,6.0,D
9470,2025-05-10,2024-25,Bournemouth,Aston Villa,1.2,0.8,11.0,2.8,9.0,2.2,0.8,16.4,6.6,12.0,A
9471,2025-05-10,2024-25,Wolves,Brighton,2.0,0.8,13.0,4.2,12.0,1.8,2.2,13.0,5.2,5.0,A
9472,2025-05-10,2024-25,Southampton,Man City,0.6,2.2,9.8,3.0,1.0,2.0,0.6,13.0,5.8,13.0,D
9473,2025-05-10,2024-25,Ipswich,Brentford,1.0,2.6,7.8,2.2,2.0,2.2,1.2,10.2,4.2,11.0,A
9474,2025-05-10,2024-25,Fulham,Everton,1.2,1.4,13.4,4.4,6.0,0.8,1.2,8.0,3.2,5.0,A
9475,2025-05-11,2024-25,Newcastle,Chelsea,2.8,1.2,15.0,5.2,10.0,1.6,0.8,19.0,7.2,11.0,H
9476,2025-05-11,2024-25,Man United,West Ham,1.0,2.0,14.6,4.0,2.0,1.4,1.8,11.0,3.4,3.0,A
9477,2025-05-11,2024-25,Nott'm Forest,Leicester,0.8,1.4,11.8,4.0,4.0,0.8,1.8,9.8,2.8,4.0,D
9478,2025-05-11,2024-25,Tottenham,Crystal Palace,1.6,2.6,12.2,4.6,4.0,1.0,2.6,11.8,2.8,3.0,A
9479,2025-05-11,2024-25,Liverpool,Arsenal,2.2,1.6,18.6,6.4,9.0,1.8,1.2,15.4,5.0,6.0,D
9480,2025-05-16,2024-25,Chelsea,Man United,1.6,1.2,16.8,6.8,10.0,1.0,2.4,16.0,4.6,1.0,H
9481,2025-05-16,2024-25,Aston Villa,Tottenham,2.0,0.6,14.2,5.6,12.0,1.0,2.8,11.2,3.2,1.0,H
9482,2025-05-18,2024-25,Everton,Southampton,1.2,1.2,9.2,4.2,7.0,0.4,1.6,7.8,2.2,2.0,H
9483,2025-05-18,2024-25,West Ham,Nott'm Forest,1.4,1.4,11.0,3.6,5.0,1.0,1.4,11.0,4.2,5.0,A
9484,2025-05-18,2024-25,Brentford,Fulham,2.4,1.2,11.4,4.8,13.0,0.8,1.6,14.6,4.4,3.0,A
9485,2025-05-18,2024-25,Leicester,Ipswich,1.2,1.6,10.4,3.6,5.0,0.8,2.4,8.8,2.6,2.0,H
9486,2025-05-18,2024-25,Arsenal,Newcastle,2.0,1.4,15.6,5.4,6.0,2.4,1.0,15.4,5.2,10.0,H
9487,2025-05-19,2024-25,Brighton,Liverpool,2.0,1.8,12.2,4.6,8.0,2.2,1.4,18.6,6.2,10.0,H
9488,2025-05-20,2024-25,Man City,Bournemouth,2.0,0.6,16.4,5.8,13.0,0.8,0.6,10.8,2.8,8.0,H
9489,2025-05-20,2024-25,Crystal Palace,Wolves,1.0,1.6,14.8,4.2,6.0,1.6,1.0,10.6,3.4,9.0,H
9490,2025-05-25,2024-25,Southampton,Arsenal,0.4,1.4,7.6,2.2,2.0,2.0,1.2,15.2,5.6,8.0,A
9491,2025-05-25,2024-25,Nott'm Forest,Chelsea,1.4,1.4,11.0,4.2,8.0,1.4,0.8,12.2,5.6,12.0,A
9492,2025-05-25,2024-25,Wolves,Brentford,1.2,1.4,10.4,3.0,6.0,2.6,1.6,13.0,5.6,12.0,D
9493,2025-05-25,2024-25,Tottenham,Brighton,0.6,2.4,9.6,2.6,1.0,2.2,1.8,13.0,5.6,10.0,A
9494,2025-05-25,2024-25,Newcastle,Everton,1.4,1.2,15.4,4.8,7.0,1.4,1.2,9.2,4.2,7.0,A
9495,2025-05-25,2024-25,Fulham,Man City,1.4,1.8,15.4,4.4,6.0,1.6,0.4,14.6,5.0,13.0,A
9496,2025-05-25,2024-25,Liverpool,Crystal Palace,2.2,1.8,19.2,6.0,7.0,1.8,1.0,15.4,5.4,9.0,D
9497,2025-05-25,2024-25,Ipswich,West Ham,0.4,2.4,10.2,2.2,1.0,1.4,1.4,12.0,3.8,5.0,A
9498,2025-05-25,2024-25,Man United,Aston Villa,0.8,1.8,15.0,3.8,1.0,1.8,0.6,12.8,5.0,12.0,H
9499,2025-05-25,2024-25,Bournemouth,Leicester,0.8,1.2,10.0,2.6,5.0,1.2,1.2,9.2,3.0,7.0,H
9500,2025-08-15,2025-26,Liverpool,Bournemouth,2.2,2.0,16.4,4.6,5.0,1.2,1.2,11.0,3.2,7.0,H
9501,2025-08-16,2025-26,Wolves,Man City,1.2,1.6,13.2,3.8,4.0,1.6,0.4,16.2,4.6,13.0,A
9502,2025-08-16,2025-26,Sunderland,West Ham,0.6,2.0,11.0,3.8,3.0,1.8,1.4,11.6,4.2,7.0,H
9503,2025-08-16,2025-26,Tottenham,Burnley,0.6,2.8,6.0,1.8,1.0,1.6,2.0,15.2,5.4,4.0,H
9504,2025-08-16,2025-26,Aston Villa,Newcastle,1.0,0.8,9.4,3.4,9.0,1.2,0.6,16.8,5.4,7.0,D
9505,2025-08-16,2025-26,Brighton,Fulham,2.6,1.2,15.2,6.6,13.0,1.2,1.8,16.8,4.8,6.0,D
9506,2025-08-17,2025-26,Chelsea,Crystal Palace,1.2,0.6,10.8,4.4,12.0,2.0,1.2,16.0,6.4,9.0,D
9507,2025-08-17,2025-26,Nott'm Forest,Brentford,1.0,1.4,12.2,4.0,5.0,2.0,1.4,12.4,5.4,10.0,H
9508,2025-08-17,2025-26,Man United,Arsenal,1.2,1.6,17.6,5.4,4.0,1.6,1.4,15.0,5.8,8.0,A
9509,2025-08-18,2025-26,Leeds,Everton,1.2,3.0,11.8,3.4,1.0,1.6,0.8,10.4,4.8,10.0,H
9510,2025-08-22,2025-26,West Ham,Chelsea,1.4,1.4,11.6,4.2,7.0,1.0,0.6,12.6,3.6,10.0,A
9511,2025-08-23,2025-26,Arsenal,Leeds,1.4,1.0,14.4,5.2,10.0,1.2,2.2,13.0,2.8,4.0,H
9512,2025-08-23,2025-26,Brentford,Aston Villa,1.8,2.0,12.2,5.4,7.0,0.8,0.4,8.6,3.4,10.0,H
9513,2025-08-23,2025-26,Burnley,Sunderland,0.8,2.4,14.8,4.4,1.0,1.2,1.8,9.6,3.8,6.0,H
9514,2025-08-23,2025-26,Man City,Tottenham,2.0,0.2,16.4,4.2,13.0,1.0,1.8,7.6,2.4,4.0,A
9515,2025-08-23,2025-26,Bournemouth,Wolves,1.4,1.8,11.4,3.6,6.0,0.6,2.4,11.0,3.2,1.0,H
9516,2025-08-24,2025-26,Crystal Palace,Nott'm Forest,1.6,0.8,15.4,6.4,9.0,1.6,1.2,11.6,4.0,8.0,D
9517,2025-08-24,2025-26,Everton,Brighton,1.6,0.8,10.6,4.4,10.0,2.2,1.0,14.0,5.6,11.0,H
9518,2025-08-24,2025-26,Fulham,Man United,1.0,1.8,13.0,4.2,4.0,1.0,1.6,17.0,5.6,3.0,D
9519,2025-08-25,2025-26,Newcastle,Liverpool,0.6,0.6,15.0,5.0,5.0,2.0,2.2,15.2,5.0,5.0,A
9520,2025-08-30,2025-26,Tottenham,Bournemouth,1.2,1.6,8.6,3.0,6.0,1.2,1.6,12.4,4.0,6.0,A
9521,2025-08-30,2025-26,Leeds,Newcastle,1.0,2.8,12.8,2.6,4.0,0.8,1.0,14.4,4.6,4.0,D
9522,2025-08-30,2025-26,Wolves,Everton,0.6,2.4,11.0,3.2,1.0,1.6,0.4,11.2,4.4,12.0,A
9523,2025-08-30,2025-26,Sunderland,Brentford,0.8,2.2,9.0,3.0,3.0,1.2,1.4,11.6,4.6,7.0,H
9524,2025-08-30,2025-26,Man United,Burnley,0.6,1.0,16.2,5.2,4.0,1.0,2.2,13.0,3.4,3.0,H
9525,2025-08-30,2025-26,Chelsea,Fulham,1.4,0.6,11.6,3.6,10.0,1.2,1.8,13.4,4.4,5.0,H
9526,2025-08-31,2025-26,Brighton,Man City,2.0,1.2,15.6,6.0,10.0,1.8,0.6,16.6,4.6,10.0,H
9527,2025-08-31,2025-26,Nott'm Forest,West Ham,1.6,1.2,11.0,3.4,8.0,1.4,2.2,11.8,4.6,6.0,A
9528,2025-08-31,2025-26,Liverpool,Arsenal,2.4,2.0,14.0,5.4,8.0,2.2,0.6,15.4,5.4,13.0,H
9529,2025-08-31,2025-26,Aston Villa,Crystal Palace,0.6,0.6,10.0,3.2,7.0,1.6,0.8,13.0,6.6,9.0,A
9530,2025-09-13,2025-26,Brentford,Chelsea,1.2,1.8,10.0,4.4,4.0,1.8,0.2,12.2,4.2,13.0,D
9531,2025-09-13,2025-26,Newcastle,Wolves,0.4,1.0,13.0,3.8,2.0,1.0,2.6,11.4,3.4,1.0,H
9532,2025-09-13,2025-26,West Ham,Tottenham,1.6,2.2,12.4,5.4,6.0,1.2,1.4,8.0,3.0,6.0,A
9533,2025-09-13,2025-26,Fulham,Leeds,1.0,1.6,12.0,3.8,5.0,0.6,2.4,13.0,2.0,4.0,H
9534,2025-09-13,2025-26,Bournemouth,Brighton,1.4,1.4,14.4,4.4,9.0,2.0,1.4,16.6,7.0,10.0,H
9535,2025-09-13,2025-26,Crystal Palace,Sunderland,1.8,0.8,9.6,5.4,9.0,1.2,2.0,8.8,2.8,6.0,D
9536,2025-09-13,2025-26,Arsenal,Nott'm Forest,1.8,0.4,14.6,4.2,12.0,1.2,1.4,10.2,3.2,7.0,H
9537,2025-09-13,2025-26,Everton,Aston Villa,1.6,0.6,11.0,3.8,12.0,0.4,1.2,11.4,3.4,4.0,D
9538,2025-09-14,2025-26,Burnley,Liverpool,1.2,2.0,10.8,3.0,3.0,2.2,1.6,13.0,5.0,10.0,A
9539,2025-09-14,2025-26,Man City,Man United,2.0,1.0,13.8,4.2,9.0,1.2,1.0,17.4,5.4,7.0,H
9540,2025-09-20,2025-26,Fulham,Brentford,0.6,1.2,9.8,3.0,5.0,1.2,1.6,9.2,4.0,5.0,H
9541,2025-09-20,2025-26,Man United,Chelsea,1.2,1.4,19.0,5.6,7.0,2.0,0.6,13.2,4.8,11.0,H
9542,2025-09-20,2025-26,Wolves,Leeds,0.6,2.0,10.6,3.4,1.0,0.4,2.0,12.6,2.0,4.0,A
9543,2025-09-20,2025-26,West Ham,Crystal Palace,1.4,2.4,10.6,5.2,6.0,1.0,0.4,9.6,4.6,7.0,A
9544,2025-09-20,2025-26,Burnley,Nott'm Forest,1.0,1.8,10.0,2.4,3.0,0.8,1.8,9.2,2.4,4.0,D
9545,2025-09-20,2025-26,Brighton,Tottenham,1.6,1.4,12.8,5.0,7.0,1.8,1.0,10.2,3.8,9.0,D
9546,2025-09-20,2025-26,Liverpool,Everton,2.0,1.0,14.8,4.8,13.0,1.2,0.6,12.4,3.2,10.0,H
9547,2025-09-21,2025-26,Bournemouth,Newcastle,1.6,1.0,15.4,5.0,12.0,0.6,0.8,13.4,3.6,5.0,D
9548,2025-09-21,2025-26,Sunderland,Aston Villa,1.2,1.6,8.8,2.4,7.0,0.0,1.2,9.2,2.2,2.0,D
9549,2025-09-21,2025-26,Arsenal,Man City,2.2,0.4,15.4,4.4,12.0,2.0,0.8,14.0,4.4,9.0,D
9550,2025-09-27,2025-26,Tottenham,Wolves,2.0,0.6,11.6,4.0,10.0,0.6,2.4,10.2,3.4,0.0,D
9551,2025-09-27,2025-26,Nott'm Forest,Sunderland,1.0,1.8,10.6,3.6,5.0,1.2,0.8,10.2,2.6,8.0,A
9552,2025-09-27,2025-26,Man City,Burnley,1.8,1.0,11.0,4.0,7.0,1.0,1.6,8.4,2.8,4.0,H
9553,2025-09-27,2025-26,Brentford,Man United,1.2,2.0,8.2,3.2,4.0,1.2,1.6,16.2,4.4,7.0,H
9554,2025-09-27,2025-26,Crystal Palace,Liverpool,1.2,0.4,11.6,4.2,9.0,2.2,1.0,14.2,4.8,15.0,H
9555,2025-09-27,2025-26,Chelsea,Brighton,2.0,1.0,13.0,4.6,8.0,1.2,1.6,10.6,4.2,5.0,A
9556,2025-09-27,2025-26,Leeds,Bournemouth,0.8,1.4,10.0,2.4,7.0,1.2,1.0,13.6,4.0,10.0,D
9557,2025-09-28,2025-26,Aston Villa,Fulham,0.2,1.0,10.4,2.4,3.0,1.2,1.0,10.0,3.0,8.0,H
9558,2025-09-28,2025-26,Newcastle,Arsenal,0.6,0.6,10.8,2.6,6.0,2.0,0.4,13.2,3.4,10.0,A
9559,2025-09-29,2025-26,Everton,West Ham,1.2,1.0,11.4,2.4,7.0,1.0,2.6,10.2,4.6,3.0,D
9560,2025-10-03,2025-26,Bournemouth,Fulham,1.2,0.6,14.0,4.4,11.0,1.2,1.4,10.8,3.4,7.0,H
9561,2025-10-04,2025-26,Leeds,Tottenham,1.0,1.8,9.6,3.4,5.0,1.6,0.8,10.4,3.4,8.0,A
9562,2025-10-04,2025-26,Arsenal,West Ham,2.2,0.6,15.4,4.2,10.0,1.2,2.2,10.6,4.4,4.0,H
9563,2025-10-04,2025-26,Man United,Sunderland,1.4,2.0,14.6,4.2,7.0,0.8,0.8,10.4,2.2,8.0,H
9564,2025-10-04,2025-26,Chelsea,Liverpool,2.2,1.6,11.8,4.6,7.0,1.6,1.0,14.4,3.6,12.0,H
9565,2025-10-05,2025-26,Brentford,Man City,1.6,1.6,8.2,4.2,7.0,2.0,1.2,12.2,4.8,7.0,A
9566,2025-10-05,2025-26,Wolves,Brighton,0.8,1.8,10.2,3.4,1.0,1.6,1.6,11.0,4.0,7.0,D
9567,2025-10-05,2025-26,Everton,Crystal Palace,1.4,1.0,12.4,3.4,8.0,1.6,0.6,12.4,4.8,11.0,H
9568,2025-10-05,2025-26,Newcastle,Nott'm Forest,0.8,1.0,9.2,2.6,5.0,0.4,1.8,12.8,3.8,2.0,H
9569,2025-10-05,2025-26,Aston Villa,Burnley,0.8,1.2,11.6,2.6,5.0,1.2,2.0,7.4,2.4,4.0,H
9570,2025-10-18,2025-26,Nott'm Forest,Chelsea,0.2,2.0,12.0,4.4,1.0,1.6,1.6,11.8,4.4,7.0,A
9571,2025-10-18,2025-26,Brighton,Newcastle,1.8,1.4,11.8,4.4,8.0,0.8,0.4,10.8,3.8,8.0,H
9572,2025-10-18,2025-26,Burnley,Leeds,1.0,2.4,7.0,2.4,1.0,1.2,1.2,12.2,4.0,5.0,H
9573,2025-10-18,2025-26,Crystal Palace,Bournemouth,1.6,0.8,13.8,5.6,10.0,1.6,0.8,13.4,4.8,11.0,D
9574,2025-10-18,2025-26,Man City,Everton,2.2,0.8,12.2,4.8,10.0,1.4,1.2,13.0,4.2,8.0,H
9575,2025-10-18,2025-26,Sunderland,Wolves,0.8,0.8,10.2,2.6,8.0,1.0,1.8,10.2,3.8,2.0,H
9576,2025-10-18,2025-26,Fulham,Arsenal,1.2,1.8,10.6,3.4,6.0,1.6,0.6,16.0,4.2,10.0,A
9577,2025-10-19,2025-26,Liverpool,Man United,1.2,1.0,15.8,3.2,9.0,1.6,1.8,15.6,4.8,9.0,A
9578,2025-10-19,2025-26,Tottenham,Aston Villa,1.6,1.0,9.8,3.0,8.0,1.2,1.2,11.2,3.6,8.0,A
9579,2025-10-20,2025-26,West Ham,Brentford,1.0,1.6,9.0,3.6,4.0,1.4,1.8,7.6,4.0,4.0,A
9580,2025-10-24,2025-26,Leeds,West Ham,1.2,1.6,14.0,4.6,4.0,0.4,2.0,8.0,2.2,1.0,H
9581,2025-10-25,2025-26,Chelsea,Sunderland,1.8,1.6,12.6,4.4,7.0,0.8,0.6,9.4,2.4,8.0,A
9582,2025-10-25,2025-26,Newcastle,Fulham,1.0,0.8,12.4,4.0,7.0,1.2,1.6,10.2,2.8,6.0,H
9583,2025-10-25,2025-26,Man United,Brighton,1.4,1.6,12.8,4.4,9.0,1.8,1.4,12.0,4.0,8.0,H
9584,2025-10-25,2025-26,Brentford,Liverpool,1.6,1.4,10.6,4.6,7.0,1.2,1.4,17.8,3.8,6.0,H
9585,2025-10-26,2025-26,Everton,Tottenham,0.8,1.2,12.0,3.6,5.0,1.8,1.2,10.6,3.4,8.0,A
9586,2025-10-26,2025-26,Wolves,Burnley,0.6,1.6,11.0,3.6,2.0,1.0,1.8,6.6,2.4,4.0,A
9587,2025-10-26,2025-26,Bournemouth,Nott'm Forest,2.0,1.4,11.0,4.6,9.0,0.2,2.0,12.2,4.2,1.0,H
9588,2025-10-26,2025-26,Aston Villa,Man City,1.6,0.8,10.2,3.2,11.0,2.4,0.4,13.6,5.6,13.0,H
9589,2025-10-26,2025-26,Arsenal,Crystal Palace,1.8,0.4,17.0,5.0,13.0,1.6,1.4,16.6,6.2,8.0,H
9590,2025-11-01,2025-26,Brighton,Leeds,2.0,1.8,14.2,4.6,8.0,1.6,1.6,14.6,5.0,7.0,H
9591,2025-11-01,2025-26,Burnley,Arsenal,1.6,2.0,8.2,3.8,7.0,1.4,0.4,15.8,4.6,13.0,A
9592,2025-11-01,2025-26,Crystal Palace,Brentford,1.6,1.6,15.2,5.2,7.0,1.8,1.4,12.6,5.4,9.0,H
9593,2025-11-01,2025-26,Fulham,Wolves,1.2,2.0,11.6,3.2,3.0,1.0,2.0,12.4,4.4,2.0,H
9594,2025-11-01,2025-26,Nott'm Forest,Man United,0.2,1.8,12.8,4.8,1.0,2.2,1.4,13.0,5.8,12.0,D
9595,2025-11-01,2025-26,Tottenham,Chelsea,1.8,1.2,9.2,3.2,8.0,1.6,1.6,12.6,4.6,6.0,A
9596,2025-11-01,2025-26,Liverpool,Aston Villa,1.4,2.0,16.0,4.0,3.0,1.8,0.8,10.6,3.6,13.0,H
9597,2025-11-02,2025-26,Man City,Bournemouth,1.8,0.6,14.6,5.2,10.0,2.0,1.2,11.0,4.6,9.0,H
9598,2025-11-02,2025-26,West Ham,Newcastle,0.6,1.8,8.4,2.0,1.0,1.2,1.0,12.8,4.6,7.0,H
9599,2025-11-03,2025-26,Sunderland,Everton,1.2,0.8,10.2,3.2,10.0,0.8,1.8,10.4,3.6,4.0,D
9600,2025-11-08,2025-26,Tottenham,Man United,1.4,1.0,7.6,2.8,7.0,2.2,1.6,14.4,6.4,10.0,D
9601,2025-11-08,2025-26,Everton,Fulham,0.8,1.6,10.2,3.6,5.0,1.2,1.8,12.6,3.8,3.0,H
9602,2025-11-08,2025-26,West Ham,Burnley,1.0,1.6,9.8,3.2,4.0,1.4,2.2,6.4,2.8,6.0,H
9603,2025-11-08,2025-26,Sunderland,Arsenal,1.2,0.8,10.8,3.0,10.0,1.6,0.2,15.8,5.6,15.0,D
9604,2025-11-08,2025-26,Chelsea,Wolves,1.6,1.2,14.6,6.2,9.0,0.8,2.0,10.2,3.6,2.0,H
9605,2025-11-09,2025-26,Man City,Liverpool,2.2,0.6,16.6,6.2,12.0,1.4,1.8,17.0,4.2,3.0,H
9606,2025-11-09,2025-26,Nott'm Forest,Leeds,0.4,2.0,12.8,3.8,1.0,1.0,2.0,14.4,4.6,4.0,H
9607,2025-11-09,2025-26,Aston Villa,Bournemouth,1.6,1.0,10.2,3.8,12.0,2.2,1.8,10.4,5.2,8.0,H
9608,2025-11-09,2025-26,Brentford,Newcastle,1.6,1.2,12.2,5.2,9.0,1.4,1.6,14.4,5.2,6.0,H
9609,2025-11-09,2025-26,Crystal Palace,Brighton,1.6,1.4,13.4,5.0,7.0,2.2,1.4,14.6,5.2,10.0,D
9610,2025-11-22,2025-26,Burnley,Chelsea,1.6,1.8,7.8,3.8,6.0,2.0,0.6,16.0,7.2,12.0,A
9611,2025-11-22,2025-26,Bournemouth,West Ham,1.8,2.2,10.6,5.0,7.0,1.4,1.8,10.0,3.8,6.0,D
9612,2025-11-22,2025-26,Brighton,Brentford,1.6,1.2,13.6,5.2,8.0,1.6,1.2,13.2,5.0,9.0,H
9613,2025-11-22,2025-26,Fulham,Sunderland,1.0,1.6,12.0,3.8,3.0,1.4,1.2,9.8,2.8,8.0,H
9614,2025-11-22,2025-26,Liverpool,Nott'm Forest,1.2,2.0,14.4,3.6,3.0,1.0,2.0,11.2,3.8,4.0,A
9615,2025-11-22,2025-26,Wolves,Crystal Palace,0.6,2.4,9.0,3.0,1.0,1.2,1.2,12.2,4.0,5.0,A
9616,2025-11-22,2025-26,Newcastle,Man City,1.4,1.8,13.8,4.8,6.0,1.8,0.4,15.2,5.8,12.0,H
9617,2025-11-23,2025-26,Arsenal,Tottenham,1.6,0.4,15.2,5.6,13.0,1.6,1.2,7.6,3.0,7.0,H
9618,2025-11-23,2025-26,Leeds,Aston Villa,0.8,2.2,12.6,3.6,3.0,1.8,0.8,11.6,4.6,12.0,A
9619,2025-11-24,2025-26,Man United,Everton,2.4,1.4,12.6,5.6,11.0,1.0,1.4,10.6,3.4,7.0,A
9620,2025-11-29,2025-26,Brentford,Burnley,1.8,1.4,14.0,5.6,9.0,1.4,1.8,8.4,3.8,6.0,H
9621,2025-11-29,2025-26,Man City,Leeds,1.8,0.8,16.6,5.8,9.0,0.8,2.2,12.2,3.8,3.0,H
9622,2025-11-29,2025-26,Sunderland,Bournemouth,1.4,1.0,9.0,2.6,8.0,1.6,2.4,14.0,5.8,5.0,H
9623,2025-11-29,2025-26,Everton,Newcastle,0.8,1.2,8.4,2.2,7.0,1.4,2.0,12.0,4.0,6.0,A
9624,2025-11-29,2025-26,Tottenham,Fulham,1.4,1.8,6.4,2.8,4.0,1.0,1.0,14.4,4.2,6.0,A
9625,2025-11-30,2025-26,Chelsea,Arsenal,2.0,0.4,16.6,7.0,12.0,2.0,0.6,14.4,6.2,13.0,D
9626,2025-11-30,2025-26,West Ham,Liverpool,1.8,1.8,10.2,4.2,7.0,1.0,2.2,16.2,4.0,3.0,A
9627,2025-11-30,2025-26,Crystal Palace,Man United,1.4,0.8,11.2,3.2,8.0,2.0,1.6,14.6,5.6,8.0,A
9628,2025-11-30,2025-26,Aston Villa,Wolves,1.8,0.8,11.4,3.8,12.0,0.4,2.6,9.4,2.6,0.0,H
9629,2025-11-30,2025-26,Nott'm Forest,Brighton,1.6,1.6,13.2,4.4,7.0,1.8,1.2,13.0,5.0,10.0,A
9630,2025-12-02,2025-26,Bournemouth,Everton,1.4,2.4,16.0,6.0,4.0,1.0,1.6,9.4,2.4,7.0,A
9631,2025-12-02,2025-26,Fulham,Man City,1.4,1.0,14.0,4.8,9.0,2.0,1.2,16.4,6.2,9.0,A
9632,2025-12-02,2025-26,Newcastle,Tottenham,2.0,1.8,11.4,5.0,9.0,1.4,1.8,7.4,2.6,4.0,D
9633,2025-12-03,2025-26,Arsenal,Brentford,2.0,0.8,12.8,6.0,11.0,2.0,1.6,12.4,5.0,9.0,H
9634,2025-12-03,2025-26,Brighton,Aston Villa,1.8,1.0,13.8,5.2,10.0,1.6,0.6,13.0,4.6,12.0,A
9635,2025-12-03,2025-26,Burnley,Crystal Palace,1.2,2.4,8.8,3.6,3.0,1.0,0.6,10.0,2.4,7.0,A
9636,2025-12-03,2025-26,Wolves,Nott'm Forest,0.4,2.4,8.0,2.8,0.0,1.6,1.4,14.6,4.6,7.0,A
9637,2025-12-03,2025-26,Leeds,Chelsea,1.2,2.4,10.2,3.8,3.0,1.6,0.6,15.4,6.6,10.0,H
9638,2025-12-03,2025-26,Liverpool,Sunderland,1.2,1.8,14.2,3.8,6.0,1.6,1.4,9.8,3.4,8.0,D
9639,2025-12-04,2025-26,Man United,West Ham,2.0,1.6,15.0,6.0,8.0,1.8,1.8,10.2,4.0,7.0,D
9640,2025-12-06,2025-26,Newcastle,Burnley,2.0,2.0,11.6,5.0,7.0,0.6,2.2,8.8,3.0,0.0,H
9641,2025-12-06,2025-26,Leeds,Liverpool,1.4,2.4,11.0,3.8,3.0,1.0,1.4,15.2,3.6,7.0,D
9642,2025-12-06,2025-26,Tottenham,Brentford,1.2,2.2,7.6,2.2,2.0,1.4,1.6,10.2,3.6,6.0,H
9643,2025-12-06,2025-26,Man City,Sunderland,3.0,1.8,15.0,6.2,12.0,1.4,1.4,9.6,3.8,6.0,H
9644,2025-12-06,2025-26,Everton,Nott'm Forest,1.2,1.0,9.6,2.6,10.0,1.8,1.0,15.0,4.4,10.0,H
9645,2025-12-06,2025-26,Bournemouth,Chelsea,1.0,2.6,14.4,5.4,1.0,1.6,0.8,15.0,5.6,10.0,D
9646,2025-12-06,2025-26,Aston Villa,Arsenal,2.2,1.2,14.0,6.0,12.0,2.2,0.8,13.8,6.8,11.0,H
9647,2025-12-07,2025-26,Brighton,West Ham,2.0,1.0,13.6,5.6,10.0,1.8,1.6,10.6,4.0,8.0,D
9648,2025-12-07,2025-26,Fulham,Crystal Palace,2.0,1.6,14.0,5.0,9.0,1.2,0.4,9.2,2.8,10.0,A
9649,2025-12-08,2025-26,Wolves,Man United,0.0,2.0,6.0,1.6,0.0,1.4,1.4,15.8,5.0,6.0,A
9650,2025-12-13,2025-26,Chelsea,Everton,1.4,0.8,14.2,4.6,8.0,1.6,0.8,10.2,3.2,12.0,H
9651,2025-12-13,2025-26,Liverpool,Brighton,1.2,2.0,15.2,4.2,5.0,1.6,1.2,15.2,5.0,8.0,H
9652,2025-12-13,2025-26,Burnley,Fulham,0.8,2.2,10.0,3.6,0.0,1.6,2.0,12.6,4.6,6.0,A
9653,2025-12-13,2025-26,Arsenal,Wolves,2.0,1.2,14.4,7.0,8.0,0.2,2.2,6.6,1.6,0.0,H
9654,2025-12-14,2025-26,Brentford,Leeds,1.4,1.6,9.8,3.4,6.0,2.0,2.4,12.4,4.4,4.0,D
9655,2025-12-14,2025-26,West Ham,Aston Villa,1.4,1.6,10.4,3.2,6.0,2.6,1.0,15.0,6.6,15.0,A
9656,2025-12-14,2025-26,Crystal Palace,Man City,1.2,0.6,9.6,3.4,10.0,3.0,1.6,15.6,5.8,12.0,A
9657,2025-12-14,2025-26,Nott'm Forest,Tottenham,1.4,1.2,13.0,4.4,9.0,1.6,2.0,10.0,3.4,5.0,H
9658,2025-12-14,2025-26,Sunderland,Newcastle,1.2,1.8,7.8,3.4,5.0,2.2,1.6,12.6,5.6,10.0,H
9659,2025-12-15,2025-26,Man United,Bournemouth,1.8,1.2,17.6,5.6,8.0,0.8,2.0,15.4,5.4,2.0,D
9660,2025-12-20,2025-26,Tottenham,Liverpool,1.2,2.2,9.2,2.8,4.0,1.6,1.4,17.4,4.8,8.0,A
9661,2025-12-20,2025-26,Leeds,Crystal Palace,2.0,2.0,14.0,4.6,5.0,1.2,1.2,10.8,3.8,9.0,H
9662,2025-12-20,2025-26,Everton,Arsenal,1.2,1.2,9.6,2.6,9.0,2.0,1.0,14.2,6.0,10.0,A
9663,2025-12-20,2025-26,Wolves,Brentford,0.4,2.0,6.6,2.0,0.0,1.0,1.6,8.2,2.4,4.0,A
9664,2025-12-20,2025-26,Man City,West Ham,3.0,1.6,14.2,5.8,12.0,1.2,1.8,9.4,2.6,3.0,H
9665,2025-12-20,2025-26,Brighton,Sunderland,1.6,1.6,16.6,4.6,7.0,1.0,1.4,7.6,3.2,7.0,D
9666,2025-12-20,2025-26,Bournemouth,Burnley,1.6,2.0,15.6,6.4,3.0,0.8,2.2,10.0,3.8,0.0,D
9667,2025-12-20,2025-26,Newcastle,Chelsea,2.0,1.2,12.8,5.8,10.0,1.2,0.8,13.6,4.0,8.0,D
9668,2025-12-21,2025-26,Aston Villa,Man United,2.4,1.4,13.2,5.8,15.0,2.2,1.6,21.6,7.0,8.0,H
9669,2025-12-22,2025-26,Fulham,Nott'm Forest,2.2,2.0,12.2,4.6,9.0,1.4,1.0,13.2,4.4,9.0,H
9670,2025-12-26,2025-26,Man United,Newcastle,2.4,1.8,19.6,7.0,8.0,2.0,1.4,13.2,5.8,8.0,H
9671,2025-12-27,2025-26,Chelsea,Aston Villa,1.2,1.2,13.2,3.8,6.0,2.4,1.4,12.8,6.0,15.0,A
9672,2025-12-27,2025-26,West Ham,Fulham,0.8,2.0,9.8,2.8,2.0,2.2,2.0,9.6,3.6,9.0,A
9673,2025-12-27,2025-26,Liverpool,Wolves,2.0,1.0,14.8,4.8,11.0,0.4,2.0,6.8,2.2,0.0,H
9674,2025-12-27,2025-26,Brentford,Bournemouth,1.2,1.2,7.6,2.8,7.0,1.4,1.8,13.2,4.6,3.0,H
9675,2025-12-27,2025-26,Arsenal,Brighton,1.4,0.8,13.4,4.8,10.0,1.2,1.4,17.0,4.4,5.0,H
9676,2025-12-27,2025-26,Nott'm Forest,Man City,0.8,1.2,12.6,3.4,6.0,3.4,1.2,14.2,6.6,15.0,A
9677,2025-12-27,2025-26,Burnley,Everton,1.0,2.0,9.2,3.6,1.0,1.0,1.4,10.0,2.6,6.0,D
9678,2025-12-28,2025-26,Sunderland,Leeds,1.0,1.2,9.6,4.0,8.0,2.6,1.8,15.2,5.2,8.0,D
9679,2025-12-28,2025-26,Crystal Palace,Tottenham,1.0,2.0,10.6,3.6,6.0,1.2,1.8,11.6,3.2,4.0,A
9680,2025-12-30,2025-26,Arsenal,Aston Villa,1.6,0.8,16.6,5.2,12.0,2.6,1.6,11.8,6.4,15.0,H
9681,2025-12-30,2025-26,Man United,Wolves,2.2,1.6,18.8,6.6,8.0,0.6,2.2,6.8,2.2,0.0,D
9682,2025-12-30,2025-26,West Ham,Brighton,0.8,1.8,10.6,3.2,2.0,1.0,1.8,15.2,3.8,2.0,D
9683,2025-12-30,2025-26,Burnley,Newcastle,0.8,1.4,11.2,3.2,2.0,1.2,1.4,13.8,4.8,5.0,A
9684,2025-12-30,2025-26,Chelsea,Bournemouth,1.2,1.4,13.8,3.6,5.0,1.2,2.0,13.6,5.4,3.0,D
9685,2025-12-30,2025-26,Nott'm Forest,Everton,1.0,1.2,10.2,3.2,6.0,0.8,0.6,11.0,3.4,7.0,A
9686,2026-01-01,2025-26,Crystal Palace,Fulham,0.8,1.8,10.8,3.4,6.0,2.0,1.8,11.2,3.8,9.0,D
9687,2026-01-01,2025-26,Liverpool,Leeds,2.0,1.2,15.8,4.6,11.0,2.4,1.4,16.8,5.6,9.0,D
9688,2026-01-01,2025-26,Brentford,Tottenham,1.4,1.2,7.8,3.4,7.0,1.2,1.4,10.4,3.6,7.0,D
9689,2026-01-01,2025-26,Sunderland,Man City,0.6,1.0,8.8,3.4,6.0,3.2,1.0,13.8,5.8,15.0,D
9690,2026-01-03,2025-26,Aston Villa,Nott'm Forest,2.0,1.8,11.2,5.0,12.0,0.8,1.6,12.4,3.8,3.0,H
9691,2026-01-03,2025-26,Brighton,Burnley,0.8,1.4,15.2,3.6,3.0,1.0,1.8,12.0,3.2,2.0,H
9692,2026-01-03,2025-26,Wolves,West Ham,0.8,2.2,8.0,2.8,1.0,1.0,2.0,10.4,3.4,2.0,H
9693,2026-01-03,2025-26,Bournemouth,Arsenal,1.6,2.2,16.0,6.2,4.0,2.0,1.0,18.0,5.2,12.0,A
9694,2026-01-04,2025-26,Leeds,Man United,1.8,1.2,14.2,5.0,7.0,2.2,1.6,18.4,7.0,8.0,D
9695,2026-01-04,2025-26,Everton,Brentford,1.0,0.6,10.6,3.4,7.0,1.4,0.8,8.0,3.6,8.0,A
9696,2026-01-04,2025-26,Newcastle,Crystal Palace,1.4,1.2,14.0,5.2,7.0,0.8,2.0,12.4,3.2,4.0,H
9697,2026-01-04,2025-26,Tottenham,Sunderland,0.8,1.0,10.6,3.8,7.0,0.4,0.8,9.0,3.0,6.0,D
9698,2026-01-04,2025-26,Fulham,Liverpool,1.4,1.0,12.2,3.6,10.0,1.8,1.0,15.0,4.6,11.0,D
9699,2026-01-04,2025-26,Man City,Chelsea,2.2,0.2,14.4,5.8,13.0,1.4,1.2,14.4,3.8,6.0,D
9700,2026-01-06,2025-26,West Ham,Nott'm Forest,0.8,2.4,8.8,2.4,1.0,1.0,1.6,13.0,4.2,3.0,A
9701,2026-01-07,2025-26,Bournemouth,Tottenham,2.0,2.8,16.4,5.8,3.0,0.6,1.2,10.2,3.4,5.0,H
9702,2026-01-07,2025-26,Brentford,Sunderland,2.2,0.8,9.4,4.8,11.0,0.6,0.4,9.4,3.4,7.0,H
9703,2026-01-07,2025-26,Crystal Palace,Aston Villa,0.4,2.2,12.4,2.4,1.0,2.2,1.8,10.4,4.6,12.0,D
9704,2026-01-07,2025-26,Everton,Wolves,0.8,1.4,11.2,3.6,4.0,1.2,1.4,8.6,4.0,4.0,D
9705,2026-01-07,2025-26,Fulham,Chelsea,1.6,1.0,11.4,3.2,11.0,1.6,1.4,13.8,3.6,6.0,H
9706,2026-01-07,2025-26,Man City,Brighton,1.8,0.4,13.6,5.2,11.0,1.0,1.2,13.8,3.6,5.0,D
9707,2026-01-07,2025-26,Burnley,Man United,0.8,1.8,11.2,3.2,2.0,1.6,1.6,16.0,5.4,6.0,D
9708,2026-01-07,2025-26,Newcastle,Leeds,1.4,1.0,13.0,5.2,7.0,1.4,0.8,14.0,4.6,7.0,H
9709,2026-01-08,2025-26,Arsenal,Liverpool,2.4,1.0,17.4,4.4,15.0,1.6,0.8,13.8,3.6,11.0,D
9710,2026-01-17,2025-26,Man United,Man City,1.2,1.2,17.0,5.6,6.0,1.4,0.6,16.6,5.2,9.0,H
9711,2026-01-17,2025-26,Chelsea,Brentford,1.4,1.8,13.2,3.8,3.0,2.6,0.6,11.6,5.6,13.0,H
9712,2026-01-17,2025-26,Leeds,Fulham,1.8,1.4,13.2,5.0,6.0,1.4,0.8,13.4,3.4,11.0,H
9713,2026-01-17,2025-26,Liverpool,Burnley,1.2,0.8,11.8,2.8,9.0,0.8,1.6,9.4,1.8,3.0,D
9714,2026-01-17,2025-26,Sunderland,Crystal Palace,0.4,1.0,10.6,3.8,4.0,0.4,1.6,11.4,2.6,2.0,H
9715,2026-01-17,2025-26,Tottenham,West Ham,1.0,1.2,12.2,4.0,5.0,0.6,2.2,9.6,2.4,1.0,A
9716,2026-01-17,2025-26,Nott'm Forest,Arsenal,0.8,1.8,12.6,4.0,3.0,2.0,0.8,16.0,4.8,13.0,D
9717,2026-01-18,2025-26,Wolves,Newcastle,1.2,1.2,10.6,4.4,5.0,2.2,1.4,15.4,6.4,10.0,D
9718,2026-01-18,2025-26,Aston Villa,Everton,1.6,1.4,12.0,4.4,10.0,1.0,1.2,11.6,3.6,5.0,A
9719,2026-01-19,2025-26,Brighton,Bournemouth,1.2,1.0,12.2,4.0,6.0,1.8,2.4,15.8,4.6,5.0,D
9720,2026-01-24,2025-26,West Ham,Sunderland,1.0,1.8,11.6,2.6,4.0,0.8,1.2,10.4,4.0,6.0,H
9721,2026-01-24,2025-26,Burnley,Tottenham,0.8,1.6,10.0,1.8,3.0,1.0,1.2,13.4,4.4,5.0,D
9722,2026-01-24,2025-26,Fulham,Brighton,1.2,1.0,12.8,3.4,8.0,1.4,1.2,12.4,4.2,6.0,H
9723,2026-01-24,2025-26,Man City,Wolves,0.8,1.0,14.6,3.8,6.0,1.2,0.8,10.0,4.4,6.0,H
9724,2026-01-24,2025-26,Bournemouth,Liverpool,1.8,2.4,14.8,4.8,5.0,1.0,0.8,16.6,4.2,7.0,H
9725,2026-01-25,2025-26,Brentford,Nott'm Forest,2.2,1.0,13.2,5.4,10.0,0.8,1.6,11.4,3.6,4.0,A
9726,2026-01-25,2025-26,Crystal Palace,Chelsea,0.4,1.2,10.8,2.4,2.0,1.4,1.4,11.8,3.4,5.0,A
9727,2026-01-25,2025-26,Newcastle,Aston Villa,1.8,1.0,15.6,5.8,10.0,1.2,1.4,13.2,4.6,7.0,A
9728,2026-01-25,2025-26,Arsenal,Man United,1.8,0.8,16.4,5.0,11.0,1.4,0.8,16.2,5.8,9.0,A
9729,2026-01-26,2025-26,Everton,Leeds,1.2,1.0,12.4,4.0,8.0,1.2,1.2,12.0,4.4,6.0,D
9730,2026-01-31,2025-26,Brighton,Everton,1.4,1.2,13.4,4.6,6.0,1.4,1.2,11.4,3.4,8.0,D
9731,2026-01-31,2025-26,Leeds,Arsenal,1.2,1.2,11.4,4.0,6.0,1.8,1.2,14.6,4.6,8.0,A
9732,2026-01-31,2025-26,Wolves,Bournemouth,1.0,0.8,10.4,3.8,6.0,2.2,2.0,13.2,3.8,8.0,A
9733,2026-01-31,2025-26,Chelsea,West Ham,1.8,1.2,11.0,4.0,8.0,1.6,1.8,12.0,3.2,7.0,H
9734,2026-01-31,2025-26,Liverpool,Newcastle,1.0,1.2,16.6,4.2,4.0,1.8,1.2,15.4,6.0,10.0,H
9735,2026-02-01,2025-26,Tottenham,Man City,1.2,1.6,15.4,5.8,3.0,0.8,0.8,13.6,3.6,6.0,D
9736,2026-02-01,2025-26,Nott'm Forest,Crystal Palace,1.0,1.2,11.4,3.6,7.0,0.6,1.6,10.4,3.4,2.0,D
9737,2026-02-01,2025-26,Aston Villa,Brentford,1.2,1.2,13.8,4.6,7.0,1.4,1.2,12.2,4.2,7.0,A
9738,2026-02-01,2025-26,Man United,Fulham,1.8,1.2,16.2,5.6,9.0,1.4,1.2,12.2,3.4,8.0,H
9739,2026-02-02,2025-26,Sunderland,Burnley,0.8,1.6,10.2,3.8,5.0,1.2,2.0,8.6,2.6,3.0,H
9740,2026-02-06,2025-26,Leeds,Nott'm Forest,1.2,2.0,11.2,3.8,5.0,1.2,1.0,9.0,2.6,8.0,H
9741,2026-02-07,2025-26,Wolves,Chelsea,0.8,1.0,11.6,4.4,5.0,2.0,1.2,10.4,4.6,10.0,A
9742,2026-02-07,2025-26,Newcastle,Brentford,1.4,1.8,13.0,4.6,7.0,1.6,1.2,12.0,4.2,9.0,A
9743,2026-02-07,2025-26,Burnley,West Ham,1.0,2.0,6.6,1.8,3.0,1.6,2.0,12.2,3.6,6.0,A
9744,2026-02-07,2025-26,Fulham,Everton,1.6,1.6,11.6,3.6,7.0,1.2,1.4,10.6,3.6,6.0,A
9745,2026-02-07,2025-26,Arsenal,Sunderland,1.8,1.0,13.0,4.8,8.0,1.4,1.6,11.0,4.0,7.0,H
9746,2026-02-07,2025-26,Man United,Tottenham,2.2,1.4,15.8,5.6,11.0,1.6,2.0,16.0,6.4,3.0,H
9747,2026-02-07,2025-26,Bournemouth,Aston Villa,2.2,1.6,11.6,3.4,10.0,1.0,0.6,17.0,5.0,7.0,D
9748,2026-02-08,2025-26,Brighton,Crystal Palace,1.2,1.0,12.4,3.8,6.0,0.6,1.6,11.0,3.6,2.0,A
9749,2026-02-08,2025-26,Liverpool,Man City,1.8,1.4,16.2,4.8,6.0,1.2,1.2,13.8,3.4,6.0,A
9750,2026-02-10,2025-26,Tottenham,Newcastle,1.4,2.2,14.8,5.6,2.0,1.4,2.4,13.8,4.0,4.0,A
9751,2026-02-10,2025-26,Chelsea,Leeds,2.4,1.2,11.8,5.2,12.0,1.6,2.0,11.8,4.2,7.0,D
9752,2026-02-10,2025-26,Everton,Bournemouth,1.2,0.8,11.0,3.0,9.0,2.0,1.2,12.6,4.6,11.0,A
9753,2026-02-10,2025-26,West Ham,Man United,2.0,1.4,12.2,4.4,9.0,2.4,1.2,17.4,7.2,13.0,D
9754,2026-02-11,2025-26,Sunderland,Liverpool,1.2,2.0,10.0,4.0,6.0,1.6,1.4,17.2,5.2,5.0,A
9755,2026-02-11,2025-26,Nott'm Forest,Wolves,1.2,1.0,10.2,2.8,8.0,0.4,1.6,11.6,3.4,2.0,D
9756,2026-02-11,2025-26,Man City,Fulham,1.4,1.2,14.4,4.2,8.0,1.4,1.6,12.6,3.8,6.0,H
9757,2026-02-11,2025-26,Crystal Palace,Burnley,0.8,1.2,10.2,4.2,5.0,1.0,2.0,9.2,2.2,3.0,A
9758,2026-02-11,2025-26,Aston Villa,Brighton,0.6,0.6,16.2,5.0,5.0,0.8,1.2,10.8,3.4,3.0,H
9759,2026-02-12,2025-26,Brentford,Arsenal,1.4,1.2,12.0,3.8,9.0,1.8,0.6,13.8,4.8,8.0,D
9760,2026-02-18,2025-26,Wolves,Arsenal,0.2,1.4,10.4,3.2,2.0,2.0,0.8,13.4,4.4,8.0,D
9761,2026-02-21,2025-26,West Ham,Bournemouth,2.0,1.2,10.8,4.4,10.0,1.8,1.0,12.6,4.8,11.0,D
9762,2026-02-21,2025-26,Chelsea,Burnley,2.6,1.2,12.8,4.8,13.0,1.2,2.0,9.4,2.6,5.0,D
9763,2026-02-21,2025-26,Man City,Newcastle,1.8,1.0,12.6,4.0,10.0,1.0,2.0,14.4,3.4,4.0,H
9764,2026-02-21,2025-26,Aston Villa,Leeds,0.8,0.6,16.2,4.6,7.0,1.4,1.6,9.8,3.4,8.0,D
9765,2026-02-21,2025-26,Brentford,Brighton,1.0,1.4,10.8,3.2,7.0,0.6,1.2,11.4,3.4,2.0,A
9766,2026-02-22,2025-26,Crystal Palace,Wolves,1.2,1.8,12.2,3.8,4.0,0.6,1.8,10.2,3.2,2.0,H
9767,2026-02-22,2025-26,Nott'm Forest,Liverpool,0.8,0.8,14.6,3.8,6.0,1.8,1.4,20.2,5.8,7.0,A
9768,2026-02-22,2025-26,Sunderland,Fulham,1.2,1.6,10.0,3.8,6.0,1.0,2.0,12.2,3.4,3.0,A
9769,2026-02-22,2025-26,Tottenham,Arsenal,1.2,2.0,14.8,5.2,2.0,2.4,1.2,12.4,4.6,8.0,A
9770,2026-02-23,2025-26,Everton,Man United,1.2,1.0,11.6,3.8,8.0,2.2,1.0,13.2,5.8,13.0,A
9771,2026-02-27,2025-26,Wolves,Aston Villa,0.6,1.6,10.4,4.4,2.0,1.0,0.6,15.8,4.4,8.0,H
9772,2026-02-28,2025-26,Leeds,Man City,1.4,1.8,9.8,3.2,6.0,2.2,0.8,14.2,5.2,13.0,A
9773,2026-02-28,2025-26,Newcastle,Everton,1.2,2.4,14.6,4.4,3.0,1.0,1.2,12.2,4.0,5.0,A
9774,2026-02-28,2025-26,Liverpool,West Ham,1.8,1.2,15.8,4.4,9.0,1.6,1.0,11.4,4.2,8.0,H
9775,2026-02-28,2025-26,Burnley,Brentford,1.2,2.0,10.4,3.2,5.0,1.0,1.4,10.4,2.8,7.0,A
9776,2026-02-28,2025-26,Bournemouth,Sunderland,1.6,0.8,12.4,5.4,11.0,1.0,2.0,9.8,2.8,3.0,D
9777,2026-03-01,2025-26,Brighton,Nott'm Forest,0.8,1.0,10.2,3.8,4.0,0.8,1.0,17.0,4.2,5.0,H
9778,2026-03-01,2025-26,Fulham,Tottenham,1.6,2.0,13.0,4.0,6.0,1.2,2.4,11.8,5.0,2.0,H
9779,2026-03-01,2025-26,Man United,Crystal Palace,2.0,1.0,13.2,5.0,13.0,1.2,1.4,13.8,4.0,7.0,H
9780,2026-03-01,2025-26,Arsenal,Chelsea,2.8,0.8,13.4,5.2,11.0,2.4,1.4,14.0,4.8,11.0,H
9781,2026-03-03,2025-26,Wolves,Liverpool,1.0,1.2,8.8,3.4,5.0,2.4,1.0,16.6,5.0,12.0,H
9782,2026-03-03,2025-26,Leeds,Sunderland,1.2,1.8,9.8,2.8,5.0,1.0,1.6,10.0,3.2,4.0,A
9783,2026-03-03,2025-26,Bournemouth,Brentford,1.2,0.6,14.2,5.4,9.0,1.8,1.6,11.6,4.0,10.0,D
9784,2026-03-03,2025-26,Everton,Burnley,1.4,1.4,12.0,4.4,7.0,1.4,2.4,11.0,3.0,4.0,H
9785,2026-03-04,2025-26,Aston Villa,Chelsea,0.6,1.0,15.8,3.8,5.0,2.0,1.6,13.8,4.2,8.0,A
9786,2026-03-04,2025-26,Brighton,Arsenal,1.0,0.8,10.4,4.2,7.0,2.4,1.0,13.0,4.6,11.0,A
9787,2026-03-04,2025-26,Fulham,West Ham,1.6,2.0,14.2,4.0,6.0,1.4,1.8,11.0,4.0,5.0,A
9788,2026-03-04,2025-26,Man City,Nott'm Forest,2.0,0.8,14.8,5.4,13.0,0.6,1.4,18.2,4.6,2.0,D
9789,2026-03-04,2025-26,Newcastle,Man United,1.6,2.6,15.0,5.0,3.0,1.8,0.8,15.2,6.6,13.0,H
9790,2026-03-05,2025-26,Tottenham,Crystal Palace,1.0,2.4,10.8,3.0,1.0,1.2,1.2,12.8,3.2,7.0,A
9791,2026-03-14,2025-26,West Ham,Man City,1.2,1.2,10.6,3.4,8.0,2.0,0.8,16.0,6.2,13.0,D
9792,2026-03-14,2025-26,Chelsea,Newcastle,2.2,1.4,14.0,4.6,8.0,1.8,2.0,15.8,5.6,6.0,A
9793,2026-03-14,2025-26,Arsenal,Everton,2.0,1.0,11.2,4.0,11.0,1.6,1.2,13.4,4.6,9.0,H
9794,2026-03-14,2025-26,Sunderland,Brighton,0.6,1.6,7.8,2.4,4.0,0.8,0.8,10.4,4.4,6.0,A
9795,2026-03-14,2025-26,Burnley,Bournemouth,1.4,2.2,11.0,3.4,4.0,0.8,0.6,15.0,5.0,7.0,D
9796,2026-03-15,2025-26,Crystal Palace,Leeds,1.6,1.2,11.8,3.4,9.0,1.2,1.2,12.8,3.4,5.0,D
9797,2026-03-15,2025-26,Man United,Aston Villa,1.4,0.8,15.4,6.4,10.0,0.8,1.6,12.2,3.6,5.0,H
9798,2026-03-15,2025-26,Nott'm Forest,Fulham,0.8,1.6,18.2,5.2,2.0,1.2,1.6,14.0,3.8,6.0,D
9799,2026-03-15,2025-26,Liverpool,Tottenham,1.8,1.2,17.0,5.0,9.0,0.8,2.6,10.8,2.6,0.0,D
9800,2026-03-16,2025-26,Brentford,Wolves,1.6,1.6,11.4,4.0,8.0,1.2,0.8,7.4,3.4,8.0,D
9801,2026-03-20,2025-26,Bournemouth,Man United,0.6,0.4,15.4,3.8,7.0,1.6,1.0,14.0,5.6,10.0,D
9802,2026-03-21,2025-26,Leeds,Brentford,0.6,1.0,12.0,3.0,3.0,1.4,1.6,11.2,3.6,6.0,D
9803,2026-03-21,2025-26,Everton,Chelsea,1.2,1.4,12.0,4.6,6.0,1.6,1.4,15.4,4.0,5.0,H
9804,2026-03-21,2025-26,Brighton,Liverpool,1.0,0.6,11.4,4.8,9.0,1.8,1.0,17.4,5.0,10.0,H
9805,2026-03-21,2025-26,Fulham,Burnley,1.0,1.2,12.4,3.2,7.0,1.4,1.8,10.4,2.8,5.0,H
9806,2026-03-22,2025-26,Newcastle,Sunderland,1.6,1.4,14.0,5.8,9.0,0.6,1.2,9.6,2.6,4.0,A
9807,2026-03-22,2025-26,Aston Villa,West Ham,0.8,2.0,12.6,3.2,4.0,1.0,1.4,9.6,2.8,6.0,H
9808,2026-03-22,2025-26,Tottenham,Nott'm Forest,1.0,2.4,12.0,3.8,1.0,0.6,1.0,17.2,4.4,3.0,A
9809,2026-04-10,2025-26,West Ham,Wolves,0.8,1.6,10.0,2.4,5.0,1.6,1.2,8.6,3.6,8.0,H
9810,2026-04-11,2025-26,Liverpool,Fulham,1.8,1.4,15.2,5.4,7.0,1.6,0.8,14.0,3.8,10.0,H
9811,2026-04-11,2025-26,Burnley,Brighton,1.0,2.0,10.6,3.2,2.0,1.4,0.6,12.8,5.6,12.0,A
9812,2026-04-11,2025-26,Arsenal,Bournemouth,2.2,0.8,14.8,5.0,13.0,0.6,0.6,16.4,4.0,5.0,A
9813,2026-04-11,2025-26,Brentford,Everton,1.2,1.4,10.0,3.4,6.0,1.6,1.0,10.8,5.2,9.0,D
9814,2026-04-12,2025-26,Crystal Palace,Newcastle,1.4,1.2,12.8,2.6,7.0,1.4,1.6,13.0,5.6,6.0,H
9815,2026-04-12,2025-26,Nott'm Forest,Aston Villa,1.2,1.0,11.8,3.8,5.0,1.0,2.0,14.2,4.4,4.0,D
9816,2026-04-12,2025-26,Sunderland,Tottenham,1.0,1.2,10.8,3.6,7.0,0.8,2.6,11.6,4.0,1.0,H
9817,2026-04-12,2025-26,Chelsea,Man City,1.2,1.6,14.0,4.0,4.0,1.8,0.8,17.4,6.0,11.0,A
9818,2026-04-13,2025-26,Man United,Leeds,1.8,1.2,15.0,6.0,10.0,0.2,0.6,14.0,3.4,3.0,A
9819,2026-04-18,2025-26,Newcastle,Bournemouth,1.4,1.6,11.8,4.8,6.0,1.0,0.8,16.0,3.6,7.0,A
9820,2026-04-18,2025-26,Chelsea,Man United,1.0,2.0,14.0,4.2,3.0,1.8,1.6,16.8,7.2,7.0,A
9821,2026-04-18,2025-26,Tottenham,Brighton,0.6,2.0,12.6,4.4,1.0,1.4,0.6,13.2,5.4,12.0,D
9822,2026-04-18,2025-26,Leeds,Wolves,0.4,0.6,14.2,3.8,5.0,1.2,1.6,10.4,3.8,7.0,H
9823,2026-04-18,2025-26,Brentford,Fulham,1.6,1.4,10.8,3.6,7.0,1.0,1.0,15.4,3.8,7.0,D
9824,2026-04-19,2025-26,Aston Villa,Sunderland,1.0,2.0,13.4,4.6,4.0,1.0,0.6,11.0,3.6,10.0,H
9825,2026-04-19,2025-26,Everton,Liverpool,2.0,1.2,11.2,5.8,10.0,2.0,1.4,16.8,5.6,7.0,A
9826,2026-04-19,2025-26,Nott'm Forest,Burnley,1.4,1.0,11.2,4.2,6.0,0.8,2.2,10.2,3.4,1.0,H
9827,2026-04-19,2025-26,Man City,Arsenal,1.8,0.8,18.4,6.6,11.0,2.0,0.8,15.8,4.8,12.0,H
9828,2026-04-20,2025-26,Crystal Palace,West Ham,1.4,0.8,10.8,3.0,10.0,1.6,1.6,9.6,3.2,7.0,D
9829,2026-04-21,2025-26,Brighton,Chelsea,1.4,0.8,12.4,4.6,10.0,0.8,1.8,16.4,4.2,3.0,H
9830,2026-04-22,2025-26,Burnley,Man City,0.4,2.2,8.6,3.4,1.0,1.8,0.8,18.4,6.2,11.0,A
9831,2026-04-22,2025-26,Bournemouth,Leeds,1.2,0.8,14.2,3.2,9.0,1.0,0.4,14.8,4.6,8.0,D
9832,2026-04-24,2025-26,Sunderland,Nott'm Forest,1.4,1.2,11.4,4.2,9.0,2.0,0.8,10.6,4.2,9.0,A
9833,2026-04-25,2025-26,Fulham,Aston Villa,0.6,0.8,14.0,3.0,5.0,1.8,2.2,13.6,5.0,7.0,H
9834,2026-04-25,2025-26,Liverpool,Crystal Palace,1.4,1.2,16.0,5.4,7.0,1.2,0.8,9.8,2.6,8.0,H
9835,2026-04-25,2025-26,West Ham,Everton,1.2,0.6,9.2,3.2,8.0,1.6,1.2,11.4,5.6,7.0,H
9836,2026-04-25,2025-26,Wolves,Tottenham,1.2,2.0,9.4,2.8,7.0,0.8,2.0,12.6,5.4,2.0,A
9837,2026-04-25,2025-26,Arsenal,Newcastle,1.4,1.0,13.6,4.0,9.0,1.2,1.4,10.8,4.0,6.0,H
9838,2026-04-27,2025-26,Man United,Brentford,1.6,1.4,13.6,5.2,7.0,0.8,0.8,10.2,3.0,5.0,H
9839,2026-05-01,2025-26,Leeds,Burnley,1.4,0.6,13.2,4.4,9.0,0.4,2.0,9.4,3.2,1.0,H
9840,2026-05-02,2025-26,Arsenal,Fulham,1.2,0.8,13.4,3.8,9.0,0.8,0.6,14.0,3.2,8.0,H
9841,2026-05-02,2025-26,Wolves,Sunderland,0.8,2.2,9.8,2.8,4.0,1.2,2.2,13.6,4.8,6.0,D
9842,2026-05-02,2025-26,Newcastle,Brighton,0.8,1.4,11.0,3.6,3.0,2.0,0.6,13.2,5.8,13.0,H
9843,2026-05-02,2025-26,Brentford,West Ham,1.0,1.2,11.6,3.4,4.0,1.4,0.8,9.4,3.2,8.0,H
9844,2026-05-03,2025-26,Bournemouth,Crystal Palace,1.6,1.2,15.0,4.2,9.0,1.2,1.0,11.0,3.4,8.0,H
9845,2026-05-03,2025-26,Man United,Liverpool,1.8,1.2,13.0,5.4,10.0,1.8,1.0,14.0,4.6,10.0,H
9846,2026-05-03,2025-26,Aston Villa,Tottenham,1.6,1.6,13.8,4.4,7.0,0.8,1.4,12.4,5.0,5.0,A
9847,2026-05-04,2025-26,Chelsea,Nott'm Forest,0.0,2.2,14.6,2.6,0.0,2.6,0.4,10.8,4.6,11.0,A
9848,2026-05-04,2025-26,Everton,Man City,1.4,1.6,10.8,5.2,4.0,1.8,0.8,21.2,7.0,11.0,D
9849,2026-05-09,2025-26,Man City,Brentford,2.0,1.0,21.2,6.4,11.0,1.2,0.8,12.4,4.0,6.0,H
9850,2026-05-09,2025-26,Sunderland,Man United,1.4,2.2,12.8,4.4,7.0,1.8,1.4,13.4,5.4,10.0,D
9851,2026-05-09,2025-26,Liverpool,Chelsea,2.0,1.4,13.2,4.8,9.0,0.2,2.6,14.4,3.0,0.0,D
9852,2026-05-09,2025-26,Brighton,Wolves,2.0,1.2,13.4,5.8,10.0,0.6,2.2,13.0,3.6,2.0,H
9853,2026-05-09,2025-26,Fulham,Bournemouth,0.8,1.2,15.0,3.4,7.0,2.2,1.2,13.8,4.6,11.0,A
9854,2026-05-10,2025-26,Burnley,Aston Villa,0.6,2.6,8.2,3.4,0.0,1.6,1.4,13.0,4.2,7.0,D
9855,2026-05-10,2025-26,Crystal Palace,Everton,0.6,1.4,10.6,2.8,5.0,2.0,1.8,11.8,5.8,5.0,D
9856,2026-05-10,2025-26,Nott'm Forest,Newcastle,3.2,0.6,9.8,5.0,13.0,1.2,1.6,12.2,3.8,3.0,D
9857,2026-05-10,2025-26,West Ham,Arsenal,1.2,1.2,11.8,3.8,7.0,1.6,0.8,15.6,5.2,9.0,A
9858,2026-05-11,2025-26,Tottenham,Leeds,1.0,1.4,11.8,4.6,7.0,2.0,0.8,14.8,5.4,11.0,D
9859,2026-05-13,2025-26,Man City,Crystal Palace,2.4,0.8,21.4,7.2,13.0,1.0,1.8,12.4,4.4,5.0,H
9860,2026-05-15,2025-26,Aston Villa,Liverpool,1.6,1.8,12.0,4.2,5.0,2.0,1.2,12.4,4.4,10.0,H
9861,2026-05-17,2025-26,Newcastle,West Ham,1.2,1.4,12.2,4.2,4.0,1.2,1.0,11.8,4.2,7.0,H
9862,2026-05-17,2025-26,Man United,Nott'm Forest,1.4,1.0,12.8,4.6,10.0,2.8,0.8,11.6,4.8,11.0,H
9863,2026-05-17,2025-26,Brentford,Crystal Palace,1.2,1.4,12.0,4.0,5.0,0.6,2.2,11.4,3.8,2.0,D
9864,2026-05-17,2025-26,Everton,Sunderland,1.8,2.2,12.4,5.2,3.0,1.0,2.0,12.4,3.8,5.0,A
9865,2026-05-17,2025-26,Leeds,Brighton,2.2,1.0,14.2,5.4,11.0,2.2,1.0,13.0,5.6,10.0,H
9866,2026-05-17,2025-26,Wolves,Fulham,0.2,2.4,11.4,3.0,1.0,0.2,1.2,13.4,2.6,4.0,D
9867,2026-05-18,2025-26,Arsenal,Burnley,1.4,0.8,13.6,4.6,9.0,0.8,2.4,9.4,3.6,1.0,H
9868,2026-05-19,2025-26,Chelsea,Tottenham,0.4,2.2,13.2,2.8,1.0,1.2,1.0,12.2,4.6,8.0,H
9869,2026-05-19,2025-26,Bournemouth,Man City,2.0,0.8,12.6,4.6,13.0,2.4,0.8,20.8,6.4,13.0,D
9870,2026-05-24,2025-26,Nott'm Forest,Bournemouth,3.0,1.2,10.8,4.8,10.0,1.8,0.8,13.0,4.4,11.0,D
9871,2026-05-24,2025-26,Man City,Aston Villa,2.2,0.8,20.6,6.4,11.0,2.2,2.0,12.4,5.0,7.0,A
9872,2026-05-24,2025-26,Sunderland,Chelsea,1.4,2.2,11.2,4.0,5.0,0.8,1.8,12.6,3.0,4.0,H
9873,2026-05-24,2025-26,Liverpool,Brentford,2.0,2.0,12.0,4.4,7.0,1.2,1.4,11.4,3.8,5.0,D
9874,2026-05-24,2025-26,Tottenham,Everton,1.4,1.2,11.8,3.8,8.0,1.6,2.4,11.6,4.6,2.0,H
9875,2026-05-24,2025-26,Crystal Palace,Arsenal,1.0,2.6,12.8,4.6,2.0,1.4,0.4,13.2,4.6,12.0,A
9876,2026-05-24,2025-26,Burnley,Wolves,0.8,2.2,8.4,2.6,1.0,0.4,1.8,10.8,3.0,2.0,D
9877,2026-05-24,2025-26,Brighton,Man United,1.8,1.2,14.2,6.0,7.0,1.8,1.0,14.6,4.4,13.0,A
9878,2026-05-24,2025-26,Fulham,Newcastle,0.4,1.0,12.2,2.8,5.0,1.6,1.2,13.8,5.0,7.0,H
9879,2026-05-24,2025-26,West Ham,Leeds,0.6,1.6,11.2,4.4,4.0,2.0,0.8,12.6,4.4,11.0,H
